quantization,task_id,difficulty,task_type,condition,budget,repetition,seed,mock,predicted_answer,ground_truth,correct,final_text,reasoning_tokens,total_tokens,total_time_seconds,extensions_used,raw_reasoning,reasoning_stop,final_stop,reasoning_tokens_method,safety_limit_reached,extension_triggers,error_category_heuristic,raw_response
Q8_0,multi_step_sharpe_004,mehrstufig,multi_step_sharpe,B_free,,0,809300318,False,1.58,1.5823780743321973,True,"

To determine the **Sharpe Ratio**, we follow a two-step process: first, calculate the **annual return**, and then compute the **Sharpe Ratio** using the formula:

$$
\text{Sharpe Ratio} = \frac{\text{Annual Return} - \text{Risk-Free Rate}}{\text{Annualized Standard Deviation of Returns}}
$$

---

### **Step 1: Calculate the Annual Return**

Given:
- Beginning stock price = $140.88
- Ending stock price = $167.38
- No dividends paid

$$
\text{Annual Return} = \frac{\text{Ending Price} - \text{Beginning Price}}{\text{Beginning Price}} = \frac{167.38 - 140.88}{140.88} = \frac{26.5}{140.88}
$$

$$
\text{Annual Return} \approx 0.1881 \text{ or } 18.81\%
$$

---

### **Step 2: Calculate the Sharpe Ratio**

Given:
- Risk-free rate = 1.42% = 0.0142
- Annualized standard deviation = 10.99% = 0.1099

$$
\text{Sharpe Ratio} = \frac{0.1881 - 0.0142}{0.1099} = \frac{0.1739}{0.1099}
$$

$$
\text{Sharpe Ratio} \approx 1.5823
$$

Rounded to **two decimal places**, the Sharpe Ratio is:

$$
\text{Final Answer: } 1.58
$$",7529,7921,253.33328120000078,0,"Okay, let's tackle this problem step by step. First, I need to find the annual return of the stock. The stock price started at $140.88 and ended at $167.38. Since there were no dividends, the return should just be based on the price change. 

So, the formula for annual return is (Ending Price - Beginning Price) / Beginning Price. Let me plug in the numbers: (167.38 - 140.88) divided by 140.88. Let me calculate that. 

167.38 minus 140.88 is 26.5. Then, 26.5 divided by 140.88. Let me do that division. Hmm, 26.5 / 140.88. Let me approximate that. Maybe around 0.188 or 18.8%? Wait, let me do it more accurately. 

Let me compute 26.5 divided by 140.88. Let's see, 140.88 times 0.18 is 25.3584. That's close to 26.5. The difference is 26.5 - 25.3584 = 1.1416. So, 1.1416 divided by 140.88 is approximately 0.0081. So total return is approximately 0.18 + 0.0081 = 0.1881, or 18.81%. Let me check with a calculator approach. 

Alternatively, maybe I can do 26.5 / 140.88. Let me convert that to decimal. Let's divide numerator and denominator by, say, 10 to make it 2.65 / 14.088. Hmm, 14.088 goes into 2.65 how many times? Well, 14.088 * 0.18 is 2.53584. Subtract that from 2.65: 2.65 - 2.53584 = 0.11416. Then, 0.11416 / 14.088 ≈ 0.0081. So total is 0.18 + 0.0081 = 0.1881, which is 18.81%. So the annual return is approximately 18.81%.

Wait, let me verify with exact numbers. Let me compute 167.38 - 140.88 = 26.5. Then 26.5 divided by 140.88. Let me compute 26.5 / 140.88. Let me use decimal division. Let me write this as 26.5 ÷ 140.88. Since 140.88 is larger than 26.5, the result is less than 1. Let me multiply numerator and denominator by 100 to eliminate decimals: 2650 / 14088. Let me divide numerator and denominator by 2: 1325 / 7044. Let me do this division. 

Well, 7044 goes into 1325 zero times. Add a decimal point. 7044 goes into 13250 once (since 7044*1=7044). Subtract 7044 from 13250: 13250 - 7044 = 6206. Bring down a zero: 62060. 7044 goes into 62060 eight times (7044*8=56352). Subtract: 62060 - 56352 = 5708. Bring down a zero: 57080. 7044 goes into 57080 eight times again (7044*8=56352). Subtract: 57080 - 56352 = 728. Bring down a zero: 7280. 7044 goes into 7280 once. Subtract 7044 from 7280: 236. So so far, we have 0.1881... So approximately 0.1881, which is 18.81%. So the annual return is 18.81%.

Now, moving on to the Sharpe Ratio. The Sharpe Ratio is calculated as (Annual Return - Risk-Free Rate) divided by the Standard Deviation of Returns. 

Given that the annualized standard deviation is 10.99%, which is 0.1099 in decimal. The risk-free rate is 1.42%, which is 0.0142. 

So first, subtract the risk-free rate from the annual return: 18.81% - 1.42% = 17.39%. Then divide that by the standard deviation of 10.99%. 

So 17.39% divided by 10.99%. Let me compute that. 

First, converting percentages to decimals: 0.1739 / 0.1099. Let me compute that. 

Well, 0.1099 times 1.58 is approximately 0.1099 * 1.5 = 0.16485, and 0.1099 * 0.08 = 0.008792, so total 0.16485 + 0.008792 = 0.173642, which is approximately 0.1736. So 0.1739 / 0.1099 ≈ 1.58. Let me check with exact calculation. 

Let me write 0.1739 / 0.1099. Let me multiply numerator and denominator by 1000 to eliminate decimals: 173.9 / 109.9. Let me compute 173.9 ÷ 109.9. 

Well, 109.9 * 1.5 = 164.85. Subtract that from 173.9: 173.9 - 164.85 = 9.05. Now, 109.9 goes into 9.05 about 0.082 times (since 109.9 * 0.08 = 8.792). So total is 1.5 + 0.082 = 1.582. Therefore, the Sharpe Ratio is approximately 1.58. 

But let me verify with more precise calculation. Let me use decimal division. 

Let me take 0.1739 divided by 0.1099. Let me write this as 0.1739 / 0.1099 ≈ ?

Alternatively, using calculator-like steps. Let me consider that 0.1099 * 1.58 = ?

0.1099 * 1.5 = 0.16485

0.1099 * 0.08 = 0.008792

Adding those gives 0.16485 + 0.008792 = 0.173642. Which is very close to 0.1739. The difference is 0.1739 - 0.173642 = 0.000258. So to find how much more than 1.58, we can do 0.000258 / 0.1099 ≈ 0.00235. So total Sharpe Ratio is approximately 1.58 + 0.00235 ≈ 1.58235. So approximately 1.582. 

So rounding to two decimal places, it would be 1.58. But perhaps the question expects more precise decimal places? Let me check if my initial return calculation was precise. 

Wait, earlier I calculated the return as approximately 18.81%, but let me check the exact value. 

Original calculation: (167.38 - 140.88)/140.88 = 26.5 / 140.88. Let me compute this exactly. 

26.5 divided by 140.88. Let me use a calculator approach here. 

Let me compute 26.5 / 140.88. Let me convert this to decimal. 

First, note that 140.88 × 0.18 = 25.3584 

Subtract that from 26.5: 26.5 - 25.3584 = 1.1416 

Now, 1.1416 / 140.88 = ?

Let me compute that. 

1.1416 / 140.88 ≈ 0.0081 (since 140.88 × 0.008 = 1.12704, which is very close to 1.1416). The difference is 1.1416 - 1.12704 = 0.01456. 

So 0.01456 / 140.88 ≈ 0.000103. 

So total return is 0.18 + 0.008 + 0.000103 ≈ 0.188103, which is 18.8103%. So approximately 18.81%. 

So using that exact return of 18.8103%, then the Sharpe Ratio is (18.8103% - 1.42%) / 10.99% = 17.3903% / 10.99% ≈ 1.582. 

So if we carry more decimal places, maybe it's 1.582. But depending on rounding during the steps, the answer could vary slightly. Let me check if the question requires rounding. 

The problem says to calculate the Sharpe Ratio after calculating the annual return. Let me make sure I used the exact numbers. 

Annual Return: (167.38 - 140.88)/140.88 = 26.5 / 140.88. Let me compute that more accurately. 

26.5 ÷ 140.88. Let me use decimal division. Let me write this as 26.5 ÷ 140.88. 

Let me multiply numerator and denominator by 100 to get rid of decimals: 2650 ÷ 14088. 

Now, let me perform the division. 

14088 ) 2650.0000...

Since 14088 is larger than 2650, we write it as 0. and proceed. 

14088 goes into 26500 once (1*14088=14088). Subtract: 26500 - 14088 = 12412. Bring down a 0: 124120. 

14088 goes into 124120 eight times (8*14088=112704). Subtract: 124120 - 112704 = 11416. Bring down a 0: 114160. 

14088 goes into 114160 eight times again (8*14088=112704). Subtract: 114160 - 112704 = 1456. Bring down a 0: 14560. 

14088 goes into 14560 once (1*14088=14088). Subtract: 14560 - 14088 = 472. Bring down a 0: 4720. 

14088 goes into 4720 zero times. Bring down a 0: 47200. 

14088 goes into 47200 three times (3*14088=42264). Subtract: 47200 - 42264 = 4936. 

So putting this all together: 0.1881... So the decimal is approximately 0.1881, which is 18.81% as before. 

So the annual return is 18.81%. 

Now, the Sharpe Ratio: (18.81% - 1.42%) / 10.99% = 17.39% / 10.99%. 

Convert to decimals: 0.1739 / 0.1099 ≈ 1.582. 

Let me compute this division more accurately. 

Let me write 0.1739 ÷ 0.1099. 

Multiply numerator and denominator by 10000 to eliminate decimals: 1739 / 1099. 

Now compute 1739 ÷ 1099. 

Well, 1099 * 1.5 = 1648.5 

Subtract that from 1739: 1739 - 1648.5 = 90.5 

Now, 1099 goes into 90.5 approximately 0.0823 times (since 1099 * 0.08 = 87.92, and 1099 * 0.0823 ≈ 90.5). 

So total is 1.5 + 0.0823 = 1.5823. 

Therefore, the Sharpe Ratio is approximately 1.5823. Depending on rounding, it could be 1.58 or 1.582. 

The question says to calculate the Sharpe Ratio. The answer should be in decimal form, probably rounded to two decimal places, but maybe to three. Let me check the original numbers. 

The annual return was calculated as approximately 18.81%, which is two decimal places. The standard deviation is 10.99%, which is two decimal places. The risk-free rate is 1.42%, also two decimal places. 

So, when computing the Sharpe Ratio, perhaps we need to carry more precision. Let me use more exact values. 

Let me recast the numbers with more precision. 

Annual Return: (167.38 - 140.88)/140.88 = 26.5 / 140.88 = let's compute this as a decimal. 

Let me compute 26.5 / 140.88. Let me use a calculator-like approach. 

Dividing 26.5 by 140.88. Let me approximate this as follows: 

First, note that 140.88 × 0.18 = 25.3584 

Difference: 26.5 - 25.3584 = 1.1416 

Now, 1.1416 / 140.88 = ?

Let me compute that. 

Let me divide numerator and denominator by 1.1416: 

Wait, perhaps better to think of it as 1.1416 / 140.88 = x 

Let me multiply numerator and denominator by 1000 to get 1141.6 / 140880 

Simplify by dividing numerator and denominator by 8: 142.7 / 17610 

Hmm, not helpful. Maybe approximate as 1.1416 / 140.88 ≈ 0.0081 (as before). 

But to get more precise, let me use the fact that 140.88 × 0.008 = 1.12704 

So 1.1416 - 1.12704 = 0.01456 

So that's 0.01456 / 140.88 = 0.0001033 

Therefore, total is 0.18 + 0.008 + 0.0001033 = 0.1881033, so 18.81033%. 

So the annual return is approximately 18.81033%. 

Then, subtracting the risk-free rate: 18.81033% - 1.42% = 17.39033% 

Now, divide by the standard deviation of 10.99%: 

17.39033% / 10.99% = 1.5823... 

So approximately 1.5823. 

If we round to two decimal places, it's 1.58. If three decimal places, 1.582. 

But the question doesn't specify the number of decimal places. However, in financial contexts, Sharpe Ratios are often reported to two decimal places. 

But let me check if there's any instruction on rounding. The problem says to provide the final answer as a number, but doesn't specify. Given that the original numbers have two decimal places for the standard deviation and risk-free rate, and the return was calculated as 18.81%, which is two decimal places. 

But when calculating the Sharpe Ratio, using exact numbers, it's 17.39033 / 10.99 = let's compute that. 

Let me compute 17.39033 divided by 10.99. 

First, 10.99 × 1.5 = 16.485 

Subtract that from 17.39033: 17.39033 - 16.485 = 0.90533 

Now, 10.99 × 0.08 = 0.8792 

Subtract that: 0.90533 - 0.8792 = 0.02613 

Now, 10.99 × 0.00237 ≈ 0.0261 (since 10.99 × 0.002 = 0.02198; 10.99 × 0.00037 ≈ 0.004066). Adding those gives ≈ 0.02198 + 0.004066 ≈ 0.026046. 

So total is 1.5 + 0.08 + 0.00237 ≈ 1.58237. 

Therefore, the Sharpe Ratio is approximately 1.5824. 

Depending on rounding conventions, this could be 1.58, 1.582, or 1.5824. 

But since the problem didn't specify, and given that the initial return was calculated to two decimal places (18.81%), and the standard deviation is given as 10.99% (two decimal places), the Sharpe Ratio should be calculated with sufficient precision. 

But perhaps I should carry out the exact calculation using the precise numbers. 

Let me compute the annual return as (167.38 - 140.88)/140.88. 

Let me compute that exactly. 

167.38 - 140.88 = 26.5 

26.5 / 140.88 = let's compute this as a decimal. 

Let me use cross multiplication. Let me write 26.5 / 140.88 = x 

Multiply numerator and denominator by 100: 2650 / 14088 

Simplify this fraction. Let me see if there's a common divisor. 

Divide numerator and denominator by 2: 1325 / 7044 

Check if 1325 and 7044 have common factors. 

1325 factors: 5 × 265 = 5 × 5 × 53 

7044: Let's divide by 2: 3522, again by 2: 1761. 1761 ÷ 3 = 587. 587 is a prime number (I think). 

So 7044 = 2² × 3 × 587 

1325 = 5² × 53 

No common factors, so the fraction is 1325/7044 ≈ 0.1881 

So the annual return is 0.1881, or 18.81%. 

Then, Sharpe Ratio: (0.1881 - 0.0142) / 0.1099 

Calculate numerator: 0.1881 - 0.0142 = 0.1739 

Then, 0.1739 / 0.1099 = let me compute this division. 

Let me write this as 0.1739 ÷ 0.1099. 

Let me multiply numerator and denominator by 10000: 1739 ÷ 1099 ≈ 1.582. 

So, the Sharpe Ratio is approximately 1.582. 

If I round to three decimal places, it's 1.582. If to two, 1.58. 

But perhaps the exact answer requires more precise calculation. Let me use a calculator-like approach. 

Using a calculator, 0.1739 divided by 0.1099 equals approximately 1.5823. 

So, depending on the required precision, it could be 1.58 or 1.582. 

In many cases, Sharpe Ratios are reported to two decimal places, so 1.58. However, if more precision is needed, it's 1.582. 

But let me check if there's any instruction about rounding. The problem says to provide the final answer as a number. Since the question provides the standard deviation as 10.99% (two decimal places), and the risk-free rate as 1.42% (two decimal places), and the return is 18.81% (two decimal places), then the Sharpe Ratio calculation would be (17.39% / 10.99%) which is 1.582... So if we carry out the division with the exact numbers, it's approximately 1.582. 

But to be precise, let me use more exact decimal places. 

Let me write the exact numbers: 

Annual Return: 26.5 / 140.88 = let's compute this with more precision. 

Let me use a calculator method. 

Let me consider that 140.88 × 0.188 = 140.88 × 0.1 + 140.88 × 0.08 + 140.88 × 0.008 

= 14.088 + 11.2704 + 1.12704 = 14.088 + 11.2704 = 25.3584 + 1.12704 = 26.48544 

So 0.188 gives 26.48544, which is slightly less than 26.5. 

The difference is 26.5 - 26.48544 = 0.01456. 

So, how much more do we need to add to 0.188 to get the remaining 0.01456? 

Let me compute 0.01456 / 140.88 = 0.0001033. 

So the exact return is 0.188 + 0.0001033 = 0.1881033, which is 18.81033%. 

Therefore, the exact numerator for the Sharpe Ratio is 18.81033% - 1.42% = 17.39033%. 

Now, divide this by 10.99%: 

17.39033 / 10.99 = let me compute this. 

Let me write this as 17.39033 ÷ 10.99. 

First, 10.99 × 1.5 = 16.485 

Subtract from 17.39033: 17.39033 - 16.485 = 0.90533 

Now, 10.99 × 0.08 = 0.8792 

Subtract: 0.90533 - 0.8792 = 0.02613 

Now, 10.99 × 0.00237 = let's calculate: 10.99 × 0.002 = 0.02198, 10.99 × 0.00037 = 0.0040663. Total is 0.02198 + 0.0040663 ≈ 0.0260463. 

Which is very close to 0.02613. The difference is 0.02613 - 0.0260463 = 0.0000837. 

So, adding that, the total multiplier is 1.5 + 0.08 + 0.00237 + (0.0000837 / 10.99). 

The last term is negligible, approximately 0.0000076. So total Sharpe Ratio is approximately 1.58237. 

Therefore, the Sharpe Ratio is approximately 1.5824. 

If we round to three decimal places, it's 1.582. If to two, 1.58. 

But since the original data has two decimal places, it's possible that the expected answer is two decimal places. However, sometimes Sharpe Ratios are presented with more decimals. 

Alternatively, maybe the question expects using the exact numbers without rounding intermediate steps. Let me check using exact fractions. 

Annual Return: (167.38 - 140.88)/140.88 = 26.5 / 140.88 

Let me compute 26.5 / 140.88 exactly. 

Let me convert both numbers to fractions. 

26.5 is 53/2, and 140.88 is 14088/100. 

So, (53/2) / (14088/100) = (53/2) * (100/14088) = (53 * 100) / (2 * 14088) = 5300 / 28176 

Simplify this fraction. Divide numerator and denominator by 4: 1325 / 7044, which is the same as before. 

So the exact annual return is 1325/7044 ≈ 0.1881. 

Then, subtract the risk-free rate: 0.1881 - 0.0142 = 0.1739 

Divide by standard deviation 0.1099: 0.1739 / 0.1099 ≈ 1.582. 

So, given that, I think the correct Sharpe Ratio is approximately 1.58 when rounded to two decimal places. However, if more precision is required, it's 1.582. 

But let me check if there's a standard practice. In finance, Sharpe Ratios are often reported to two decimal places. Therefore, 1.58 is likely the expected answer. 

Alternatively, maybe the question expects using the precise numbers without rounding the return. Let me recalculate using exact numbers. 

If the annual return is exactly 26.5 / 140.88, which is approximately 0.1881033, then subtract 0.0142 gives 0.1739033. Divide by 0.1099 gives 0.1739033 / 0.1099 ≈ 1.5823. 

So, if I carry out this division with more precision, it's approximately 1.5823. 

But if the question requires rounding to two decimal places, it would be 1.58. If three, 1.582. 

Since the problem didn't specify, but in most cases, two decimal places are standard. So I think the answer is 1.58. 

But to verify, let me check with the exact numbers using calculator-like computation. 

Let me use decimal division for 0.1739 / 0.1099. 

Let me write this as 0.1739 ÷ 0.1099. 

Let me multiply numerator and denominator by 10000 to get 1739 ÷ 1099. 

Now, perform the division of 1739 by 1099. 

1099 goes into 1739 once (1), subtract 1099 from 1739: 1739 - 1099 = 640. Bring down a 0: 6400. 

1099 goes into 6400 five times (5*1099=5495). Subtract: 6400 - 5495 = 905. Bring down a 0: 9050. 

1099 goes into 9050 eight times (8*1099=8792). Subtract: 9050 - 8792 = 258. Bring down a 0: 2580. 

1099 goes into 2580 two times (2*1099=2198). Subtract: 2580 - 2198 = 382. Bring down a 0: 3820. 

1099 goes into 3820 three times (3*1099=3297). Subtract: 3820 - 3297 = 523. Bring down a 0: 5230. 

1099 goes into 5230 four times (4*1099=4396). Subtract: 5230 - 4396 = 834. Bring down a 0: 8340. 

1099 goes into 8340 seven times (7*1099=7693). Subtract: 8340 - 7693 = 647. 

So the division is 1.5823... So after the decimal, we have 1.5823... 

So the Sharpe Ratio is approximately 1.5823. 

If we round to two decimal places, it's 1.58. If three, 1.582. Since the problem didn't specify, but given that the initial return and standard deviation are given to two decimal places, it's safer to go with two decimal places. 

Therefore, the Sharpe Ratio is 1.58. 

Final Answer: 1.58
",word,eos,retokenized,False,,,"Okay, let's tackle this problem step by step. First, I need to find the annual return of the stock. The stock price started at $140.88 and ended at $167.38. Since there were no dividends, the return should just be based on the price change. 

So, the formula for annual return is (Ending Price - Beginning Price) / Beginning Price. Let me plug in the numbers: (167.38 - 140.88) divided by 140.88. Let me calculate that. 

167.38 minus 140.88 is 26.5. Then, 26.5 divided by 140.88. Let me do that division. Hmm, 26.5 / 140.88. Let me approximate that. Maybe around 0.188 or 18.8%? Wait, let me do it more accurately. 

Let me compute 26.5 divided by 140.88. Let's see, 140.88 times 0.18 is 25.3584. That's close to 26.5. The difference is 26.5 - 25.3584 = 1.1416. So, 1.1416 divided by 140.88 is approximately 0.0081. So total return is approximately 0.18 + 0.0081 = 0.1881, or 18.81%. Let me check with a calculator approach. 

Alternatively, maybe I can do 26.5 / 140.88. Let me convert that to decimal. Let's divide numerator and denominator by, say, 10 to make it 2.65 / 14.088. Hmm, 14.088 goes into 2.65 how many times? Well, 14.088 * 0.18 is 2.53584. Subtract that from 2.65: 2.65 - 2.53584 = 0.11416. Then, 0.11416 / 14.088 ≈ 0.0081. So total is 0.18 + 0.0081 = 0.1881, which is 18.81%. So the annual return is approximately 18.81%.

Wait, let me verify with exact numbers. Let me compute 167.38 - 140.88 = 26.5. Then 26.5 divided by 140.88. Let me compute 26.5 / 140.88. Let me use decimal division. Let me write this as 26.5 ÷ 140.88. Since 140.88 is larger than 26.5, the result is less than 1. Let me multiply numerator and denominator by 100 to eliminate decimals: 2650 / 14088. Let me divide numerator and denominator by 2: 1325 / 7044. Let me do this division. 

Well, 7044 goes into 1325 zero times. Add a decimal point. 7044 goes into 13250 once (since 7044*1=7044). Subtract 7044 from 13250: 13250 - 7044 = 6206. Bring down a zero: 62060. 7044 goes into 62060 eight times (7044*8=56352). Subtract: 62060 - 56352 = 5708. Bring down a zero: 57080. 7044 goes into 57080 eight times again (7044*8=56352). Subtract: 57080 - 56352 = 728. Bring down a zero: 7280. 7044 goes into 7280 once. Subtract 7044 from 7280: 236. So so far, we have 0.1881... So approximately 0.1881, which is 18.81%. So the annual return is 18.81%.

Now, moving on to the Sharpe Ratio. The Sharpe Ratio is calculated as (Annual Return - Risk-Free Rate) divided by the Standard Deviation of Returns. 

Given that the annualized standard deviation is 10.99%, which is 0.1099 in decimal. The risk-free rate is 1.42%, which is 0.0142. 

So first, subtract the risk-free rate from the annual return: 18.81% - 1.42% = 17.39%. Then divide that by the standard deviation of 10.99%. 

So 17.39% divided by 10.99%. Let me compute that. 

First, converting percentages to decimals: 0.1739 / 0.1099. Let me compute that. 

Well, 0.1099 times 1.58 is approximately 0.1099 * 1.5 = 0.16485, and 0.1099 * 0.08 = 0.008792, so total 0.16485 + 0.008792 = 0.173642, which is approximately 0.1736. So 0.1739 / 0.1099 ≈ 1.58. Let me check with exact calculation. 

Let me write 0.1739 / 0.1099. Let me multiply numerator and denominator by 1000 to eliminate decimals: 173.9 / 109.9. Let me compute 173.9 ÷ 109.9. 

Well, 109.9 * 1.5 = 164.85. Subtract that from 173.9: 173.9 - 164.85 = 9.05. Now, 109.9 goes into 9.05 about 0.082 times (since 109.9 * 0.08 = 8.792). So total is 1.5 + 0.082 = 1.582. Therefore, the Sharpe Ratio is approximately 1.58. 

But let me verify with more precise calculation. Let me use decimal division. 

Let me take 0.1739 divided by 0.1099. Let me write this as 0.1739 / 0.1099 ≈ ?

Alternatively, using calculator-like steps. Let me consider that 0.1099 * 1.58 = ?

0.1099 * 1.5 = 0.16485

0.1099 * 0.08 = 0.008792

Adding those gives 0.16485 + 0.008792 = 0.173642. Which is very close to 0.1739. The difference is 0.1739 - 0.173642 = 0.000258. So to find how much more than 1.58, we can do 0.000258 / 0.1099 ≈ 0.00235. So total Sharpe Ratio is approximately 1.58 + 0.00235 ≈ 1.58235. So approximately 1.582. 

So rounding to two decimal places, it would be 1.58. But perhaps the question expects more precise decimal places? Let me check if my initial return calculation was precise. 

Wait, earlier I calculated the return as approximately 18.81%, but let me check the exact value. 

Original calculation: (167.38 - 140.88)/140.88 = 26.5 / 140.88. Let me compute this exactly. 

26.5 divided by 140.88. Let me use a calculator approach here. 

Let me compute 26.5 / 140.88. Let me convert this to decimal. 

First, note that 140.88 × 0.18 = 25.3584 

Subtract that from 26.5: 26.5 - 25.3584 = 1.1416 

Now, 1.1416 / 140.88 = ?

Let me compute that. 

1.1416 / 140.88 ≈ 0.0081 (since 140.88 × 0.008 = 1.12704, which is very close to 1.1416). The difference is 1.1416 - 1.12704 = 0.01456. 

So 0.01456 / 140.88 ≈ 0.000103. 

So total return is 0.18 + 0.008 + 0.000103 ≈ 0.188103, which is 18.8103%. So approximately 18.81%. 

So using that exact return of 18.8103%, then the Sharpe Ratio is (18.8103% - 1.42%) / 10.99% = 17.3903% / 10.99% ≈ 1.582. 

So if we carry more decimal places, maybe it's 1.582. But depending on rounding during the steps, the answer could vary slightly. Let me check if the question requires rounding. 

The problem says to calculate the Sharpe Ratio after calculating the annual return. Let me make sure I used the exact numbers. 

Annual Return: (167.38 - 140.88)/140.88 = 26.5 / 140.88. Let me compute that more accurately. 

26.5 ÷ 140.88. Let me use decimal division. Let me write this as 26.5 ÷ 140.88. 

Let me multiply numerator and denominator by 100 to get rid of decimals: 2650 ÷ 14088. 

Now, let me perform the division. 

14088 ) 2650.0000...

Since 14088 is larger than 2650, we write it as 0. and proceed. 

14088 goes into 26500 once (1*14088=14088). Subtract: 26500 - 14088 = 12412. Bring down a 0: 124120. 

14088 goes into 124120 eight times (8*14088=112704). Subtract: 124120 - 112704 = 11416. Bring down a 0: 114160. 

14088 goes into 114160 eight times again (8*14088=112704). Subtract: 114160 - 112704 = 1456. Bring down a 0: 14560. 

14088 goes into 14560 once (1*14088=14088). Subtract: 14560 - 14088 = 472. Bring down a 0: 4720. 

14088 goes into 4720 zero times. Bring down a 0: 47200. 

14088 goes into 47200 three times (3*14088=42264). Subtract: 47200 - 42264 = 4936. 

So putting this all together: 0.1881... So the decimal is approximately 0.1881, which is 18.81% as before. 

So the annual return is 18.81%. 

Now, the Sharpe Ratio: (18.81% - 1.42%) / 10.99% = 17.39% / 10.99%. 

Convert to decimals: 0.1739 / 0.1099 ≈ 1.582. 

Let me compute this division more accurately. 

Let me write 0.1739 ÷ 0.1099. 

Multiply numerator and denominator by 10000 to eliminate decimals: 1739 / 1099. 

Now compute 1739 ÷ 1099. 

Well, 1099 * 1.5 = 1648.5 

Subtract that from 1739: 1739 - 1648.5 = 90.5 

Now, 1099 goes into 90.5 approximately 0.0823 times (since 1099 * 0.08 = 87.92, and 1099 * 0.0823 ≈ 90.5). 

So total is 1.5 + 0.0823 = 1.5823. 

Therefore, the Sharpe Ratio is approximately 1.5823. Depending on rounding, it could be 1.58 or 1.582. 

The question says to calculate the Sharpe Ratio. The answer should be in decimal form, probably rounded to two decimal places, but maybe to three. Let me check the original numbers. 

The annual return was calculated as approximately 18.81%, which is two decimal places. The standard deviation is 10.99%, which is two decimal places. The risk-free rate is 1.42%, also two decimal places. 

So, when computing the Sharpe Ratio, perhaps we need to carry more precision. Let me use more exact values. 

Let me recast the numbers with more precision. 

Annual Return: (167.38 - 140.88)/140.88 = 26.5 / 140.88 = let's compute this as a decimal. 

Let me compute 26.5 / 140.88. Let me use a calculator-like approach. 

Dividing 26.5 by 140.88. Let me approximate this as follows: 

First, note that 140.88 × 0.18 = 25.3584 

Difference: 26.5 - 25.3584 = 1.1416 

Now, 1.1416 / 140.88 = ?

Let me compute that. 

Let me divide numerator and denominator by 1.1416: 

Wait, perhaps better to think of it as 1.1416 / 140.88 = x 

Let me multiply numerator and denominator by 1000 to get 1141.6 / 140880 

Simplify by dividing numerator and denominator by 8: 142.7 / 17610 

Hmm, not helpful. Maybe approximate as 1.1416 / 140.88 ≈ 0.0081 (as before). 

But to get more precise, let me use the fact that 140.88 × 0.008 = 1.12704 

So 1.1416 - 1.12704 = 0.01456 

So that's 0.01456 / 140.88 = 0.0001033 

Therefore, total is 0.18 + 0.008 + 0.0001033 = 0.1881033, so 18.81033%. 

So the annual return is approximately 18.81033%. 

Then, subtracting the risk-free rate: 18.81033% - 1.42% = 17.39033% 

Now, divide by the standard deviation of 10.99%: 

17.39033% / 10.99% = 1.5823... 

So approximately 1.5823. 

If we round to two decimal places, it's 1.58. If three decimal places, 1.582. 

But the question doesn't specify the number of decimal places. However, in financial contexts, Sharpe Ratios are often reported to two decimal places. 

But let me check if there's any instruction on rounding. The problem says to provide the final answer as a number, but doesn't specify. Given that the original numbers have two decimal places for the standard deviation and risk-free rate, and the return was calculated as 18.81%, which is two decimal places. 

But when calculating the Sharpe Ratio, using exact numbers, it's 17.39033 / 10.99 = let's compute that. 

Let me compute 17.39033 divided by 10.99. 

First, 10.99 × 1.5 = 16.485 

Subtract that from 17.39033: 17.39033 - 16.485 = 0.90533 

Now, 10.99 × 0.08 = 0.8792 

Subtract that: 0.90533 - 0.8792 = 0.02613 

Now, 10.99 × 0.00237 ≈ 0.0261 (since 10.99 × 0.002 = 0.02198; 10.99 × 0.00037 ≈ 0.004066). Adding those gives ≈ 0.02198 + 0.004066 ≈ 0.026046. 

So total is 1.5 + 0.08 + 0.00237 ≈ 1.58237. 

Therefore, the Sharpe Ratio is approximately 1.5824. 

Depending on rounding conventions, this could be 1.58, 1.582, or 1.5824. 

But since the problem didn't specify, and given that the initial return was calculated to two decimal places (18.81%), and the standard deviation is given as 10.99% (two decimal places), the Sharpe Ratio should be calculated with sufficient precision. 

But perhaps I should carry out the exact calculation using the precise numbers. 

Let me compute the annual return as (167.38 - 140.88)/140.88. 

Let me compute that exactly. 

167.38 - 140.88 = 26.5 

26.5 / 140.88 = let's compute this as a decimal. 

Let me use cross multiplication. Let me write 26.5 / 140.88 = x 

Multiply numerator and denominator by 100: 2650 / 14088 

Simplify this fraction. Let me see if there's a common divisor. 

Divide numerator and denominator by 2: 1325 / 7044 

Check if 1325 and 7044 have common factors. 

1325 factors: 5 × 265 = 5 × 5 × 53 

7044: Let's divide by 2: 3522, again by 2: 1761. 1761 ÷ 3 = 587. 587 is a prime number (I think). 

So 7044 = 2² × 3 × 587 

1325 = 5² × 53 

No common factors, so the fraction is 1325/7044 ≈ 0.1881 

So the annual return is 0.1881, or 18.81%. 

Then, Sharpe Ratio: (0.1881 - 0.0142) / 0.1099 

Calculate numerator: 0.1881 - 0.0142 = 0.1739 

Then, 0.1739 / 0.1099 = let me compute this division. 

Let me write this as 0.1739 ÷ 0.1099. 

Let me multiply numerator and denominator by 10000: 1739 ÷ 1099 ≈ 1.582. 

So, the Sharpe Ratio is approximately 1.582. 

If I round to three decimal places, it's 1.582. If to two, 1.58. 

But perhaps the exact answer requires more precise calculation. Let me use a calculator-like approach. 

Using a calculator, 0.1739 divided by 0.1099 equals approximately 1.5823. 

So, depending on the required precision, it could be 1.58 or 1.582. 

In many cases, Sharpe Ratios are reported to two decimal places, so 1.58. However, if more precision is needed, it's 1.582. 

But let me check if there's any instruction about rounding. The problem says to provide the final answer as a number. Since the question provides the standard deviation as 10.99% (two decimal places), and the risk-free rate as 1.42% (two decimal places), and the return is 18.81% (two decimal places), then the Sharpe Ratio calculation would be (17.39% / 10.99%) which is 1.582... So if we carry out the division with the exact numbers, it's approximately 1.582. 

But to be precise, let me use more exact decimal places. 

Let me write the exact numbers: 

Annual Return: 26.5 / 140.88 = let's compute this with more precision. 

Let me use a calculator method. 

Let me consider that 140.88 × 0.188 = 140.88 × 0.1 + 140.88 × 0.08 + 140.88 × 0.008 

= 14.088 + 11.2704 + 1.12704 = 14.088 + 11.2704 = 25.3584 + 1.12704 = 26.48544 

So 0.188 gives 26.48544, which is slightly less than 26.5. 

The difference is 26.5 - 26.48544 = 0.01456. 

So, how much more do we need to add to 0.188 to get the remaining 0.01456? 

Let me compute 0.01456 / 140.88 = 0.0001033. 

So the exact return is 0.188 + 0.0001033 = 0.1881033, which is 18.81033%. 

Therefore, the exact numerator for the Sharpe Ratio is 18.81033% - 1.42% = 17.39033%. 

Now, divide this by 10.99%: 

17.39033 / 10.99 = let me compute this. 

Let me write this as 17.39033 ÷ 10.99. 

First, 10.99 × 1.5 = 16.485 

Subtract from 17.39033: 17.39033 - 16.485 = 0.90533 

Now, 10.99 × 0.08 = 0.8792 

Subtract: 0.90533 - 0.8792 = 0.02613 

Now, 10.99 × 0.00237 = let's calculate: 10.99 × 0.002 = 0.02198, 10.99 × 0.00037 = 0.0040663. Total is 0.02198 + 0.0040663 ≈ 0.0260463. 

Which is very close to 0.02613. The difference is 0.02613 - 0.0260463 = 0.0000837. 

So, adding that, the total multiplier is 1.5 + 0.08 + 0.00237 + (0.0000837 / 10.99). 

The last term is negligible, approximately 0.0000076. So total Sharpe Ratio is approximately 1.58237. 

Therefore, the Sharpe Ratio is approximately 1.5824. 

If we round to three decimal places, it's 1.582. If to two, 1.58. 

But since the original data has two decimal places, it's possible that the expected answer is two decimal places. However, sometimes Sharpe Ratios are presented with more decimals. 

Alternatively, maybe the question expects using the exact numbers without rounding intermediate steps. Let me check using exact fractions. 

Annual Return: (167.38 - 140.88)/140.88 = 26.5 / 140.88 

Let me compute 26.5 / 140.88 exactly. 

Let me convert both numbers to fractions. 

26.5 is 53/2, and 140.88 is 14088/100. 

So, (53/2) / (14088/100) = (53/2) * (100/14088) = (53 * 100) / (2 * 14088) = 5300 / 28176 

Simplify this fraction. Divide numerator and denominator by 4: 1325 / 7044, which is the same as before. 

So the exact annual return is 1325/7044 ≈ 0.1881. 

Then, subtract the risk-free rate: 0.1881 - 0.0142 = 0.1739 

Divide by standard deviation 0.1099: 0.1739 / 0.1099 ≈ 1.582. 

So, given that, I think the correct Sharpe Ratio is approximately 1.58 when rounded to two decimal places. However, if more precision is required, it's 1.582. 

But let me check if there's a standard practice. In finance, Sharpe Ratios are often reported to two decimal places. Therefore, 1.58 is likely the expected answer. 

Alternatively, maybe the question expects using the precise numbers without rounding the return. Let me recalculate using exact numbers. 

If the annual return is exactly 26.5 / 140.88, which is approximately 0.1881033, then subtract 0.0142 gives 0.1739033. Divide by 0.1099 gives 0.1739033 / 0.1099 ≈ 1.5823. 

So, if I carry out this division with more precision, it's approximately 1.5823. 

But if the question requires rounding to two decimal places, it would be 1.58. If three, 1.582. 

Since the problem didn't specify, but in most cases, two decimal places are standard. So I think the answer is 1.58. 

But to verify, let me check with the exact numbers using calculator-like computation. 

Let me use decimal division for 0.1739 / 0.1099. 

Let me write this as 0.1739 ÷ 0.1099. 

Let me multiply numerator and denominator by 10000 to get 1739 ÷ 1099. 

Now, perform the division of 1739 by 1099. 

1099 goes into 1739 once (1), subtract 1099 from 1739: 1739 - 1099 = 640. Bring down a 0: 6400. 

1099 goes into 6400 five times (5*1099=5495). Subtract: 6400 - 5495 = 905. Bring down a 0: 9050. 

1099 goes into 9050 eight times (8*1099=8792). Subtract: 9050 - 8792 = 258. Bring down a 0: 2580. 

1099 goes into 2580 two times (2*1099=2198). Subtract: 2580 - 2198 = 382. Bring down a 0: 3820. 

1099 goes into 3820 three times (3*1099=3297). Subtract: 3820 - 3297 = 523. Bring down a 0: 5230. 

1099 goes into 5230 four times (4*1099=4396). Subtract: 5230 - 4396 = 834. Bring down a 0: 8340. 

1099 goes into 8340 seven times (7*1099=7693). Subtract: 8340 - 7693 = 647. 

So the division is 1.5823... So after the decimal, we have 1.5823... 

So the Sharpe Ratio is approximately 1.5823. 

If we round to two decimal places, it's 1.58. If three, 1.582. Since the problem didn't specify, but given that the initial return and standard deviation are given to two decimal places, it's safer to go with two decimal places. 

Therefore, the Sharpe Ratio is 1.58. 

Final Answer: 1.58

---FINAL---


To determine the **Sharpe Ratio**, we follow a two-step process: first, calculate the **annual return**, and then compute the **Sharpe Ratio** using the formula:

$$
\text{Sharpe Ratio} = \frac{\text{Annual Return} - \text{Risk-Free Rate}}{\text{Annualized Standard Deviation of Returns}}
$$

---

### **Step 1: Calculate the Annual Return**

Given:
- Beginning stock price = $140.88
- Ending stock price = $167.38
- No dividends paid

$$
\text{Annual Return} = \frac{\text{Ending Price} - \text{Beginning Price}}{\text{Beginning Price}} = \frac{167.38 - 140.88}{140.88} = \frac{26.5}{140.88}
$$

$$
\text{Annual Return} \approx 0.1881 \text{ or } 18.81\%
$$

---

### **Step 2: Calculate the Sharpe Ratio**

Given:
- Risk-free rate = 1.42% = 0.0142
- Annualized standard deviation = 10.99% = 0.1099

$$
\text{Sharpe Ratio} = \frac{0.1881 - 0.0142}{0.1099} = \frac{0.1739}{0.1099}
$$

$$
\text{Sharpe Ratio} \approx 1.5823
$$

Rounded to **two decimal places**, the Sharpe Ratio is:

$$
\text{Final Answer: } 1.58
$$"
Q8_0,sharpe_ratio_001,einfach,sharpe_ratio,B_free,,0,1802286640,False,0.303,0.3031,True,"

To calculate the **Sharpe Ratio**, we use the following formula:

$$
\text{Sharpe Ratio} = \frac{R_p - R_f}{\sigma_p}
$$

Where:
- $ R_p $ is the portfolio's expected annual return (10.40%),
- $ R_f $ is the risk-free rate (2.96%),
- $ \sigma_p $ is the portfolio's standard deviation (24.55%).

---

### Step 1: Compute the Excess Return

$$
R_p - R_f = 10.40\% - 2.96\% = 7.44\%
$$

---

### Step 2: Convert Percentages to Decimals

$$
\text{Excess Return} = 7.44\% = 0.0744 \\
\text{Standard Deviation} = 24.55\% = 0.2455
$$

---

### Step 3: Divide Excess Return by Standard Deviation

$$
\text{Sharpe Ratio} = \frac{0.0744}{0.2455} \approx 0.3031
$$

Rounding to **three decimal places**, we get:

$$
\text{Sharpe Ratio} \approx 0.303
$$

---

### Final Answer:
Final Answer: 0.303",7048,7359,234.09837419999985,0,"Okay, let me try to figure out how to calculate the Sharpe Ratio for this portfolio. Hmm, I remember the Sharpe Ratio is a measure of risk-adjusted return. It compares the excess return of a portfolio over the risk-free rate to its standard deviation. So, the formula should be something like (Expected Return - Risk-Free Rate) divided by the Standard Deviation. Let me confirm that.

Right, the formula is Sharpe Ratio = (R_p - R_f) / σ_p, where R_p is the portfolio return, R_f is the risk-free rate, and σ_p is the standard deviation of the portfolio's excess return. Wait, but do I need to annualize anything here? The problem states that all the numbers are annual, so I don't think I need to adjust anything else. 

Alright, let's plug in the numbers. The expected annual return is 10.40%, the risk-free rate is 2.96%, and the standard deviation is 24.55%. So first, subtract the risk-free rate from the portfolio return. That would be 10.40% minus 2.96%. Let me calculate that. 

10.40 minus 2.96 is... let's see, 10.40 - 2.96. Subtract 2 from 10.40, which gives 8.40, then subtract 0.96 more. So 8.40 - 0.96 equals 7.44. So the excess return is 7.44%. 

Now, divide that by the standard deviation of 24.55%. So 7.44 divided by 24.55. Let me do that division. Let me convert them to decimals first. 7.44% is 0.0744 and 24.55% is 0.2455. So 0.0744 divided by 0.2455. 

Hmm, let me compute that. Let me approximate. Let's see, 0.0744 divided by 0.2455. Maybe I can simplify this. Let me multiply numerator and denominator by 1000 to eliminate decimals. That gives 74.4 divided by 245.5. 

Alternatively, maybe I can use a calculator approach here. Let me think. Let me write it as 7.44 / 24.55. Let me do this division step by step. 

First, 24.55 goes into 7.44 how many times? Since 24.55 is larger than 7.44, it goes 0 times. So we add a decimal point. Let me consider 7.44 divided by 24.55. Let me multiply numerator and denominator by 100 to make it 744 / 2455. 

Alternatively, maybe I can approximate. Let me think of 24.55 times 0.3 is 7.365. Because 24.55 * 0.3 = 7.365. That's very close to 7.44. The difference between 7.44 and 7.365 is 0.075. So, 0.3 plus (0.075 / 24.55). Let me calculate 0.075 / 24.55. That's approximately 0.003. So total is approximately 0.3 + 0.003 = 0.303. So the Sharpe Ratio is approximately 0.303. 

But let me check with more precise calculation. Let me use a calculator method. Let me compute 7.44 divided by 24.55. 

Let me do this division. Let me write 7.44 ÷ 24.55. 

Let me convert this to 7.44 / 24.55 ≈ ?

Alternatively, maybe I can use fractions. Let me approximate 24.55 as 24.5 for simplicity. Then 7.44 / 24.5. Let me compute that. 

Well, 24.5 × 0.3 = 7.35. So again, similar to before. 7.44 - 7.35 = 0.09. So 0.09 / 24.5 ≈ 0.00367. So total is 0.3 + 0.00367 ≈ 0.30367. So approximately 0.3037. 

But since the original numbers have more decimal places, maybe I should be more precise. Let me use the exact numbers. 

Original excess return is 7.44% (which is 0.0744) and standard deviation is 24.55% (0.2455). So 0.0744 / 0.2455. Let me perform this division. 

Let me write it as 0.0744 ÷ 0.2455. Let me multiply numerator and denominator by 1000 to get rid of decimals: 74.4 / 245.5. 

Now, let me compute 74.4 ÷ 245.5. Let me see how many times 245.5 fits into 74.4. Since it's less than 1, we can write this as 0.3... Let me use decimal division. 

Alternatively, I can use the fact that 245.5 × 0.3 = 73.65. Then, subtract that from 74.4: 74.4 - 73.65 = 0.75. Bring down a zero (making it 7.50). Now, 245.5 goes into 7.50 approximately 0.03 times (since 245.5 × 0.03 = 7.365). Subtract that from 7.50: 7.50 - 7.365 = 0.135. Bring down another zero, making it 1.350. 245.5 goes into 1.350 about 0.0055 times. So adding up, we have 0.3 + 0.03 + 0.0055 ≈ 0.3355. Wait, that seems conflicting with my earlier estimate. Wait, maybe I messed up the decimal places. 

Wait, when I multiplied numerator and denominator by 1000, the original value was 74.4 / 245.5. Let me think again. 

Let me do this division properly. Let me set up 74.4 divided by 245.5. Since 245.5 is larger than 74.4, the result is less than 1. Let me express this as 74.4 / 245.5 = (74.4 / 245.5). Let me convert this to a decimal by multiplying numerator and denominator by 2 to eliminate the decimal in the denominator. Wait, 245.5 * 2 = 491. So 74.4 * 2 = 148.8. So now it's 148.8 / 491. 

Hmm, not sure if that helps. Alternatively, let me use an approximate decimal value. Let me use a calculator-like approach. Let me approximate 245.5 × 0.3 = 73.65. As before, 74.4 - 73.65 = 0.75. So 0.75 / 245.5 ≈ 0.00305. So total is 0.3 + 0.00305 ≈ 0.30305. So approximately 0.303. 

But earlier when I thought of 0.3 + 0.00367, I had around 0.3037. So maybe the exact value is approximately 0.303. Let me check with another method. 

Alternatively, using cross multiplication. Let me suppose that x = 0.0744 / 0.2455. Let me compute 0.0744 ÷ 0.2455. 

Let me note that 0.2455 is approximately 0.245. Let me compute 0.0744 / 0.245. 

Let me compute 0.0744 / 0.245. Multiply numerator and denominator by 1000: 74.4 / 245. Let me divide 74.4 by 245. 

Well, 245 × 0.3 = 73.5. So 74.4 - 73.5 = 0.9. So that's 0.3 + (0.9 / 245). 0.9 / 245 ≈ 0.00367. So total is approximately 0.30367. So about 0.3037. 

So, rounding to four decimal places, maybe 0.3037. But the question is, how precise should the answer be? The original numbers have two decimal places for percentages. Let me check the exact calculation. 

Alternatively, maybe I can use a calculator here. Wait, since I can't use a calculator, but I can do more precise steps. 

Let me take the exact numbers: 7.44 divided by 24.55. 

Let me write this as 7.44 / 24.55. 

Let me multiply numerator and denominator by 100 to get 744 / 2455. 

Now, let me perform the division of 744 by 2455. 

Let me note that 2455 × 0.3 = 736.5. So 744 - 736.5 = 7.5. 

So, 0.3 + (7.5 / 2455). 

Now, compute 7.5 / 2455. 

That's equal to 7.5 ÷ 2455. Let me compute this. 

Well, 2455 × 0.003 = 7.365. 

So, 7.5 - 7.365 = 0.135. 

So, 0.003 + (0.135 / 2455). 

0.135 / 2455 ≈ 0.000055. 

So total is approximately 0.3 + 0.003 + 0.000055 ≈ 0.303055. 

So approximately 0.3031. 

Therefore, the Sharpe Ratio is approximately 0.3031. 

But let me check if I did that correctly. 

Starting with 744 / 2455. 

First step: 2455 × 0.3 = 736.5. 

Subtract that from 744: 744 - 736.5 = 7.5. 

Now, 7.5 / 2455 = 0.003055... 

So total is 0.3 + 0.003055 ≈ 0.303055. 

So, approximately 0.3031. 

So, rounding to four decimal places, 0.3031. 

But maybe the question expects rounding to two decimal places? Or three? Let me check the original numbers. The expected return is 10.40% (two decimal places), standard deviation is 24.55% (two decimal places), risk-free rate is 2.96% (two decimal places). 

In financial calculations, Sharpe Ratios are often reported to two or three decimal places. However, the exact answer depends on precise calculation. 

But perhaps I should carry out the division more accurately. Let me try again. 

Let me write 7.44 divided by 24.55. 

Let me use the long division method. 

Divide 7.44 by 24.55. 

Since 24.55 goes into 7.44 zero times, we write 0. and proceed. 

Add a decimal point and some zeros: 7.440000...

Now, 24.55 goes into 74.4 (after multiplying numerator and denominator by 10) 3 times (since 24.55 × 3 = 73.65). 

Subtract 73.65 from 74.4, we get 0.75. Bring down a zero: 7.50. 

24.55 goes into 7.50 0 times. So we write 0. Next digit. Bring down another zero, making it 75.0. 

Wait, maybe I should adjust. Let me think again. 

Actually, after the first step, we had 7.44 divided by 24.55, which is 0.3... 

Wait, maybe I need to adjust the decimal places properly. 

Let me write it as 7.44 ÷ 24.55. 

Multiply numerator and denominator by 100 to eliminate decimals: 744 ÷ 2455. 

Now, perform the division of 744 by 2455. 

Since 2455 is larger than 744, we write it as 0. and proceed. 

Now, 2455 goes into 7440 (adding a decimal and a zero) 3 times because 2455 × 3 = 7365. 

Subtract 7365 from 7440: 7440 - 7365 = 75. 

Bring down a zero, making it 750. 

2455 goes into 750 0 times. Bring down another zero, making it 7500. 

Now, how many times does 2455 go into 7500? Let's see: 2455 × 3 = 7365. Subtract that from 7500: 7500 - 7365 = 135. 

Bring down a zero, making it 1350. 

2455 goes into 1350 0 times. Bring down another zero, making it 13500. 

Now, 2455 × 5 = 12275. Subtract that from 13500: 13500 - 12275 = 1225. 

Bring down a zero, making it 12250. 

2455 × 4 = 9820. Subtract from 12250: 12250 - 9820 = 2430. 

Bring down a zero, making it 24300. 

2455 × 9 = 22095. Subtract: 24300 - 22095 = 2205. 

At this point, we can see that the decimal is approximately 0.303... So putting it all together:

After the first division step, we had 0.3 (from the 3 in the first step), then 0.30 (from the next 0), then 0.303 (from the 3 in the third step), then 0.3030 (from the next 0), then 0.30305 (from the 5), etc. 

So the value is approximately 0.30305... So rounding to four decimal places, 0.3031. 

But perhaps the exact value is 0.3030... So depending on rounding, it could be 0.303 or 0.3031. 

But since the question asks for the Sharpe Ratio, and in practice, it's often rounded to two or three decimal places. Let me check with more precise calculation. 

Alternatively, maybe I can use fractions. Let me consider 7.44 / 24.55. 

Let me write this as (7.44 / 24.55). Let me multiply numerator and denominator by 100 to eliminate decimals: 744 / 2455. 

Now, let me see if this fraction can be simplified. Let's check if 744 and 2455 have a common factor. 

First, check if both are divisible by 2: 744 ÷ 2 = 372, 2455 ÷ 2 = 1227.5, which is not an integer. So no. 

Check divisibility by 3: 7+4+4=15, which is divisible by 3. 2+4+5+5=16, not divisible by 3. So no. 

Check divisibility by 5: 744 ends with 4, so no. 2455 ends with 5, so yes. But since 744 isn't divisible by 5, no common factors. 

So the fraction is 744/2455. 

To get a decimal value, let me perform the division more accurately. 

As above, we had 0.3030... So approximately 0.303. 

But let me check with another approach. Let me use the approximate decimal value. 

Let me take the exact numbers: 7.44 divided by 24.55. 

Let me use cross multiplication to estimate. 

Let me assume that x = 7.44 / 24.55. 

Let me approximate x ≈ 7.44 / 24.55 ≈ ?

Let me consider that 24.55 is approximately 24.5, and 7.44 is approximately 7.44. 

Let me compute 7.44 / 24.5. 

As before, 24.5 × 0.3 = 7.35. 

So 7.44 - 7.35 = 0.09. 

So x = 0.3 + 0.09 / 24.5. 

0.09 / 24.5 = 0.003673... 

So x ≈ 0.3 + 0.003673 = 0.303673. 

So approximately 0.3037. 

But since the original denominator was 24.55, which is slightly larger than 24.5, the actual value would be slightly less than 0.3037. 

So perhaps around 0.3035 or 0.3036. 

But given the previous long division steps, I had approximately 0.30305, which is about 0.3031. 

This discrepancy is due to the approximation in the denominator. 

To resolve this, perhaps I should accept that the exact value is approximately 0.303. 

But for precision, maybe I should carry out more decimal places. 

Alternatively, since the original numbers are given to two decimal places, maybe I should round the final answer to two or three decimal places. 

In financial contexts, the Sharpe Ratio is often reported with two decimal places. However, sometimes three are used. 

Let me check with the exact calculation using more precise steps. 

Let me consider that 7.44 / 24.55 = ?

Let me use the fact that 24.55 × 0.303 = ?

Calculate 24.55 × 0.3 = 7.365

24.55 × 0.003 = 0.07365

So total 0.3 + 0.003 = 0.303, and the product is 7.365 + 0.07365 = 7.43865. 

Compare that to the numerator 7.44. 

So 24.55 × 0.303 = 7.43865, which is very close to 7.44. 

The difference is 7.44 - 7.43865 = 0.00135. 

So, to find how much more than 0.303 is needed to get the remaining 0.00135. 

Let me denote the additional amount as y. 

So 24.55 × y = 0.00135 

Thus, y = 0.00135 / 24.55 ≈ 0.000055. 

Therefore, the total is approximately 0.303 + 0.000055 ≈ 0.303055. 

So, the Sharpe Ratio is approximately 0.3031. 

Rounded to four decimal places, that's 0.3031. 

If we round to three decimal places, it would be 0.303. 

If we round to two decimal places, it would be 0.30. 

But depending on conventions, sometimes more decimals are used. However, since the inputs are given to two decimal places, it's possible that the answer should be presented with two or three decimals. 

But the question doesn't specify, so I need to check if there's a standard. 

In most cases, the Sharpe Ratio is reported to two or three decimal places. For example, 0.30 or 0.303. 

But given that the calculation gives approximately 0.3031, which is about 0.303, it's reasonable to present it as 0.303. 

Alternatively, maybe the exact value is better calculated using exact fractions. 

Wait, perhaps I can calculate it as follows: 

Let me use the exact numbers. 

Excess return: 10.40% - 2.96% = 7.44% 

Standard deviation: 24.55% 

So Sharpe Ratio = 7.44 / 24.55 

Let me compute this using decimal values: 

7.44 divided by 24.55. 

Let me write this as 7.44 ÷ 24.55. 

Let me use a calculator-like approach. 

Let me note that 24.55 × 0.3 = 7.365 

As before, 7.44 - 7.365 = 0.075 

So, remaining is 0.075 / 24.55 ≈ 0.003055 

So total is 0.3 + 0.003055 ≈ 0.303055 

So, approximately 0.3031. 

Thus, the Sharpe Ratio is approximately 0.3031. 

If the question expects rounding to two decimal places, it would be 0.30. However, if three decimal places, it's 0.303. 

But since the original numbers have two decimal places for percentages, but the Sharpe Ratio is a ratio that can have more decimals, it's safer to present it with three or four decimal places. 

However, since the problem doesn't specify, perhaps I should present it to three decimal places. 

Alternatively, maybe the answer is expected to be in two decimal places. 

Wait, let me check an example. Suppose the excess return is 7.44% and standard deviation is 24.55%. 

If I calculate 7.44 / 24.55, let me do this on a calculator (pretending I have one). 

7.44 ÷ 24.55 ≈ 0.30305... 

So approximately 0.3031. 

Therefore, the Sharpe Ratio is approximately 0.3031. 

If the answer requires two decimal places, it would be 0.30. If three, 0.303. If four, 0.3031. 

But since the given data has two decimal places, maybe we should present two decimal places? However, the Sharpe Ratio is often reported with more decimals. 

Alternatively, maybe the answer is expected to be precise. Let me check the exact value. 

Let me compute 7.44 divided by 24.55. 

Let me use the fact that 7.44 / 24.55 = (7.44 / 24.55) × (100 / 100) = 744 / 2455. 

Let me perform this division using a more systematic approach. 

Let me write 744 ÷ 2455. 

Let me consider that 2455 × 0.3 = 736.5 

Subtract from 744: 744 - 736.5 = 7.5 

Now, 7.5 / 2455 = 0.003055... 

So total is 0.3 + 0.003055 = 0.303055... 

So, 0.303055... 

So, rounding to four decimal places: 0.3031 

Rounding to three decimal places: 0.303 

Rounding to two decimal places: 0.30 

But since the question is from a financial context, and the Sharpe Ratio is often presented with two decimal places, but sometimes more. 

However, since the inputs are given to two decimal places, but the Sharpe Ratio calculation involves division of two numbers with two decimal places, the precision might allow for more decimals. 

But in absence of specific instructions, I think it's safe to present it to three decimal places. 

Therefore, the Sharpe Ratio is approximately 0.303. 

But let me check with another approach. Let me convert percentages to decimals first. 

Expected return: 10.40% = 0.1040 

Risk-free rate: 2.96% = 0.0296 

Standard deviation: 24.55% = 0.2455 

Excess return: 0.1040 - 0.0296 = 0.0744 

Sharpe Ratio = 0.0744 / 0.2455 ≈ ? 

Let me compute this division. 

0.0744 ÷ 0.2455. 

Let me multiply numerator and denominator by 1000 to get rid of decimals: 74.4 / 245.5 

Now, 74.4 ÷ 245.5. 

As before, this is approximately 0.303. 

Therefore, the Sharpe Ratio is approximately 0.303. 

Given that, I think the correct answer is 0.303. 

But to confirm, let me check with an approximate calculation using decimal fractions. 

Let me consider that 0.2455 × 0.3 = 0.07365 

Which is very close to 0.0744. The difference is 0.0744 - 0.07365 = 0.00075. 

So, to find how much more than 0.3 is needed to account for this 0.00075. 

Let me denote x = 0.3 + Δ, where Δ is the additional amount. 

Then, 0.2455 × x = 0.0744 

So, 0.2455 × (0.3 + Δ) = 0.0744 

We know that 0.2455 × 0.3 = 0.07365 

So, 0.07365 + 0.2455 × Δ = 0.0744 

Thus, 0.2455 × Δ = 0.0744 - 0.07365 = 0.00075 

Therefore, Δ = 0.00075 / 0.2455 ≈ 0.003055 

So, x ≈ 0.3 + 0.003055 = 0.303055 

So, x ≈ 0.3031 

Therefore, the Sharpe Ratio is approximately 0.3031. 

If we round to three decimal places, it's 0.303. 

So, I think the answer should be 0.303. 

But to check if there's any mistake in the calculation steps, let me verify once again. 

Yes, the excess return is correctly calculated as 10.40% - 2.96% = 7.44%. 

Standard deviation is 24.55%. 

Dividing 7.44 by 24.55 gives approximately 0.303. 

Yes, that seems correct. 

Therefore, the final answer is 0.303. 

But wait, let me check with another method. Let me use fractions. 

Let me write 7.44 / 24.55. 

Let me convert both numbers to fractions over 100: 

7.44 = 744/100 

24.55 = 2455/100 

So, dividing them: (744/100) / (2455/100) = 744/2455. 

So, same as before. 

Now, let me try to perform the division 744 ÷ 2455 manually with more precision. 

Let me consider that 2455 × 0.3 = 736.5 

As before, 744 - 736.5 = 7.5 

Now, 7.5 / 2455 = 0.003055... 

So, total is 0.303055... 

So, yes, 0.3031 when rounded to four decimal places. 

But since the question might expect rounding to two decimal places, but given that the calculation is precise, I think it's better to present it to three decimal places. 

Therefore, the Sharpe Ratio is approximately 0.303. 

Final Answer: 0.303
",word,eos,retokenized,False,,,"Okay, let me try to figure out how to calculate the Sharpe Ratio for this portfolio. Hmm, I remember the Sharpe Ratio is a measure of risk-adjusted return. It compares the excess return of a portfolio over the risk-free rate to its standard deviation. So, the formula should be something like (Expected Return - Risk-Free Rate) divided by the Standard Deviation. Let me confirm that.

Right, the formula is Sharpe Ratio = (R_p - R_f) / σ_p, where R_p is the portfolio return, R_f is the risk-free rate, and σ_p is the standard deviation of the portfolio's excess return. Wait, but do I need to annualize anything here? The problem states that all the numbers are annual, so I don't think I need to adjust anything else. 

Alright, let's plug in the numbers. The expected annual return is 10.40%, the risk-free rate is 2.96%, and the standard deviation is 24.55%. So first, subtract the risk-free rate from the portfolio return. That would be 10.40% minus 2.96%. Let me calculate that. 

10.40 minus 2.96 is... let's see, 10.40 - 2.96. Subtract 2 from 10.40, which gives 8.40, then subtract 0.96 more. So 8.40 - 0.96 equals 7.44. So the excess return is 7.44%. 

Now, divide that by the standard deviation of 24.55%. So 7.44 divided by 24.55. Let me do that division. Let me convert them to decimals first. 7.44% is 0.0744 and 24.55% is 0.2455. So 0.0744 divided by 0.2455. 

Hmm, let me compute that. Let me approximate. Let's see, 0.0744 divided by 0.2455. Maybe I can simplify this. Let me multiply numerator and denominator by 1000 to eliminate decimals. That gives 74.4 divided by 245.5. 

Alternatively, maybe I can use a calculator approach here. Let me think. Let me write it as 7.44 / 24.55. Let me do this division step by step. 

First, 24.55 goes into 7.44 how many times? Since 24.55 is larger than 7.44, it goes 0 times. So we add a decimal point. Let me consider 7.44 divided by 24.55. Let me multiply numerator and denominator by 100 to make it 744 / 2455. 

Alternatively, maybe I can approximate. Let me think of 24.55 times 0.3 is 7.365. Because 24.55 * 0.3 = 7.365. That's very close to 7.44. The difference between 7.44 and 7.365 is 0.075. So, 0.3 plus (0.075 / 24.55). Let me calculate 0.075 / 24.55. That's approximately 0.003. So total is approximately 0.3 + 0.003 = 0.303. So the Sharpe Ratio is approximately 0.303. 

But let me check with more precise calculation. Let me use a calculator method. Let me compute 7.44 divided by 24.55. 

Let me do this division. Let me write 7.44 ÷ 24.55. 

Let me convert this to 7.44 / 24.55 ≈ ?

Alternatively, maybe I can use fractions. Let me approximate 24.55 as 24.5 for simplicity. Then 7.44 / 24.5. Let me compute that. 

Well, 24.5 × 0.3 = 7.35. So again, similar to before. 7.44 - 7.35 = 0.09. So 0.09 / 24.5 ≈ 0.00367. So total is 0.3 + 0.00367 ≈ 0.30367. So approximately 0.3037. 

But since the original numbers have more decimal places, maybe I should be more precise. Let me use the exact numbers. 

Original excess return is 7.44% (which is 0.0744) and standard deviation is 24.55% (0.2455). So 0.0744 / 0.2455. Let me perform this division. 

Let me write it as 0.0744 ÷ 0.2455. Let me multiply numerator and denominator by 1000 to get rid of decimals: 74.4 / 245.5. 

Now, let me compute 74.4 ÷ 245.5. Let me see how many times 245.5 fits into 74.4. Since it's less than 1, we can write this as 0.3... Let me use decimal division. 

Alternatively, I can use the fact that 245.5 × 0.3 = 73.65. Then, subtract that from 74.4: 74.4 - 73.65 = 0.75. Bring down a zero (making it 7.50). Now, 245.5 goes into 7.50 approximately 0.03 times (since 245.5 × 0.03 = 7.365). Subtract that from 7.50: 7.50 - 7.365 = 0.135. Bring down another zero, making it 1.350. 245.5 goes into 1.350 about 0.0055 times. So adding up, we have 0.3 + 0.03 + 0.0055 ≈ 0.3355. Wait, that seems conflicting with my earlier estimate. Wait, maybe I messed up the decimal places. 

Wait, when I multiplied numerator and denominator by 1000, the original value was 74.4 / 245.5. Let me think again. 

Let me do this division properly. Let me set up 74.4 divided by 245.5. Since 245.5 is larger than 74.4, the result is less than 1. Let me express this as 74.4 / 245.5 = (74.4 / 245.5). Let me convert this to a decimal by multiplying numerator and denominator by 2 to eliminate the decimal in the denominator. Wait, 245.5 * 2 = 491. So 74.4 * 2 = 148.8. So now it's 148.8 / 491. 

Hmm, not sure if that helps. Alternatively, let me use an approximate decimal value. Let me use a calculator-like approach. Let me approximate 245.5 × 0.3 = 73.65. As before, 74.4 - 73.65 = 0.75. So 0.75 / 245.5 ≈ 0.00305. So total is 0.3 + 0.00305 ≈ 0.30305. So approximately 0.303. 

But earlier when I thought of 0.3 + 0.00367, I had around 0.3037. So maybe the exact value is approximately 0.303. Let me check with another method. 

Alternatively, using cross multiplication. Let me suppose that x = 0.0744 / 0.2455. Let me compute 0.0744 ÷ 0.2455. 

Let me note that 0.2455 is approximately 0.245. Let me compute 0.0744 / 0.245. 

Let me compute 0.0744 / 0.245. Multiply numerator and denominator by 1000: 74.4 / 245. Let me divide 74.4 by 245. 

Well, 245 × 0.3 = 73.5. So 74.4 - 73.5 = 0.9. So that's 0.3 + (0.9 / 245). 0.9 / 245 ≈ 0.00367. So total is approximately 0.30367. So about 0.3037. 

So, rounding to four decimal places, maybe 0.3037. But the question is, how precise should the answer be? The original numbers have two decimal places for percentages. Let me check the exact calculation. 

Alternatively, maybe I can use a calculator here. Wait, since I can't use a calculator, but I can do more precise steps. 

Let me take the exact numbers: 7.44 divided by 24.55. 

Let me write this as 7.44 / 24.55. 

Let me multiply numerator and denominator by 100 to get 744 / 2455. 

Now, let me perform the division of 744 by 2455. 

Let me note that 2455 × 0.3 = 736.5. So 744 - 736.5 = 7.5. 

So, 0.3 + (7.5 / 2455). 

Now, compute 7.5 / 2455. 

That's equal to 7.5 ÷ 2455. Let me compute this. 

Well, 2455 × 0.003 = 7.365. 

So, 7.5 - 7.365 = 0.135. 

So, 0.003 + (0.135 / 2455). 

0.135 / 2455 ≈ 0.000055. 

So total is approximately 0.3 + 0.003 + 0.000055 ≈ 0.303055. 

So approximately 0.3031. 

Therefore, the Sharpe Ratio is approximately 0.3031. 

But let me check if I did that correctly. 

Starting with 744 / 2455. 

First step: 2455 × 0.3 = 736.5. 

Subtract that from 744: 744 - 736.5 = 7.5. 

Now, 7.5 / 2455 = 0.003055... 

So total is 0.3 + 0.003055 ≈ 0.303055. 

So, approximately 0.3031. 

So, rounding to four decimal places, 0.3031. 

But maybe the question expects rounding to two decimal places? Or three? Let me check the original numbers. The expected return is 10.40% (two decimal places), standard deviation is 24.55% (two decimal places), risk-free rate is 2.96% (two decimal places). 

In financial calculations, Sharpe Ratios are often reported to two or three decimal places. However, the exact answer depends on precise calculation. 

But perhaps I should carry out the division more accurately. Let me try again. 

Let me write 7.44 divided by 24.55. 

Let me use the long division method. 

Divide 7.44 by 24.55. 

Since 24.55 goes into 7.44 zero times, we write 0. and proceed. 

Add a decimal point and some zeros: 7.440000...

Now, 24.55 goes into 74.4 (after multiplying numerator and denominator by 10) 3 times (since 24.55 × 3 = 73.65). 

Subtract 73.65 from 74.4, we get 0.75. Bring down a zero: 7.50. 

24.55 goes into 7.50 0 times. So we write 0. Next digit. Bring down another zero, making it 75.0. 

Wait, maybe I should adjust. Let me think again. 

Actually, after the first step, we had 7.44 divided by 24.55, which is 0.3... 

Wait, maybe I need to adjust the decimal places properly. 

Let me write it as 7.44 ÷ 24.55. 

Multiply numerator and denominator by 100 to eliminate decimals: 744 ÷ 2455. 

Now, perform the division of 744 by 2455. 

Since 2455 is larger than 744, we write it as 0. and proceed. 

Now, 2455 goes into 7440 (adding a decimal and a zero) 3 times because 2455 × 3 = 7365. 

Subtract 7365 from 7440: 7440 - 7365 = 75. 

Bring down a zero, making it 750. 

2455 goes into 750 0 times. Bring down another zero, making it 7500. 

Now, how many times does 2455 go into 7500? Let's see: 2455 × 3 = 7365. Subtract that from 7500: 7500 - 7365 = 135. 

Bring down a zero, making it 1350. 

2455 goes into 1350 0 times. Bring down another zero, making it 13500. 

Now, 2455 × 5 = 12275. Subtract that from 13500: 13500 - 12275 = 1225. 

Bring down a zero, making it 12250. 

2455 × 4 = 9820. Subtract from 12250: 12250 - 9820 = 2430. 

Bring down a zero, making it 24300. 

2455 × 9 = 22095. Subtract: 24300 - 22095 = 2205. 

At this point, we can see that the decimal is approximately 0.303... So putting it all together:

After the first division step, we had 0.3 (from the 3 in the first step), then 0.30 (from the next 0), then 0.303 (from the 3 in the third step), then 0.3030 (from the next 0), then 0.30305 (from the 5), etc. 

So the value is approximately 0.30305... So rounding to four decimal places, 0.3031. 

But perhaps the exact value is 0.3030... So depending on rounding, it could be 0.303 or 0.3031. 

But since the question asks for the Sharpe Ratio, and in practice, it's often rounded to two or three decimal places. Let me check with more precise calculation. 

Alternatively, maybe I can use fractions. Let me consider 7.44 / 24.55. 

Let me write this as (7.44 / 24.55). Let me multiply numerator and denominator by 100 to eliminate decimals: 744 / 2455. 

Now, let me see if this fraction can be simplified. Let's check if 744 and 2455 have a common factor. 

First, check if both are divisible by 2: 744 ÷ 2 = 372, 2455 ÷ 2 = 1227.5, which is not an integer. So no. 

Check divisibility by 3: 7+4+4=15, which is divisible by 3. 2+4+5+5=16, not divisible by 3. So no. 

Check divisibility by 5: 744 ends with 4, so no. 2455 ends with 5, so yes. But since 744 isn't divisible by 5, no common factors. 

So the fraction is 744/2455. 

To get a decimal value, let me perform the division more accurately. 

As above, we had 0.3030... So approximately 0.303. 

But let me check with another approach. Let me use the approximate decimal value. 

Let me take the exact numbers: 7.44 divided by 24.55. 

Let me use cross multiplication to estimate. 

Let me assume that x = 7.44 / 24.55. 

Let me approximate x ≈ 7.44 / 24.55 ≈ ?

Let me consider that 24.55 is approximately 24.5, and 7.44 is approximately 7.44. 

Let me compute 7.44 / 24.5. 

As before, 24.5 × 0.3 = 7.35. 

So 7.44 - 7.35 = 0.09. 

So x = 0.3 + 0.09 / 24.5. 

0.09 / 24.5 = 0.003673... 

So x ≈ 0.3 + 0.003673 = 0.303673. 

So approximately 0.3037. 

But since the original denominator was 24.55, which is slightly larger than 24.5, the actual value would be slightly less than 0.3037. 

So perhaps around 0.3035 or 0.3036. 

But given the previous long division steps, I had approximately 0.30305, which is about 0.3031. 

This discrepancy is due to the approximation in the denominator. 

To resolve this, perhaps I should accept that the exact value is approximately 0.303. 

But for precision, maybe I should carry out more decimal places. 

Alternatively, since the original numbers are given to two decimal places, maybe I should round the final answer to two or three decimal places. 

In financial contexts, the Sharpe Ratio is often reported with two decimal places. However, sometimes three are used. 

Let me check with the exact calculation using more precise steps. 

Let me consider that 7.44 / 24.55 = ?

Let me use the fact that 24.55 × 0.303 = ?

Calculate 24.55 × 0.3 = 7.365

24.55 × 0.003 = 0.07365

So total 0.3 + 0.003 = 0.303, and the product is 7.365 + 0.07365 = 7.43865. 

Compare that to the numerator 7.44. 

So 24.55 × 0.303 = 7.43865, which is very close to 7.44. 

The difference is 7.44 - 7.43865 = 0.00135. 

So, to find how much more than 0.303 is needed to get the remaining 0.00135. 

Let me denote the additional amount as y. 

So 24.55 × y = 0.00135 

Thus, y = 0.00135 / 24.55 ≈ 0.000055. 

Therefore, the total is approximately 0.303 + 0.000055 ≈ 0.303055. 

So, the Sharpe Ratio is approximately 0.3031. 

Rounded to four decimal places, that's 0.3031. 

If we round to three decimal places, it would be 0.303. 

If we round to two decimal places, it would be 0.30. 

But depending on conventions, sometimes more decimals are used. However, since the inputs are given to two decimal places, it's possible that the answer should be presented with two or three decimals. 

But the question doesn't specify, so I need to check if there's a standard. 

In most cases, the Sharpe Ratio is reported to two or three decimal places. For example, 0.30 or 0.303. 

But given that the calculation gives approximately 0.3031, which is about 0.303, it's reasonable to present it as 0.303. 

Alternatively, maybe the exact value is better calculated using exact fractions. 

Wait, perhaps I can calculate it as follows: 

Let me use the exact numbers. 

Excess return: 10.40% - 2.96% = 7.44% 

Standard deviation: 24.55% 

So Sharpe Ratio = 7.44 / 24.55 

Let me compute this using decimal values: 

7.44 divided by 24.55. 

Let me write this as 7.44 ÷ 24.55. 

Let me use a calculator-like approach. 

Let me note that 24.55 × 0.3 = 7.365 

As before, 7.44 - 7.365 = 0.075 

So, remaining is 0.075 / 24.55 ≈ 0.003055 

So total is 0.3 + 0.003055 ≈ 0.303055 

So, approximately 0.3031. 

Thus, the Sharpe Ratio is approximately 0.3031. 

If the question expects rounding to two decimal places, it would be 0.30. However, if three decimal places, it's 0.303. 

But since the original numbers have two decimal places for percentages, but the Sharpe Ratio is a ratio that can have more decimals, it's safer to present it with three or four decimal places. 

However, since the problem doesn't specify, perhaps I should present it to three decimal places. 

Alternatively, maybe the answer is expected to be in two decimal places. 

Wait, let me check an example. Suppose the excess return is 7.44% and standard deviation is 24.55%. 

If I calculate 7.44 / 24.55, let me do this on a calculator (pretending I have one). 

7.44 ÷ 24.55 ≈ 0.30305... 

So approximately 0.3031. 

Therefore, the Sharpe Ratio is approximately 0.3031. 

If the answer requires two decimal places, it would be 0.30. If three, 0.303. If four, 0.3031. 

But since the given data has two decimal places, maybe we should present two decimal places? However, the Sharpe Ratio is often reported with more decimals. 

Alternatively, maybe the answer is expected to be precise. Let me check the exact value. 

Let me compute 7.44 divided by 24.55. 

Let me use the fact that 7.44 / 24.55 = (7.44 / 24.55) × (100 / 100) = 744 / 2455. 

Let me perform this division using a more systematic approach. 

Let me write 744 ÷ 2455. 

Let me consider that 2455 × 0.3 = 736.5 

Subtract from 744: 744 - 736.5 = 7.5 

Now, 7.5 / 2455 = 0.003055... 

So total is 0.3 + 0.003055 = 0.303055... 

So, 0.303055... 

So, rounding to four decimal places: 0.3031 

Rounding to three decimal places: 0.303 

Rounding to two decimal places: 0.30 

But since the question is from a financial context, and the Sharpe Ratio is often presented with two decimal places, but sometimes more. 

However, since the inputs are given to two decimal places, but the Sharpe Ratio calculation involves division of two numbers with two decimal places, the precision might allow for more decimals. 

But in absence of specific instructions, I think it's safe to present it to three decimal places. 

Therefore, the Sharpe Ratio is approximately 0.303. 

But let me check with another approach. Let me convert percentages to decimals first. 

Expected return: 10.40% = 0.1040 

Risk-free rate: 2.96% = 0.0296 

Standard deviation: 24.55% = 0.2455 

Excess return: 0.1040 - 0.0296 = 0.0744 

Sharpe Ratio = 0.0744 / 0.2455 ≈ ? 

Let me compute this division. 

0.0744 ÷ 0.2455. 

Let me multiply numerator and denominator by 1000 to get rid of decimals: 74.4 / 245.5 

Now, 74.4 ÷ 245.5. 

As before, this is approximately 0.303. 

Therefore, the Sharpe Ratio is approximately 0.303. 

Given that, I think the correct answer is 0.303. 

But to confirm, let me check with an approximate calculation using decimal fractions. 

Let me consider that 0.2455 × 0.3 = 0.07365 

Which is very close to 0.0744. The difference is 0.0744 - 0.07365 = 0.00075. 

So, to find how much more than 0.3 is needed to account for this 0.00075. 

Let me denote x = 0.3 + Δ, where Δ is the additional amount. 

Then, 0.2455 × x = 0.0744 

So, 0.2455 × (0.3 + Δ) = 0.0744 

We know that 0.2455 × 0.3 = 0.07365 

So, 0.07365 + 0.2455 × Δ = 0.0744 

Thus, 0.2455 × Δ = 0.0744 - 0.07365 = 0.00075 

Therefore, Δ = 0.00075 / 0.2455 ≈ 0.003055 

So, x ≈ 0.3 + 0.003055 = 0.303055 

So, x ≈ 0.3031 

Therefore, the Sharpe Ratio is approximately 0.3031. 

If we round to three decimal places, it's 0.303. 

So, I think the answer should be 0.303. 

But to check if there's any mistake in the calculation steps, let me verify once again. 

Yes, the excess return is correctly calculated as 10.40% - 2.96% = 7.44%. 

Standard deviation is 24.55%. 

Dividing 7.44 by 24.55 gives approximately 0.303. 

Yes, that seems correct. 

Therefore, the final answer is 0.303. 

But wait, let me check with another method. Let me use fractions. 

Let me write 7.44 / 24.55. 

Let me convert both numbers to fractions over 100: 

7.44 = 744/100 

24.55 = 2455/100 

So, dividing them: (744/100) / (2455/100) = 744/2455. 

So, same as before. 

Now, let me try to perform the division 744 ÷ 2455 manually with more precision. 

Let me consider that 2455 × 0.3 = 736.5 

As before, 744 - 736.5 = 7.5 

Now, 7.5 / 2455 = 0.003055... 

So, total is 0.303055... 

So, yes, 0.3031 when rounded to four decimal places. 

But since the question might expect rounding to two decimal places, but given that the calculation is precise, I think it's better to present it to three decimal places. 

Therefore, the Sharpe Ratio is approximately 0.303. 

Final Answer: 0.303

---FINAL---


To calculate the **Sharpe Ratio**, we use the following formula:

$$
\text{Sharpe Ratio} = \frac{R_p - R_f}{\sigma_p}
$$

Where:
- $ R_p $ is the portfolio's expected annual return (10.40%),
- $ R_f $ is the risk-free rate (2.96%),
- $ \sigma_p $ is the portfolio's standard deviation (24.55%).

---

### Step 1: Compute the Excess Return

$$
R_p - R_f = 10.40\% - 2.96\% = 7.44\%
$$

---

### Step 2: Convert Percentages to Decimals

$$
\text{Excess Return} = 7.44\% = 0.0744 \\
\text{Standard Deviation} = 24.55\% = 0.2455
$$

---

### Step 3: Divide Excess Return by Standard Deviation

$$
\text{Sharpe Ratio} = \frac{0.0744}{0.2455} \approx 0.3031
$$

Rounding to **three decimal places**, we get:

$$
\text{Sharpe Ratio} \approx 0.303
$$

---

### Final Answer:
Final Answer: 0.303"
Q8_0,portfolio_return_002,einfach,portfolio_return,E_financial_budget512,512,0,941925547,False,0.0523,0.053,False,Final Answer: 0.0523,512,520,15.686128799998187,0,"Okay, let's see. The investor has a portfolio split between Asset A and Asset B. 73% in A and 27% in B. The expected returns are 5.38% for A and 5.07% for B. I need to calculate the expected portfolio return as a decimal.

Hmm, right. The expected return of a portfolio is the weighted average of the returns of the individual assets. So, each asset's return is multiplied by its weight in the portfolio, then you add them together.

First, I should convert the percentages to decimals. So 73% is 0.73 and 27% is 0.27. The expected returns are 5.38% and 5.07%, which as decimals are 0.0538 and 0.0507.

Then the calculation would be: (0.73 * 0.0538) + (0.27 * 0.0507). Let me compute each part step by step.

Calculating 0.73 * 0.0538. Let me do that. 0.73 times 0.05 is 0.0365, and 0.73 times 0.0038. Wait, maybe it's easier to just multiply directly. Let me use a calculator approach here.

0.73 * 0.0538. Let me think. 0.7 * 0.0538 is 0.03766, and 0.03 * 0.0538 is 0.001614. Adding those together gives 0.03766 + 0.001614 = 0.039274. Wait, but that's if I split 0.73 into 0.7 and 0.03. Maybe there's a better way. Alternatively, 0.73 * 0.0538. Let me multiply 73 * 538 first, then adjust decimals.

Wait, maybe I should just do 0.73 * 0.0538. Let me compute 73 * 538. Wait, that's complicated. Maybe decimal multiplication is easier. Let me write it out:

",limit,eos,server,False,,unklar_manuell_pruefen,"Okay, let's see. The investor has a portfolio split between Asset A and Asset B. 73% in A and 27% in B. The expected returns are 5.38% for A and 5.07% for B. I need to calculate the expected portfolio return as a decimal.

Hmm, right. The expected return of a portfolio is the weighted average of the returns of the individual assets. So, each asset's return is multiplied by its weight in the portfolio, then you add them together.

First, I should convert the percentages to decimals. So 73% is 0.73 and 27% is 0.27. The expected returns are 5.38% and 5.07%, which as decimals are 0.0538 and 0.0507.

Then the calculation would be: (0.73 * 0.0538) + (0.27 * 0.0507). Let me compute each part step by step.

Calculating 0.73 * 0.0538. Let me do that. 0.73 times 0.05 is 0.0365, and 0.73 times 0.0038. Wait, maybe it's easier to just multiply directly. Let me use a calculator approach here.

0.73 * 0.0538. Let me think. 0.7 * 0.0538 is 0.03766, and 0.03 * 0.0538 is 0.001614. Adding those together gives 0.03766 + 0.001614 = 0.039274. Wait, but that's if I split 0.73 into 0.7 and 0.03. Maybe there's a better way. Alternatively, 0.73 * 0.0538. Let me multiply 73 * 538 first, then adjust decimals.

Wait, maybe I should just do 0.73 * 0.0538. Let me compute 73 * 538. Wait, that's complicated. Maybe decimal multiplication is easier. Let me write it out:


---FINAL---
Final Answer: 0.0523"
Q8_0,correlation_003,mittel,correlation,E_financial_budget512,512,0,1427340939,False,-0.3,-0.30907153054373127,False,Final Answer: -0.3000,512,520,15.69108089999827,0,"Okay, let's see. I need to calculate the correlation coefficient between Asset A and Asset B. Hmm, I remember that the correlation coefficient is related to covariance and the standard deviations of the two assets. Let me recall the formula.

I think the formula for the correlation coefficient (usually denoted as ρ) is the covariance of A and B divided by the product of their standard deviations. So, ρ = Cov(A,B) / (σ_A * σ_B). Right? Let me make sure. Yeah, that sounds right. Because covariance measures how the two assets move together, but it's in units that depend on the standard deviations, so dividing by the product of the standard deviations normalizes it to a dimensionless quantity between -1 and 1. 

Alright, so the problem gives me the standard deviations of both assets. Asset A has a standard deviation of 8.57%, and Asset B is 14.32%. Wait, but I need to make sure about the units. The covariance is given as -0.003793. Let me check if the units are consistent. The standard deviations are percentages, but covariance is usually in squared units. Wait, maybe they are already converted into decimal form? Let me think. If the standard deviations are in percentages, like 8.57% is 0.0857 in decimal, then the covariance would be in decimal squared terms. But the covariance given here is -0.003793. Let me verify if that's correct.

Alternatively, maybe the standard deviations are given as decimals already. Wait, 8.57% is 0.0857, and 14.32% is 0.1432. So if I use those as decimals, then the covariance is -0.003793. Let me check the units. If covariance is in decimal squared, then the product of standard deviations would be (0.0857)*(0.1432). Let me compute that. 

But before that, let me just proceed with the formula. The correlation coefficient is covariance divided by (σ_A * σ_B). So I need to plug in the numbers. Let me write down:

Cov(A,B) = -0.003793

σ_A = 8.57% = 0.0857

σ_B = 14.32",limit,eos,server,False,,unklar_manuell_pruefen,"Okay, let's see. I need to calculate the correlation coefficient between Asset A and Asset B. Hmm, I remember that the correlation coefficient is related to covariance and the standard deviations of the two assets. Let me recall the formula.

I think the formula for the correlation coefficient (usually denoted as ρ) is the covariance of A and B divided by the product of their standard deviations. So, ρ = Cov(A,B) / (σ_A * σ_B). Right? Let me make sure. Yeah, that sounds right. Because covariance measures how the two assets move together, but it's in units that depend on the standard deviations, so dividing by the product of the standard deviations normalizes it to a dimensionless quantity between -1 and 1. 

Alright, so the problem gives me the standard deviations of both assets. Asset A has a standard deviation of 8.57%, and Asset B is 14.32%. Wait, but I need to make sure about the units. The covariance is given as -0.003793. Let me check if the units are consistent. The standard deviations are percentages, but covariance is usually in squared units. Wait, maybe they are already converted into decimal form? Let me think. If the standard deviations are in percentages, like 8.57% is 0.0857 in decimal, then the covariance would be in decimal squared terms. But the covariance given here is -0.003793. Let me verify if that's correct.

Alternatively, maybe the standard deviations are given as decimals already. Wait, 8.57% is 0.0857, and 14.32% is 0.1432. So if I use those as decimals, then the covariance is -0.003793. Let me check the units. If covariance is in decimal squared, then the product of standard deviations would be (0.0857)*(0.1432). Let me compute that. 

But before that, let me just proceed with the formula. The correlation coefficient is covariance divided by (σ_A * σ_B). So I need to plug in the numbers. Let me write down:

Cov(A,B) = -0.003793

σ_A = 8.57% = 0.0857

σ_B = 14.32
---FINAL---
Final Answer: -0.3000"
Q8_0,correlation_003,mittel,correlation,D_generic_budget512,512,0,1427340939,False,-0.2999,-0.30907153054373127,False,Final Answer: -0.2999,512,520,15.700349600001573,0,"Okay, let's see. I need to calculate the correlation coefficient between Asset A and Asset B. Hmm, I remember that the correlation coefficient is related to covariance and the standard deviations of the two assets. Let me recall the formula.

I think the formula for the correlation coefficient (usually denoted as ρ) is the covariance of A and B divided by the product of their standard deviations. So, ρ = Cov(A,B) / (σ_A * σ_B). Right? Let me make sure. Yeah, that sounds right. Because covariance measures how the two assets move together, but it's in units that depend on the standard deviations, so dividing by the product of the standard deviations normalizes it to a dimensionless quantity between -1 and 1. 

Alright, so the problem gives me the standard deviations of both assets. Asset A has a standard deviation of 8.57%, and Asset B is 14.32%. Wait, but I need to make sure about the units. The covariance is given as -0.003793. Let me check if the units are consistent. The standard deviations are percentages, but covariance is usually in squared units. Wait, maybe they are already converted into decimal form? Let me think. If the standard deviations are in percentages, like 8.57% is 0.0857 in decimal, then the covariance would be in decimal squared terms. But the covariance given here is -0.003793. Let me verify if that's correct.

Alternatively, maybe the standard deviations are given as decimals already. Wait, 8.57% is 0.0857, and 14.32% is 0.1432. So if I use those as decimals, then the covariance is -0.003793. Let me check the units. If covariance is in decimal squared, then the product of standard deviations would be (0.0857)*(0.1432). Let me compute that. 

But before that, let me just proceed with the formula. The correlation coefficient is covariance divided by (σ_A * σ_B). So I need to plug in the numbers. Let me write down:

Cov(A,B) = -0.003793

σ_A = 8.57% = 0.0857

σ_B = 14.32",limit,eos,server,False,,unklar_manuell_pruefen,"Okay, let's see. I need to calculate the correlation coefficient between Asset A and Asset B. Hmm, I remember that the correlation coefficient is related to covariance and the standard deviations of the two assets. Let me recall the formula.

I think the formula for the correlation coefficient (usually denoted as ρ) is the covariance of A and B divided by the product of their standard deviations. So, ρ = Cov(A,B) / (σ_A * σ_B). Right? Let me make sure. Yeah, that sounds right. Because covariance measures how the two assets move together, but it's in units that depend on the standard deviations, so dividing by the product of the standard deviations normalizes it to a dimensionless quantity between -1 and 1. 

Alright, so the problem gives me the standard deviations of both assets. Asset A has a standard deviation of 8.57%, and Asset B is 14.32%. Wait, but I need to make sure about the units. The covariance is given as -0.003793. Let me check if the units are consistent. The standard deviations are percentages, but covariance is usually in squared units. Wait, maybe they are already converted into decimal form? Let me think. If the standard deviations are in percentages, like 8.57% is 0.0857 in decimal, then the covariance would be in decimal squared terms. But the covariance given here is -0.003793. Let me verify if that's correct.

Alternatively, maybe the standard deviations are given as decimals already. Wait, 8.57% is 0.0857, and 14.32% is 0.1432. So if I use those as decimals, then the covariance is -0.003793. Let me check the units. If covariance is in decimal squared, then the product of standard deviations would be (0.0857)*(0.1432). Let me compute that. 

But before that, let me just proceed with the formula. The correlation coefficient is covariance divided by (σ_A * σ_B). So I need to plug in the numbers. Let me write down:

Cov(A,B) = -0.003793

σ_A = 8.57% = 0.0857

σ_B = 14.32
---FINAL---
Final Answer: -0.2999"
Q8_0,sharpe_ratio_001,einfach,sharpe_ratio,E_financial_budget256,256,0,431451577,False,0.3,0.3031,False,Final Answer: 0.30,256,262,7.940974899999674,0,"Okay, let's see. I need to calculate the Sharpe Ratio for this portfolio. Hmm, what's the formula again? I think the Sharpe Ratio is the difference between the portfolio's expected return and the risk-free rate, divided by the standard deviation of the portfolio's excess return. Right?

So, the formula should be: Sharpe Ratio = (Expected Return - Risk-Free Rate) / Standard Deviation.

Let me check the numbers given. The expected annual return is 10.40%, the standard deviation is 24.55%, and the risk-free rate is 2.96%. All percentages, so I need to convert them to decimals or just work with them as percentages? Wait, actually, since they're all in the same units (percentages), maybe I can just subtract and divide without converting. But I should confirm.

Wait, the formula uses the actual numbers, so if they are in percentages, then the subtraction would be in percentage points. But when you divide by standard deviation, which is also a percentage, the units would cancel out. So maybe it's okay. Let me think. For example, if I have (10.40% - 2.96%) / 24",limit,eos,server,False,,unklar_manuell_pruefen,"Okay, let's see. I need to calculate the Sharpe Ratio for this portfolio. Hmm, what's the formula again? I think the Sharpe Ratio is the difference between the portfolio's expected return and the risk-free rate, divided by the standard deviation of the portfolio's excess return. Right?

So, the formula should be: Sharpe Ratio = (Expected Return - Risk-Free Rate) / Standard Deviation.

Let me check the numbers given. The expected annual return is 10.40%, the standard deviation is 24.55%, and the risk-free rate is 2.96%. All percentages, so I need to convert them to decimals or just work with them as percentages? Wait, actually, since they're all in the same units (percentages), maybe I can just subtract and divide without converting. But I should confirm.

Wait, the formula uses the actual numbers, so if they are in percentages, then the subtraction would be in percentage points. But when you divide by standard deviation, which is also a percentage, the units would cancel out. So maybe it's okay. Let me think. For example, if I have (10.40% - 2.96%) / 24
---FINAL---
Final Answer: 0.30"
Q8_0,portfolio_return_002,einfach,portfolio_return,E_financial_budget256,256,0,1681576244,False,0.0526,0.053,True,Final Answer: 0.0526,256,264,7.964540900000429,0,"Okay, let's see. The investor has a portfolio split between Asset A and Asset B. 73% in A and 27% in B. The expected returns are 5.38% for A and 5.07% for B. I need to calculate the expected portfolio return as a decimal.

First, I remember that the expected return of a portfolio is the weighted average of the returns of the individual assets. So, it's the sum of (weight of asset * expected return of asset) for each asset.

So, converting the percentages to decimals first. The weights are 73% and 27%, which are 0.73 and 0.27 respectively. The returns are 5.38% and 5.07%, which as decimals are 0.0538 and 0.0507.

Calculating the first part: 0.73 * 0.0538. Let me do that multiplication. Let me think: 0.7 * 0.0538 is 0.03766, and 0.03 * 0.0538 is 0.001",limit,eos,server,False,,,"Okay, let's see. The investor has a portfolio split between Asset A and Asset B. 73% in A and 27% in B. The expected returns are 5.38% for A and 5.07% for B. I need to calculate the expected portfolio return as a decimal.

First, I remember that the expected return of a portfolio is the weighted average of the returns of the individual assets. So, it's the sum of (weight of asset * expected return of asset) for each asset.

So, converting the percentages to decimals first. The weights are 73% and 27%, which are 0.73 and 0.27 respectively. The returns are 5.38% and 5.07%, which as decimals are 0.0538 and 0.0507.

Calculating the first part: 0.73 * 0.0538. Let me do that multiplication. Let me think: 0.7 * 0.0538 is 0.03766, and 0.03 * 0.0538 is 0.001
---FINAL---
Final Answer: 0.0526"
Q8_0,sharpe_ratio_001,einfach,sharpe_ratio,D_generic_budget512,512,0,1371054473,False,0.303,0.3031,True,Final Answer: 0.303,512,519,15.63488690000031,0,"Okay, let me try to figure out how to calculate the Sharpe Ratio for this portfolio. Hmm, I remember the Sharpe Ratio is a measure of risk-adjusted return. It compares the excess return of a portfolio over the risk-free rate to its standard deviation. 

So the formula, if I recall correctly, is (Expected Return - Risk-Free Rate) divided by the Standard Deviation. Let me write that down to make sure:

Sharpe Ratio = (Expected Return - Risk-Free Rate) / Standard Deviation

Alright, the problem gives me the expected annual return as 10.40%, the standard deviation as 24.55%, and the risk-free rate is 2.96%. All these percentages, so I need to convert them into decimals for the calculation, right? Or maybe I can just work with percentages as long as they are consistent. Wait, actually, since they are all percentages, subtracting them would be okay as long as they are in the same units. Let me check.

Let me convert them to decimals. The expected return is 10.40%, so that's 0.1040. The risk-free rate is 2.96%, so that's 0.0296. The standard deviation is 24.55%, which is 0.2455. 

So plugging into the formula:

(0.1040 - 0.0296) / 0.2455

Let me calculate the numerator first. 0.1040 minus 0.0296. Let me subtract those. 

0.1040 minus 0.0296. Let me do that step by step. 0.1040 minus 0.02 is 0.0840, then minus 0.0096 more. So 0.0840 - 0.0096 equals 0.0744. So the numerator is 0.0744.

Then divide that by the standard deviation, which is 0.2455. So 0.0744 divided by 0.2455. Let me compute that. 

Hmm, let me do this division. Maybe I can approximate it. Let me see. 0.0744 / 0.2455",limit,eos,server,False,,,"Okay, let me try to figure out how to calculate the Sharpe Ratio for this portfolio. Hmm, I remember the Sharpe Ratio is a measure of risk-adjusted return. It compares the excess return of a portfolio over the risk-free rate to its standard deviation. 

So the formula, if I recall correctly, is (Expected Return - Risk-Free Rate) divided by the Standard Deviation. Let me write that down to make sure:

Sharpe Ratio = (Expected Return - Risk-Free Rate) / Standard Deviation

Alright, the problem gives me the expected annual return as 10.40%, the standard deviation as 24.55%, and the risk-free rate is 2.96%. All these percentages, so I need to convert them into decimals for the calculation, right? Or maybe I can just work with percentages as long as they are consistent. Wait, actually, since they are all percentages, subtracting them would be okay as long as they are in the same units. Let me check.

Let me convert them to decimals. The expected return is 10.40%, so that's 0.1040. The risk-free rate is 2.96%, so that's 0.0296. The standard deviation is 24.55%, which is 0.2455. 

So plugging into the formula:

(0.1040 - 0.0296) / 0.2455

Let me calculate the numerator first. 0.1040 minus 0.0296. Let me subtract those. 

0.1040 minus 0.0296. Let me do that step by step. 0.1040 minus 0.02 is 0.0840, then minus 0.0096 more. So 0.0840 - 0.0096 equals 0.0744. So the numerator is 0.0744.

Then divide that by the standard deviation, which is 0.2455. So 0.0744 divided by 0.2455. Let me compute that. 

Hmm, let me do this division. Maybe I can approximate it. Let me see. 0.0744 / 0.2455
---FINAL---
Final Answer: 0.303"
Q8_0,sharpe_ratio_001,einfach,sharpe_ratio,D_generic_budget1024,1024,0,212521714,False,0.303,0.3031,True,Final Answer: 0.303,1024,1031,31.1509444000003,0,"Okay, let me try to figure out how to calculate the Sharpe Ratio for this portfolio. Hmm, I remember the Sharpe Ratio is a measure of risk-adjusted return. It compares the excess return of the portfolio over the risk-free rate to the standard deviation of the portfolio's returns. So the formula should be something like (Expected Return - Risk-Free Rate) divided by the Standard Deviation. 

Let me check that again. Yeah, I think that's right. The Sharpe Ratio is (R_p - R_f) / σ_p, where R_p is the portfolio return, R_f is the risk-free rate, and σ_p is the standard deviation. 

Alright, so the problem gives me the expected annual return of the portfolio as 10.40%, the standard deviation as 24.55%, and the risk-free rate is 2.96%. All these percentages, so I need to make sure they're in the same units. Since they're all annual, that's fine. 

First, I should subtract the risk-free rate from the portfolio's expected return. Let me do that calculation. 10.40% minus 2.96%. Let me convert those percentages to decimals to make it easier. 10.40% is 0.1040 and 2.96% is 0.0296. So 0.1040 - 0.0296 equals... let me subtract. 0.1040 minus 0.0296. 

Starting with 0.1040 minus 0.02 is 0.0840, then minus 0.0096 more would be 0.0840 - 0.0096 = 0.0744. So the excess return is 0.0744, which is 7.44% in percentage terms. 

Next, I need to divide that by the standard deviation. The standard deviation is 24.55%, which as a decimal is 0.2455. So the Sharpe Ratio would be 0.0744 divided by 0.2455. Let me compute that. 

Let me do the division. 0.0744 ÷ 0.2455. Hmm, maybe I can simplify this. Let me write it as 74.4 / 245.5 to make it easier. Wait, because multiplying numerator and denominator by 1000 to eliminate decimals. 

Alternatively, I can use a calculator approach. Let me approximate. 0.2455 times 0.3 is 0.07365. That's pretty close to 0.0744. So 0.3 would give me 0.07365. The difference between 0.0744 and 0.07365 is 0.00075. So how much more than 0.3 do I need? 

So 0.2455 * x = 0.00075. Solving for x: x ≈ 0.00075 / 0.2455 ≈ 0.00305. So total Sharpe Ratio is approximately 0.3 + 0.00305 ≈ 0.30305. So roughly 0.303. 

But let me check with more precise calculation. Let me do the division step by step. 

Dividing 0.0744 by 0.2455. Let me rewrite this as 74.4 / 245.5. Let me divide numerator and denominator by something to make it simpler. Maybe divide numerator and denominator by 10: 7.44 / 24.55. 

Alternatively, use decimal division. Let me set it up as 74.4 ÷ 245.5. Wait, that's the same as 74.4 / 245.5. Let me compute this division. 

Alternatively, maybe I can use cross multiplication. Let me think. Let me use a calculator-like approach. 

Let me consider 245.5 * 0.3 = 73.65. As before. The numerator is 74.4, which is 74.4 - 73.65 = 0.75 more. So 0.75 / 245.5 ≈ 0.00305. So total is 0.3 + 0.00305 ≈ 0.3",limit,eos,server,False,,,"Okay, let me try to figure out how to calculate the Sharpe Ratio for this portfolio. Hmm, I remember the Sharpe Ratio is a measure of risk-adjusted return. It compares the excess return of the portfolio over the risk-free rate to the standard deviation of the portfolio's returns. So the formula should be something like (Expected Return - Risk-Free Rate) divided by the Standard Deviation. 

Let me check that again. Yeah, I think that's right. The Sharpe Ratio is (R_p - R_f) / σ_p, where R_p is the portfolio return, R_f is the risk-free rate, and σ_p is the standard deviation. 

Alright, so the problem gives me the expected annual return of the portfolio as 10.40%, the standard deviation as 24.55%, and the risk-free rate is 2.96%. All these percentages, so I need to make sure they're in the same units. Since they're all annual, that's fine. 

First, I should subtract the risk-free rate from the portfolio's expected return. Let me do that calculation. 10.40% minus 2.96%. Let me convert those percentages to decimals to make it easier. 10.40% is 0.1040 and 2.96% is 0.0296. So 0.1040 - 0.0296 equals... let me subtract. 0.1040 minus 0.0296. 

Starting with 0.1040 minus 0.02 is 0.0840, then minus 0.0096 more would be 0.0840 - 0.0096 = 0.0744. So the excess return is 0.0744, which is 7.44% in percentage terms. 

Next, I need to divide that by the standard deviation. The standard deviation is 24.55%, which as a decimal is 0.2455. So the Sharpe Ratio would be 0.0744 divided by 0.2455. Let me compute that. 

Let me do the division. 0.0744 ÷ 0.2455. Hmm, maybe I can simplify this. Let me write it as 74.4 / 245.5 to make it easier. Wait, because multiplying numerator and denominator by 1000 to eliminate decimals. 

Alternatively, I can use a calculator approach. Let me approximate. 0.2455 times 0.3 is 0.07365. That's pretty close to 0.0744. So 0.3 would give me 0.07365. The difference between 0.0744 and 0.07365 is 0.00075. So how much more than 0.3 do I need? 

So 0.2455 * x = 0.00075. Solving for x: x ≈ 0.00075 / 0.2455 ≈ 0.00305. So total Sharpe Ratio is approximately 0.3 + 0.00305 ≈ 0.30305. So roughly 0.303. 

But let me check with more precise calculation. Let me do the division step by step. 

Dividing 0.0744 by 0.2455. Let me rewrite this as 74.4 / 245.5. Let me divide numerator and denominator by something to make it simpler. Maybe divide numerator and denominator by 10: 7.44 / 24.55. 

Alternatively, use decimal division. Let me set it up as 74.4 ÷ 245.5. Wait, that's the same as 74.4 / 245.5. Let me compute this division. 

Alternatively, maybe I can use cross multiplication. Let me think. Let me use a calculator-like approach. 

Let me consider 245.5 * 0.3 = 73.65. As before. The numerator is 74.4, which is 74.4 - 73.65 = 0.75 more. So 0.75 / 245.5 ≈ 0.00305. So total is 0.3 + 0.00305 ≈ 0.3
---FINAL---
Final Answer: 0.303"
Q8_0,sharpe_ratio_001,einfach,sharpe_ratio,C_fixed_budget512,512,0,1371054473,False,0.303,0.3031,True,Final Answer: 0.303,512,519,15.625008400000297,0,"Okay, let me try to figure out how to calculate the Sharpe Ratio for this portfolio. Hmm, I remember the Sharpe Ratio is a measure of risk-adjusted return. It compares the excess return of a portfolio over the risk-free rate to its standard deviation. 

So the formula, if I recall correctly, is (Expected Return - Risk-Free Rate) divided by the Standard Deviation. Let me write that down to make sure:

Sharpe Ratio = (Expected Return - Risk-Free Rate) / Standard Deviation

Alright, the problem gives me the expected annual return as 10.40%, the standard deviation as 24.55%, and the risk-free rate is 2.96%. All these percentages, so I need to convert them into decimals for the calculation, right? Or maybe I can just work with percentages as long as they are consistent. Wait, actually, since they are all percentages, subtracting them would be okay as long as they are in the same units. Let me check.

Let me convert them to decimals. The expected return is 10.40%, so that's 0.1040. The risk-free rate is 2.96%, so that's 0.0296. The standard deviation is 24.55%, which is 0.2455. 

So plugging into the formula:

(0.1040 - 0.0296) / 0.2455

Let me calculate the numerator first. 0.1040 minus 0.0296. Let me subtract those. 

0.1040 minus 0.0296. Let me do that step by step. 0.1040 minus 0.02 is 0.0840, then minus 0.0096 more. So 0.0840 - 0.0096 equals 0.0744. So the numerator is 0.0744.

Then divide that by the standard deviation, which is 0.2455. So 0.0744 divided by 0.2455. Let me compute that. 

Hmm, let me do this division. Maybe I can approximate it. Let me see. 0.0744 / 0.2455",limit,eos,server,False,,,"Okay, let me try to figure out how to calculate the Sharpe Ratio for this portfolio. Hmm, I remember the Sharpe Ratio is a measure of risk-adjusted return. It compares the excess return of a portfolio over the risk-free rate to its standard deviation. 

So the formula, if I recall correctly, is (Expected Return - Risk-Free Rate) divided by the Standard Deviation. Let me write that down to make sure:

Sharpe Ratio = (Expected Return - Risk-Free Rate) / Standard Deviation

Alright, the problem gives me the expected annual return as 10.40%, the standard deviation as 24.55%, and the risk-free rate is 2.96%. All these percentages, so I need to convert them into decimals for the calculation, right? Or maybe I can just work with percentages as long as they are consistent. Wait, actually, since they are all percentages, subtracting them would be okay as long as they are in the same units. Let me check.

Let me convert them to decimals. The expected return is 10.40%, so that's 0.1040. The risk-free rate is 2.96%, so that's 0.0296. The standard deviation is 24.55%, which is 0.2455. 

So plugging into the formula:

(0.1040 - 0.0296) / 0.2455

Let me calculate the numerator first. 0.1040 minus 0.0296. Let me subtract those. 

0.1040 minus 0.0296. Let me do that step by step. 0.1040 minus 0.02 is 0.0840, then minus 0.0096 more. So 0.0840 - 0.0096 equals 0.0744. So the numerator is 0.0744.

Then divide that by the standard deviation, which is 0.2455. So 0.0744 divided by 0.2455. Let me compute that. 

Hmm, let me do this division. Maybe I can approximate it. Let me see. 0.0744 / 0.2455
---FINAL---
Final Answer: 0.303"
Q8_0,sharpe_ratio_001,einfach,sharpe_ratio,F_adaptive,,0,534296379,False,0.3,0.3031,False,Final Answer: 0.30,512,518,15.615464200001952,1,"Okay, let me try to figure out how to calculate the Sharpe Ratio for this portfolio. Hmm, I remember the Sharpe Ratio is a measure of risk-adjusted return. It compares the excess return of a portfolio over the risk-free rate to its standard deviation, which represents the risk. 

So the formula, if I recall correctly, is (Expected Return - Risk-Free Rate) divided by the Standard Deviation. Let me write that down to make sure:

Sharpe Ratio = (Expected Return - Risk-Free Rate) / Standard Deviation

Alright, the problem gives me the expected annual return as 10.40%, the standard deviation as 24.55%, and the risk-free rate is 2.96%. All these percentages, so I need to convert them into decimal form for calculation, right? Wait, actually, since they are all percentages, maybe I can just subtract them as percentages and then divide by the standard deviation percentage? Or do I need to convert them to decimals? Let me think.

Let me check. If I have, say, 10% return and 2% risk-free rate, then the excess return is 8%, which is 0.08 in decimal. Then divide by standard deviation, say 15% (0.15), giving 0.533. But if I do it with percentages, 8% divided by 15% is the same as 0.08 / 0.15, which is the same as 8/15. So actually, whether I convert to decimals or not, as long as both the numerator and denominator are in the same units (percentages or decimals), the ratio will be the same. So maybe I can just work with percentages here.

But to be precise, let me convert them to decimals. Let me do that step by step.

First, Expected Return is 10.40%. So that's 10.40 divided by 100, which is 0.1040.

Risk-Free Rate is 2.96%, so that's 2.96 / 100 = 0.0296.

Standard Deviation is 24.55%, so that's 24.55 / 100 = 0.2455.

Now, compute the excess return: Expected Return minus Risk-Free Rate. So 0.10",limit,eos,server,False,"actually, | hmm | wait",unklar_manuell_pruefen,"Okay, let me try to figure out how to calculate the Sharpe Ratio for this portfolio. Hmm, I remember the Sharpe Ratio is a measure of risk-adjusted return. It compares the excess return of a portfolio over the risk-free rate to its standard deviation, which represents the risk. 

So the formula, if I recall correctly, is (Expected Return - Risk-Free Rate) divided by the Standard Deviation. Let me write that down to make sure:

Sharpe Ratio = (Expected Return - Risk-Free Rate) / Standard Deviation

Alright, the problem gives me the expected annual return as 10.40%, the standard deviation as 24.55%, and the risk-free rate is 2.96%. All these percentages, so I need to convert them into decimal form for calculation, right? Wait, actually, since they are all percentages, maybe I can just subtract them as percentages and then divide by the standard deviation percentage? Or do I need to convert them to decimals? Let me think.

Let me check. If I have, say, 10% return and 2% risk-free rate, then the excess return is 8%, which is 0.08 in decimal. Then divide by standard deviation, say 15% (0.15), giving 0.533. But if I do it with percentages, 8% divided by 15% is the same as 0.08 / 0.15, which is the same as 8/15. So actually, whether I convert to decimals or not, as long as both the numerator and denominator are in the same units (percentages or decimals), the ratio will be the same. So maybe I can just work with percentages here.

But to be precise, let me convert them to decimals. Let me do that step by step.

First, Expected Return is 10.40%. So that's 10.40 divided by 100, which is 0.1040.

Risk-Free Rate is 2.96%, so that's 2.96 / 100 = 0.0296.

Standard Deviation is 24.55%, so that's 24.55 / 100 = 0.2455.

Now, compute the excess return: Expected Return minus Risk-Free Rate. So 0.10
---FINAL---
Final Answer: 0.30"
Q8_0,multi_step_sharpe_004,mehrstufig,multi_step_sharpe,D_generic_budget512,512,0,426707377,False,1.43,1.5823780743321973,False,Final Answer: 1.43,512,518,15.671105300001727,0,"Okay, let's see. I need to calculate the annual return of the stock first and then the Sharpe Ratio. Alright, starting with the annual return. The stock price started at $140.88 and ended at $167.38. Since there were no dividends, the return should just be based on the price change.

So, the formula for the annual return is (Ending Price - Beginning Price) / Beginning Price, right? Let me write that down. 

Ending Price is $167.38, Beginning Price is $140.88. So the difference is 167.38 - 140.88. Let me calculate that. 167.38 minus 140.88... Hmm, 167.38 - 140 is 27.38, then subtract another 0.88, so 27.38 - 0.88 = 26.5. So the difference is $26.50.

Then divide that by the beginning price, which is $140.88. So 26.50 / 140.88. Let me do that division. Let me get a calculator for accuracy. Wait, maybe I can approximate. 140.88 times 0.18 is about 25.36 (since 140.88 * 0.1 = 14.088, times 0.2 is 28.176, so 0.18 would be 14.088 * 1.8 = 25.3584). The actual difference is 26.5, which is a bit higher. So maybe around 0.188 or 18.8%? Let me check.

Alternatively, exact calculation: 26.5 / 140.88. Let me compute this. Let's divide numerator and denominator by, say, 1. Let me do decimal division. 140.88 goes into 26.5 how many times? Since 140.88 is larger than 26.5, it's less than 1. Let me write it as 26.5 / 140.88. Multiply numerator",limit,eos,server,False,,unklar_manuell_pruefen,"Okay, let's see. I need to calculate the annual return of the stock first and then the Sharpe Ratio. Alright, starting with the annual return. The stock price started at $140.88 and ended at $167.38. Since there were no dividends, the return should just be based on the price change.

So, the formula for the annual return is (Ending Price - Beginning Price) / Beginning Price, right? Let me write that down. 

Ending Price is $167.38, Beginning Price is $140.88. So the difference is 167.38 - 140.88. Let me calculate that. 167.38 minus 140.88... Hmm, 167.38 - 140 is 27.38, then subtract another 0.88, so 27.38 - 0.88 = 26.5. So the difference is $26.50.

Then divide that by the beginning price, which is $140.88. So 26.50 / 140.88. Let me do that division. Let me get a calculator for accuracy. Wait, maybe I can approximate. 140.88 times 0.18 is about 25.36 (since 140.88 * 0.1 = 14.088, times 0.2 is 28.176, so 0.18 would be 14.088 * 1.8 = 25.3584). The actual difference is 26.5, which is a bit higher. So maybe around 0.188 or 18.8%? Let me check.

Alternatively, exact calculation: 26.5 / 140.88. Let me compute this. Let's divide numerator and denominator by, say, 1. Let me do decimal division. 140.88 goes into 26.5 how many times? Since 140.88 is larger than 26.5, it's less than 1. Let me write it as 26.5 / 140.88. Multiply numerator
---FINAL---
Final Answer: 1.43"
Q8_0,multi_step_sharpe_004,mehrstufig,multi_step_sharpe,D_generic_budget1024,1024,0,818330154,False,18.81,1.5823780743321973,False,Final Answer: 18.81,1024,1031,31.27961680000044,0,"Okay, let's see. I need to calculate the annual return of the stock first and then the Sharpe Ratio. Alright, let's start with the annual return. The stock price started at $140.88 and ended at $167.38. Since there were no dividends, the return should just be the capital gain. 

So, the formula for return is (Ending Price - Beginning Price) / Beginning Price. Let me plug in the numbers. Ending Price is 167.38, Beginning is 140.88. Subtracting those gives 167.38 - 140.88. Let me do that calculation. 167.38 minus 140.88... Hmm, 167.38 minus 140 is 27.38, then minus 0.88 more is 26.5. So the difference is $26.50. Then divide that by the beginning price of 140.88. 

So 26.5 divided by 140.88. Let me compute that. Let me get my calculator. Wait, maybe I can approximate. Let me see, 26.5 / 140.88. Let me convert that to decimal. Let me divide numerator and denominator by something. Maybe 26.5 divided by 140.88. Let me compute 26.5 / 140.88. 

Alternatively, maybe I can do 26.5 / 140.88. Let me approximate. Let me think, 140.88 times 0.18 is 25.3584, because 140.88 * 0.1 is 14.088, times 0.2 is 28.176. So 0.18 would be 14.088 * 1.8? Wait, maybe I should just do the division. Let me do 26.5 divided by 140.88. 

Let me write it as 26.5 / 140.88. Let me multiply numerator and denominator by 100 to remove decimals. So 2650 / 14088. Let me divide both by 2: 1325 / 7044. Hmm, maybe I can divide numerator and denominator by something else. Alternatively, maybe use decimal division. 

Alternatively, I can use a calculator step by step. Let me approximate. Let me consider that 140.88 * 0.185 = ? Let me compute 140.88 * 0.1 = 14.088, 140.88 * 0.08 = 11.2704, 140.88 * 0.005 = 0.7044. Adding those together: 14.088 + 11.2704 = 25.3584 + 0.7044 = 26.0628. So 0.185 gives me approximately 26.06, which is close to 26.5. The difference between 26.5 and 26.06 is 0.44. So how much more do I need to add to 0.185 to get the remaining 0.44?

So, 0.44 / 140.88 ≈ 0.00312. So total return is approximately 0.185 + 0.00312 ≈ 0.1881 or 18.81%. Let me check with actual calculation. 

Alternatively, maybe I should just do 26.5 / 140.88. Let me compute 26.5 ÷ 140.88. Let me use decimal division. Let me write 140.88 ) 26.5. Since 140.88 goes into 265 (after multiplying numerator and denominator by 10) approximately 1.88 times? Wait, maybe I need to do this more carefully. Let me convert to decimal division. 

Alternatively, maybe I can use the formula for percentage return. The exact value is (167.38 - 140.88)/140.88. Let me compute that. 

First, 167.38 - 14",limit,eos,server,False,,unklar_manuell_pruefen,"Okay, let's see. I need to calculate the annual return of the stock first and then the Sharpe Ratio. Alright, let's start with the annual return. The stock price started at $140.88 and ended at $167.38. Since there were no dividends, the return should just be the capital gain. 

So, the formula for return is (Ending Price - Beginning Price) / Beginning Price. Let me plug in the numbers. Ending Price is 167.38, Beginning is 140.88. Subtracting those gives 167.38 - 140.88. Let me do that calculation. 167.38 minus 140.88... Hmm, 167.38 minus 140 is 27.38, then minus 0.88 more is 26.5. So the difference is $26.50. Then divide that by the beginning price of 140.88. 

So 26.5 divided by 140.88. Let me compute that. Let me get my calculator. Wait, maybe I can approximate. Let me see, 26.5 / 140.88. Let me convert that to decimal. Let me divide numerator and denominator by something. Maybe 26.5 divided by 140.88. Let me compute 26.5 / 140.88. 

Alternatively, maybe I can do 26.5 / 140.88. Let me approximate. Let me think, 140.88 times 0.18 is 25.3584, because 140.88 * 0.1 is 14.088, times 0.2 is 28.176. So 0.18 would be 14.088 * 1.8? Wait, maybe I should just do the division. Let me do 26.5 divided by 140.88. 

Let me write it as 26.5 / 140.88. Let me multiply numerator and denominator by 100 to remove decimals. So 2650 / 14088. Let me divide both by 2: 1325 / 7044. Hmm, maybe I can divide numerator and denominator by something else. Alternatively, maybe use decimal division. 

Alternatively, I can use a calculator step by step. Let me approximate. Let me consider that 140.88 * 0.185 = ? Let me compute 140.88 * 0.1 = 14.088, 140.88 * 0.08 = 11.2704, 140.88 * 0.005 = 0.7044. Adding those together: 14.088 + 11.2704 = 25.3584 + 0.7044 = 26.0628. So 0.185 gives me approximately 26.06, which is close to 26.5. The difference between 26.5 and 26.06 is 0.44. So how much more do I need to add to 0.185 to get the remaining 0.44?

So, 0.44 / 140.88 ≈ 0.00312. So total return is approximately 0.185 + 0.00312 ≈ 0.1881 or 18.81%. Let me check with actual calculation. 

Alternatively, maybe I should just do 26.5 / 140.88. Let me compute 26.5 ÷ 140.88. Let me use decimal division. Let me write 140.88 ) 26.5. Since 140.88 goes into 265 (after multiplying numerator and denominator by 10) approximately 1.88 times? Wait, maybe I need to do this more carefully. Let me convert to decimal division. 

Alternatively, maybe I can use the formula for percentage return. The exact value is (167.38 - 140.88)/140.88. Let me compute that. 

First, 167.38 - 14
---FINAL---
Final Answer: 18.81"
Q8_0,multi_step_sharpe_004,mehrstufig,multi_step_sharpe,E_financial_budget1024,1024,0,818330154,False,1.58,1.5823780743321973,True,"Final Answer: 18.81

The annual return is calculated as (167.38 - 140.88)/140.88 = 0.1881 or 18.81%. The Sharpe Ratio is (Annual Return - Risk-Free Rate)/Standard Deviation = (0.1881 - 0.0142)/0.1099 ≈ 1.58. 

Final Answer: 1.58",1024,1132,34.32609079999929,0,"Okay, let's see. I need to calculate the annual return of the stock first and then the Sharpe Ratio. Alright, let's start with the annual return. The stock price started at $140.88 and ended at $167.38. Since there were no dividends, the return should just be the capital gain. 

So, the formula for return is (Ending Price - Beginning Price) / Beginning Price. Let me plug in the numbers. Ending Price is 167.38, Beginning is 140.88. Subtracting those gives 167.38 - 140.88. Let me do that calculation. 167.38 minus 140.88... Hmm, 167.38 minus 140 is 27.38, then minus 0.88 more is 26.5. So the difference is $26.50. Then divide that by the beginning price of 140.88. 

So 26.5 divided by 140.88. Let me compute that. Let me get my calculator. Wait, maybe I can approximate. Let me see, 26.5 / 140.88. Let me convert that to decimal. Let me divide numerator and denominator by something. Maybe 26.5 divided by 140.88. Let me compute 26.5 / 140.88. 

Alternatively, maybe I can do 26.5 / 140.88. Let me approximate. Let me think, 140.88 times 0.18 is 25.3584, because 140.88 * 0.1 is 14.088, times 0.2 is 28.176. So 0.18 would be 14.088 * 1.8? Wait, maybe I should just do the division. Let me do 26.5 divided by 140.88. 

Let me write it as 26.5 / 140.88. Let me multiply numerator and denominator by 100 to remove decimals. So 2650 / 14088. Let me divide both by 2: 1325 / 7044. Hmm, maybe I can divide numerator and denominator by something else. Alternatively, maybe use decimal division. 

Alternatively, I can use a calculator step by step. Let me approximate. Let me consider that 140.88 * 0.185 = ? Let me compute 140.88 * 0.1 = 14.088, 140.88 * 0.08 = 11.2704, 140.88 * 0.005 = 0.7044. Adding those together: 14.088 + 11.2704 = 25.3584 + 0.7044 = 26.0628. So 0.185 gives me approximately 26.06, which is close to 26.5. The difference between 26.5 and 26.06 is 0.44. So how much more do I need to add to 0.185 to get the remaining 0.44?

So, 0.44 / 140.88 ≈ 0.00312. So total return is approximately 0.185 + 0.00312 ≈ 0.1881 or 18.81%. Let me check with actual calculation. 

Alternatively, maybe I should just do 26.5 / 140.88. Let me compute 26.5 ÷ 140.88. Let me use decimal division. Let me write 140.88 ) 26.5. Since 140.88 goes into 265 (after multiplying numerator and denominator by 10) approximately 1.88 times? Wait, maybe I need to do this more carefully. Let me convert to decimal division. 

Alternatively, maybe I can use the formula for percentage return. The exact value is (167.38 - 140.88)/140.88. Let me compute that. 

First, 167.38 - 14",limit,eos,server,False,,,"Okay, let's see. I need to calculate the annual return of the stock first and then the Sharpe Ratio. Alright, let's start with the annual return. The stock price started at $140.88 and ended at $167.38. Since there were no dividends, the return should just be the capital gain. 

So, the formula for return is (Ending Price - Beginning Price) / Beginning Price. Let me plug in the numbers. Ending Price is 167.38, Beginning is 140.88. Subtracting those gives 167.38 - 140.88. Let me do that calculation. 167.38 minus 140.88... Hmm, 167.38 minus 140 is 27.38, then minus 0.88 more is 26.5. So the difference is $26.50. Then divide that by the beginning price of 140.88. 

So 26.5 divided by 140.88. Let me compute that. Let me get my calculator. Wait, maybe I can approximate. Let me see, 26.5 / 140.88. Let me convert that to decimal. Let me divide numerator and denominator by something. Maybe 26.5 divided by 140.88. Let me compute 26.5 / 140.88. 

Alternatively, maybe I can do 26.5 / 140.88. Let me approximate. Let me think, 140.88 times 0.18 is 25.3584, because 140.88 * 0.1 is 14.088, times 0.2 is 28.176. So 0.18 would be 14.088 * 1.8? Wait, maybe I should just do the division. Let me do 26.5 divided by 140.88. 

Let me write it as 26.5 / 140.88. Let me multiply numerator and denominator by 100 to remove decimals. So 2650 / 14088. Let me divide both by 2: 1325 / 7044. Hmm, maybe I can divide numerator and denominator by something else. Alternatively, maybe use decimal division. 

Alternatively, I can use a calculator step by step. Let me approximate. Let me consider that 140.88 * 0.185 = ? Let me compute 140.88 * 0.1 = 14.088, 140.88 * 0.08 = 11.2704, 140.88 * 0.005 = 0.7044. Adding those together: 14.088 + 11.2704 = 25.3584 + 0.7044 = 26.0628. So 0.185 gives me approximately 26.06, which is close to 26.5. The difference between 26.5 and 26.06 is 0.44. So how much more do I need to add to 0.185 to get the remaining 0.44?

So, 0.44 / 140.88 ≈ 0.00312. So total return is approximately 0.185 + 0.00312 ≈ 0.1881 or 18.81%. Let me check with actual calculation. 

Alternatively, maybe I should just do 26.5 / 140.88. Let me compute 26.5 ÷ 140.88. Let me use decimal division. Let me write 140.88 ) 26.5. Since 140.88 goes into 265 (after multiplying numerator and denominator by 10) approximately 1.88 times? Wait, maybe I need to do this more carefully. Let me convert to decimal division. 

Alternatively, maybe I can use the formula for percentage return. The exact value is (167.38 - 140.88)/140.88. Let me compute that. 

First, 167.38 - 14
---FINAL---
Final Answer: 18.81

The annual return is calculated as (167.38 - 140.88)/140.88 = 0.1881 or 18.81%. The Sharpe Ratio is (Annual Return - Risk-Free Rate)/Standard Deviation = (0.1881 - 0.0142)/0.1099 ≈ 1.58. 

Final Answer: 1.58"
Q8_0,correlation_003,mittel,correlation,C_fixed_budget512,512,0,1427340939,False,-0.3093,-0.30907153054373127,True,"Final Answer: -0.003793 / (0.0857 * 0.1432) = -0.003793 / 0.01226 = -0.3093

Final Answer: -0.3093",512,577,17.414030599999023,0,"Okay, let's see. I need to calculate the correlation coefficient between Asset A and Asset B. Hmm, I remember that the correlation coefficient is related to covariance and the standard deviations of the two assets. Let me recall the formula.

I think the formula for the correlation coefficient (usually denoted as ρ) is the covariance of A and B divided by the product of their standard deviations. So, ρ = Cov(A,B) / (σ_A * σ_B). Right? Let me make sure. Yeah, that sounds right. Because covariance measures how the two assets move together, but it's in units that depend on the standard deviations, so dividing by the product of the standard deviations normalizes it to a dimensionless quantity between -1 and 1. 

Alright, so the problem gives me the standard deviations of both assets. Asset A has a standard deviation of 8.57%, and Asset B is 14.32%. Wait, but I need to make sure about the units. The covariance is given as -0.003793. Let me check if the units are consistent. The standard deviations are percentages, but covariance is usually in squared units. Wait, maybe they are already converted into decimal form? Let me think. If the standard deviations are in percentages, like 8.57% is 0.0857 in decimal, then the covariance would be in decimal squared terms. But the covariance given here is -0.003793. Let me verify if that's correct.

Alternatively, maybe the standard deviations are given as decimals already. Wait, 8.57% is 0.0857, and 14.32% is 0.1432. So if I use those as decimals, then the covariance is -0.003793. Let me check the units. If covariance is in decimal squared, then the product of standard deviations would be (0.0857)*(0.1432). Let me compute that. 

But before that, let me just proceed with the formula. The correlation coefficient is covariance divided by (σ_A * σ_B). So I need to plug in the numbers. Let me write down:

Cov(A,B) = -0.003793

σ_A = 8.57% = 0.0857

σ_B = 14.32",limit,eos,server,False,,,"Okay, let's see. I need to calculate the correlation coefficient between Asset A and Asset B. Hmm, I remember that the correlation coefficient is related to covariance and the standard deviations of the two assets. Let me recall the formula.

I think the formula for the correlation coefficient (usually denoted as ρ) is the covariance of A and B divided by the product of their standard deviations. So, ρ = Cov(A,B) / (σ_A * σ_B). Right? Let me make sure. Yeah, that sounds right. Because covariance measures how the two assets move together, but it's in units that depend on the standard deviations, so dividing by the product of the standard deviations normalizes it to a dimensionless quantity between -1 and 1. 

Alright, so the problem gives me the standard deviations of both assets. Asset A has a standard deviation of 8.57%, and Asset B is 14.32%. Wait, but I need to make sure about the units. The covariance is given as -0.003793. Let me check if the units are consistent. The standard deviations are percentages, but covariance is usually in squared units. Wait, maybe they are already converted into decimal form? Let me think. If the standard deviations are in percentages, like 8.57% is 0.0857 in decimal, then the covariance would be in decimal squared terms. But the covariance given here is -0.003793. Let me verify if that's correct.

Alternatively, maybe the standard deviations are given as decimals already. Wait, 8.57% is 0.0857, and 14.32% is 0.1432. So if I use those as decimals, then the covariance is -0.003793. Let me check the units. If covariance is in decimal squared, then the product of standard deviations would be (0.0857)*(0.1432). Let me compute that. 

But before that, let me just proceed with the formula. The correlation coefficient is covariance divided by (σ_A * σ_B). So I need to plug in the numbers. Let me write down:

Cov(A,B) = -0.003793

σ_A = 8.57% = 0.0857

σ_B = 14.32
---FINAL---
Final Answer: -0.003793 / (0.0857 * 0.1432) = -0.003793 / 0.01226 = -0.3093

Final Answer: -0.3093"
Q8_0,multi_step_sharpe_004,mehrstufig,multi_step_sharpe,C_fixed_budget256,256,0,85136640,False,19.0,1.5823780743321973,False,Final Answer: 19.00,256,263,8.448845599999913,0,"Okay, let me try to figure out how to solve this problem. So, the question is about calculating the annual return of a stock and then the Sharpe Ratio. Let me start by recalling what each of these terms means.

First, the annual return. Since the stock price started at $140.88 and ended at $167.38, and there were no dividends, the return should be calculated based on the price change. I think the formula for the return is (Ending Price - Beginning Price) / Beginning Price. Let me check that. Yeah, that makes sense because it's the percentage increase or decrease in the stock price over the year.

So plugging in the numbers: (167.38 - 140.88) divided by 140.88. Let me do that subtraction first. 167.38 minus 140.88... Let me calculate that. 167.38 - 140.88. Let's subtract 140 from 167.38 first, which gives 27.38, then subtract the remaining 0.88, so 27.",limit,eos,server,False,,unklar_manuell_pruefen,"Okay, let me try to figure out how to solve this problem. So, the question is about calculating the annual return of a stock and then the Sharpe Ratio. Let me start by recalling what each of these terms means.

First, the annual return. Since the stock price started at $140.88 and ended at $167.38, and there were no dividends, the return should be calculated based on the price change. I think the formula for the return is (Ending Price - Beginning Price) / Beginning Price. Let me check that. Yeah, that makes sense because it's the percentage increase or decrease in the stock price over the year.

So plugging in the numbers: (167.38 - 140.88) divided by 140.88. Let me do that subtraction first. 167.38 minus 140.88... Let me calculate that. 167.38 - 140.88. Let's subtract 140 from 167.38 first, which gives 27.38, then subtract the remaining 0.88, so 27.
---FINAL---
Final Answer: 19.00"
Q8_0,multi_step_sharpe_004,mehrstufig,multi_step_sharpe,C_fixed_budget512,512,0,426707377,False,1.88,1.5823780743321973,False,"Final Answer: 1.88

To calculate the annual return, we use the formula:  
$$
\text{Annual Return} = \frac{\text{Ending Price} - \text{Beginning Price}}{\text{Beginning Price}} = \frac{167.38 - 140.88}{140.88} = \frac{26.5}{140.88} \approx 0.188 \text{ or } 18.8\%
$$

Next, the Sharpe Ratio is calculated as:  
$$
\text{Sharpe Ratio} = \frac{\text{Annual Return} - \text{Risk-Free Rate}}{\text{Standard Deviation}} = \frac{0.188 - 0.0142}{0.1099} \approx \frac{0.1738}{0.1099}",512,712,21.508366200001547,0,"Okay, let's see. I need to calculate the annual return of the stock first and then the Sharpe Ratio. Alright, starting with the annual return. The stock price started at $140.88 and ended at $167.38. Since there were no dividends, the return should just be based on the price change.

So, the formula for the annual return is (Ending Price - Beginning Price) / Beginning Price, right? Let me write that down. 

Ending Price is $167.38, Beginning Price is $140.88. So the difference is 167.38 - 140.88. Let me calculate that. 167.38 minus 140.88... Hmm, 167.38 - 140 is 27.38, then subtract another 0.88, so 27.38 - 0.88 = 26.5. So the difference is $26.50.

Then divide that by the beginning price, which is $140.88. So 26.50 / 140.88. Let me do that division. Let me get a calculator for accuracy. Wait, maybe I can approximate. 140.88 times 0.18 is about 25.36 (since 140.88 * 0.1 = 14.088, times 0.2 is 28.176, so 0.18 would be 14.088 * 1.8 = 25.3584). The actual difference is 26.5, which is a bit higher. So maybe around 0.188 or 18.8%? Let me check.

Alternatively, exact calculation: 26.5 / 140.88. Let me compute this. Let's divide numerator and denominator by, say, 1. Let me do decimal division. 140.88 goes into 26.5 how many times? Since 140.88 is larger than 26.5, it's less than 1. Let me write it as 26.5 / 140.88. Multiply numerator",limit,limit,server,False,,unklar_manuell_pruefen,"Okay, let's see. I need to calculate the annual return of the stock first and then the Sharpe Ratio. Alright, starting with the annual return. The stock price started at $140.88 and ended at $167.38. Since there were no dividends, the return should just be based on the price change.

So, the formula for the annual return is (Ending Price - Beginning Price) / Beginning Price, right? Let me write that down. 

Ending Price is $167.38, Beginning Price is $140.88. So the difference is 167.38 - 140.88. Let me calculate that. 167.38 minus 140.88... Hmm, 167.38 - 140 is 27.38, then subtract another 0.88, so 27.38 - 0.88 = 26.5. So the difference is $26.50.

Then divide that by the beginning price, which is $140.88. So 26.50 / 140.88. Let me do that division. Let me get a calculator for accuracy. Wait, maybe I can approximate. 140.88 times 0.18 is about 25.36 (since 140.88 * 0.1 = 14.088, times 0.2 is 28.176, so 0.18 would be 14.088 * 1.8 = 25.3584). The actual difference is 26.5, which is a bit higher. So maybe around 0.188 or 18.8%? Let me check.

Alternatively, exact calculation: 26.5 / 140.88. Let me compute this. Let's divide numerator and denominator by, say, 1. Let me do decimal division. 140.88 goes into 26.5 how many times? Since 140.88 is larger than 26.5, it's less than 1. Let me write it as 26.5 / 140.88. Multiply numerator
---FINAL---
Final Answer: 1.88

To calculate the annual return, we use the formula:  
$$
\text{Annual Return} = \frac{\text{Ending Price} - \text{Beginning Price}}{\text{Beginning Price}} = \frac{167.38 - 140.88}{140.88} = \frac{26.5}{140.88} \approx 0.188 \text{ or } 18.8\%
$$

Next, the Sharpe Ratio is calculated as:  
$$
\text{Sharpe Ratio} = \frac{\text{Annual Return} - \text{Risk-Free Rate}}{\text{Standard Deviation}} = \frac{0.188 - 0.0142}{0.1099} \approx \frac{0.1738}{0.1099}"
Q8_0,multi_step_sharpe_004,mehrstufig,multi_step_sharpe,E_financial_budget256,256,0,85136640,False,18.83,1.5823780743321973,False,Final Answer: 18.83,256,263,7.963910499998747,0,"Okay, let me try to figure out how to solve this problem. So, the question is about calculating the annual return of a stock and then the Sharpe Ratio. Let me start by recalling what each of these terms means.

First, the annual return. Since the stock price started at $140.88 and ended at $167.38, and there were no dividends, the return should be calculated based on the price change. I think the formula for the return is (Ending Price - Beginning Price) / Beginning Price. Let me check that. Yeah, that makes sense because it's the percentage increase or decrease in the stock price over the year.

So plugging in the numbers: (167.38 - 140.88) divided by 140.88. Let me do that subtraction first. 167.38 minus 140.88... Let me calculate that. 167.38 - 140.88. Let's subtract 140 from 167.38 first, which gives 27.38, then subtract the remaining 0.88, so 27.",limit,eos,server,False,,unklar_manuell_pruefen,"Okay, let me try to figure out how to solve this problem. So, the question is about calculating the annual return of a stock and then the Sharpe Ratio. Let me start by recalling what each of these terms means.

First, the annual return. Since the stock price started at $140.88 and ended at $167.38, and there were no dividends, the return should be calculated based on the price change. I think the formula for the return is (Ending Price - Beginning Price) / Beginning Price. Let me check that. Yeah, that makes sense because it's the percentage increase or decrease in the stock price over the year.

So plugging in the numbers: (167.38 - 140.88) divided by 140.88. Let me do that subtraction first. 167.38 minus 140.88... Let me calculate that. 167.38 - 140.88. Let's subtract 140 from 167.38 first, which gives 27.38, then subtract the remaining 0.88, so 27.
---FINAL---
Final Answer: 18.83"
Q8_0,correlation_003,mittel,correlation,C_fixed_budget1024,1024,0,2011638886,False,-0.3,-0.30907153054373127,False,Final Answer: -0.300,1024,1031,31.21386270000039,0,"Okay, let's see. I need to calculate the correlation coefficient between Asset A and Asset B. Hmm, I remember that the correlation coefficient is related to covariance and the standard deviations of the two assets. Let me recall the formula.

I think the formula for the correlation coefficient (ρ) is the covariance of A and B divided by the product of their standard deviations. So, ρ = Cov(A,B) / (σ_A * σ_B). Right? Let me make sure. Yes, that sounds right. The covariance measures how the two assets move together, and the correlation coefficient normalizes this by dividing by the product of their standard deviations, which makes it dimensionless and ranges between -1 and 1.

Alright, so given that the covariance is -0.003793. Wait, the standard deviations are given as percentages. Let me check the units. The standard deviation of Asset A is 8.57%, which is 0.0857 in decimal form, and Asset B is 14.32%, which is 0.1432. But wait, covariance is usually in squared decimal terms, right? Wait, no, covariance can be in terms of the units squared. But maybe here, since the standard deviations are percentages, the covariance is already in terms of (percentage)^2? Or maybe it's in decimal terms?

Wait, let me think. If the standard deviation is 8.57%, that's 0.0857 in decimal. So the variance would be (0.0857)^2. Similarly for Asset B. But the covariance is given as -0.003793. Let me check if that's in decimal terms or percentage terms. Let me see. If we compute the covariance, it's usually in the same units as the data. But since the standard deviations are percentages, maybe the covariance is in (percentage)^2? But the value is -0.003793. Let me check the units. Let me suppose that the covariance is in decimal terms. For example, if the standard deviations are in decimal, then covariance would be in decimal squared. But let me confirm.

Alternatively, maybe the covariance is already in terms of decimal. Let me try to proceed. Let me write down the formula again:

ρ = Cov(A,B) / (σ_A * σ_B)

So, Cov(A,B) is -0.003793. σ_A is 8.57%, which is 0.0857. σ_B is 14.32%, which is 0.1432.

So, substituting the numbers:

ρ = -0.003793 / (0.0857 * 0.1432)

Let me compute the denominator first. 0.0857 multiplied by 0.1432. Let me calculate that.

First, 0.08 * 0.14 = 0.0112. But more accurately:

0.0857 * 0.1432. Let me compute this step by step.

Alternatively, maybe I can use a calculator here. Wait, since I need to do this manually, let me approximate. Wait, but since I need to be precise, perhaps I should calculate it properly.

Alternatively, maybe I can note that 0.0857 * 0.1432 = ?

Let me compute 0.0857 * 0.1432:

First, multiply 857 * 1432, then adjust the decimal places. Wait, that might be complicated. Alternatively, let me use decimal multiplication.

Let me write 0.0857 * 0.1432:

Multiply 0.0857 by 0.1432.

Let me convert them to fractions? Probably not. Alternatively, think of it as:

0.0857 * 0.1432 ≈ ?

Well, 0.08 * 0.14 = 0.0112

But the actual numbers are 0.0857 and 0.1432. Let me compute:

First, 0.08 * 0.1432 = 0.011456

Then 0.0057 * 0.1432. Let me compute 0.005 * 0.1432 = 0.000716, and 0.0007 * 0.1432 = 0.00010024. Adding those gives 0.000716 + 0.0001002",limit,eos,server,False,,unklar_manuell_pruefen,"Okay, let's see. I need to calculate the correlation coefficient between Asset A and Asset B. Hmm, I remember that the correlation coefficient is related to covariance and the standard deviations of the two assets. Let me recall the formula.

I think the formula for the correlation coefficient (ρ) is the covariance of A and B divided by the product of their standard deviations. So, ρ = Cov(A,B) / (σ_A * σ_B). Right? Let me make sure. Yes, that sounds right. The covariance measures how the two assets move together, and the correlation coefficient normalizes this by dividing by the product of their standard deviations, which makes it dimensionless and ranges between -1 and 1.

Alright, so given that the covariance is -0.003793. Wait, the standard deviations are given as percentages. Let me check the units. The standard deviation of Asset A is 8.57%, which is 0.0857 in decimal form, and Asset B is 14.32%, which is 0.1432. But wait, covariance is usually in squared decimal terms, right? Wait, no, covariance can be in terms of the units squared. But maybe here, since the standard deviations are percentages, the covariance is already in terms of (percentage)^2? Or maybe it's in decimal terms?

Wait, let me think. If the standard deviation is 8.57%, that's 0.0857 in decimal. So the variance would be (0.0857)^2. Similarly for Asset B. But the covariance is given as -0.003793. Let me check if that's in decimal terms or percentage terms. Let me see. If we compute the covariance, it's usually in the same units as the data. But since the standard deviations are percentages, maybe the covariance is in (percentage)^2? But the value is -0.003793. Let me check the units. Let me suppose that the covariance is in decimal terms. For example, if the standard deviations are in decimal, then covariance would be in decimal squared. But let me confirm.

Alternatively, maybe the covariance is already in terms of decimal. Let me try to proceed. Let me write down the formula again:

ρ = Cov(A,B) / (σ_A * σ_B)

So, Cov(A,B) is -0.003793. σ_A is 8.57%, which is 0.0857. σ_B is 14.32%, which is 0.1432.

So, substituting the numbers:

ρ = -0.003793 / (0.0857 * 0.1432)

Let me compute the denominator first. 0.0857 multiplied by 0.1432. Let me calculate that.

First, 0.08 * 0.14 = 0.0112. But more accurately:

0.0857 * 0.1432. Let me compute this step by step.

Alternatively, maybe I can use a calculator here. Wait, since I need to do this manually, let me approximate. Wait, but since I need to be precise, perhaps I should calculate it properly.

Alternatively, maybe I can note that 0.0857 * 0.1432 = ?

Let me compute 0.0857 * 0.1432:

First, multiply 857 * 1432, then adjust the decimal places. Wait, that might be complicated. Alternatively, let me use decimal multiplication.

Let me write 0.0857 * 0.1432:

Multiply 0.0857 by 0.1432.

Let me convert them to fractions? Probably not. Alternatively, think of it as:

0.0857 * 0.1432 ≈ ?

Well, 0.08 * 0.14 = 0.0112

But the actual numbers are 0.0857 and 0.1432. Let me compute:

First, 0.08 * 0.1432 = 0.011456

Then 0.0057 * 0.1432. Let me compute 0.005 * 0.1432 = 0.000716, and 0.0007 * 0.1432 = 0.00010024. Adding those gives 0.000716 + 0.0001002
---FINAL---
Final Answer: -0.300"
Q8_0,multi_step_sharpe_004,mehrstufig,multi_step_sharpe,D_generic_budget256,256,0,85136640,False,18.83,1.5823780743321973,False,Final Answer: 18.83,256,263,7.92510940000102,0,"Okay, let me try to figure out how to solve this problem. So, the question is about calculating the annual return of a stock and then the Sharpe Ratio. Let me start by recalling what each of these terms means.

First, the annual return. Since the stock price started at $140.88 and ended at $167.38, and there were no dividends, the return should be calculated based on the price change. I think the formula for the return is (Ending Price - Beginning Price) / Beginning Price. Let me check that. Yeah, that makes sense because it's the percentage increase or decrease in the stock price over the year.

So plugging in the numbers: (167.38 - 140.88) divided by 140.88. Let me do that subtraction first. 167.38 minus 140.88... Let me calculate that. 167.38 - 140.88. Let's subtract 140 from 167.38 first, which gives 27.38, then subtract the remaining 0.88, so 27.",limit,eos,server,False,,unklar_manuell_pruefen,"Okay, let me try to figure out how to solve this problem. So, the question is about calculating the annual return of a stock and then the Sharpe Ratio. Let me start by recalling what each of these terms means.

First, the annual return. Since the stock price started at $140.88 and ended at $167.38, and there were no dividends, the return should be calculated based on the price change. I think the formula for the return is (Ending Price - Beginning Price) / Beginning Price. Let me check that. Yeah, that makes sense because it's the percentage increase or decrease in the stock price over the year.

So plugging in the numbers: (167.38 - 140.88) divided by 140.88. Let me do that subtraction first. 167.38 minus 140.88... Let me calculate that. 167.38 - 140.88. Let's subtract 140 from 167.38 first, which gives 27.38, then subtract the remaining 0.88, so 27.
---FINAL---
Final Answer: 18.83"
Q8_0,correlation_003,mittel,correlation,D_generic_budget1024,1024,0,2011638886,False,-0.3,-0.30907153054373127,False,Final Answer: -0.3000,1024,1032,31.3522995000003,0,"Okay, let's see. I need to calculate the correlation coefficient between Asset A and Asset B. Hmm, I remember that the correlation coefficient is related to covariance and the standard deviations of the two assets. Let me recall the formula.

I think the formula for the correlation coefficient (ρ) is the covariance of A and B divided by the product of their standard deviations. So, ρ = Cov(A,B) / (σ_A * σ_B). Right? Let me make sure. Yes, that sounds right. The covariance measures how the two assets move together, and the correlation coefficient normalizes this by dividing by the product of their standard deviations, which makes it dimensionless and ranges between -1 and 1.

Alright, so given that the covariance is -0.003793. Wait, the standard deviations are given as percentages. Let me check the units. The standard deviation of Asset A is 8.57%, which is 0.0857 in decimal form, and Asset B is 14.32%, which is 0.1432. But wait, covariance is usually in squared decimal terms, right? Wait, no, covariance can be in terms of the units squared. But maybe here, since the standard deviations are percentages, the covariance is already in terms of (percentage)^2? Or maybe it's in decimal terms?

Wait, let me think. If the standard deviation is 8.57%, that's 0.0857 in decimal. So the variance would be (0.0857)^2. Similarly for Asset B. But the covariance is given as -0.003793. Let me check if that's in decimal terms or percentage terms. Let me see. If we compute the covariance, it's usually in the same units as the data. But since the standard deviations are percentages, maybe the covariance is in (percentage)^2? But the value is -0.003793. Let me check the units. Let me suppose that the covariance is in decimal terms. For example, if the standard deviations are in decimal, then covariance would be in decimal squared. But let me confirm.

Alternatively, maybe the covariance is already in terms of decimal. Let me try to proceed. Let me write down the formula again:

ρ = Cov(A,B) / (σ_A * σ_B)

So, Cov(A,B) is -0.003793. σ_A is 8.57%, which is 0.0857. σ_B is 14.32%, which is 0.1432.

So, substituting the numbers:

ρ = -0.003793 / (0.0857 * 0.1432)

Let me compute the denominator first. 0.0857 multiplied by 0.1432. Let me calculate that.

First, 0.08 * 0.14 = 0.0112. But more accurately:

0.0857 * 0.1432. Let me compute this step by step.

Alternatively, maybe I can use a calculator here. Wait, since I need to do this manually, let me approximate. Wait, but since I need to be precise, perhaps I should calculate it properly.

Alternatively, maybe I can note that 0.0857 * 0.1432 = ?

Let me compute 0.0857 * 0.1432:

First, multiply 857 * 1432, then adjust the decimal places. Wait, that might be complicated. Alternatively, let me use decimal multiplication.

Let me write 0.0857 * 0.1432:

Multiply 0.0857 by 0.1432.

Let me convert them to fractions? Probably not. Alternatively, think of it as:

0.0857 * 0.1432 ≈ ?

Well, 0.08 * 0.14 = 0.0112

But the actual numbers are 0.0857 and 0.1432. Let me compute:

First, 0.08 * 0.1432 = 0.011456

Then 0.0057 * 0.1432. Let me compute 0.005 * 0.1432 = 0.000716, and 0.0007 * 0.1432 = 0.00010024. Adding those gives 0.000716 + 0.0001002",limit,eos,server,False,,unklar_manuell_pruefen,"Okay, let's see. I need to calculate the correlation coefficient between Asset A and Asset B. Hmm, I remember that the correlation coefficient is related to covariance and the standard deviations of the two assets. Let me recall the formula.

I think the formula for the correlation coefficient (ρ) is the covariance of A and B divided by the product of their standard deviations. So, ρ = Cov(A,B) / (σ_A * σ_B). Right? Let me make sure. Yes, that sounds right. The covariance measures how the two assets move together, and the correlation coefficient normalizes this by dividing by the product of their standard deviations, which makes it dimensionless and ranges between -1 and 1.

Alright, so given that the covariance is -0.003793. Wait, the standard deviations are given as percentages. Let me check the units. The standard deviation of Asset A is 8.57%, which is 0.0857 in decimal form, and Asset B is 14.32%, which is 0.1432. But wait, covariance is usually in squared decimal terms, right? Wait, no, covariance can be in terms of the units squared. But maybe here, since the standard deviations are percentages, the covariance is already in terms of (percentage)^2? Or maybe it's in decimal terms?

Wait, let me think. If the standard deviation is 8.57%, that's 0.0857 in decimal. So the variance would be (0.0857)^2. Similarly for Asset B. But the covariance is given as -0.003793. Let me check if that's in decimal terms or percentage terms. Let me see. If we compute the covariance, it's usually in the same units as the data. But since the standard deviations are percentages, maybe the covariance is in (percentage)^2? But the value is -0.003793. Let me check the units. Let me suppose that the covariance is in decimal terms. For example, if the standard deviations are in decimal, then covariance would be in decimal squared. But let me confirm.

Alternatively, maybe the covariance is already in terms of decimal. Let me try to proceed. Let me write down the formula again:

ρ = Cov(A,B) / (σ_A * σ_B)

So, Cov(A,B) is -0.003793. σ_A is 8.57%, which is 0.0857. σ_B is 14.32%, which is 0.1432.

So, substituting the numbers:

ρ = -0.003793 / (0.0857 * 0.1432)

Let me compute the denominator first. 0.0857 multiplied by 0.1432. Let me calculate that.

First, 0.08 * 0.14 = 0.0112. But more accurately:

0.0857 * 0.1432. Let me compute this step by step.

Alternatively, maybe I can use a calculator here. Wait, since I need to do this manually, let me approximate. Wait, but since I need to be precise, perhaps I should calculate it properly.

Alternatively, maybe I can note that 0.0857 * 0.1432 = ?

Let me compute 0.0857 * 0.1432:

First, multiply 857 * 1432, then adjust the decimal places. Wait, that might be complicated. Alternatively, let me use decimal multiplication.

Let me write 0.0857 * 0.1432:

Multiply 0.0857 by 0.1432.

Let me convert them to fractions? Probably not. Alternatively, think of it as:

0.0857 * 0.1432 ≈ ?

Well, 0.08 * 0.14 = 0.0112

But the actual numbers are 0.0857 and 0.1432. Let me compute:

First, 0.08 * 0.1432 = 0.011456

Then 0.0057 * 0.1432. Let me compute 0.005 * 0.1432 = 0.000716, and 0.0007 * 0.1432 = 0.00010024. Adding those gives 0.000716 + 0.0001002
---FINAL---
Final Answer: -0.3000"
Q8_0,portfolio_return_002,einfach,portfolio_return,D_generic_budget512,512,0,941925547,False,0.0523,0.053,False,Final Answer: 0.0523,512,520,15.67390129999876,0,"Okay, let's see. The investor has a portfolio split between Asset A and Asset B. 73% in A and 27% in B. The expected returns are 5.38% for A and 5.07% for B. I need to calculate the expected portfolio return as a decimal.

Hmm, right. The expected return of a portfolio is the weighted average of the returns of the individual assets. So, each asset's return is multiplied by its weight in the portfolio, then you add them together.

First, I should convert the percentages to decimals. So 73% is 0.73 and 27% is 0.27. The expected returns are 5.38% and 5.07%, which as decimals are 0.0538 and 0.0507.

Then the calculation would be: (0.73 * 0.0538) + (0.27 * 0.0507). Let me compute each part step by step.

Calculating 0.73 * 0.0538. Let me do that. 0.73 times 0.05 is 0.0365, and 0.73 times 0.0038. Wait, maybe it's easier to just multiply directly. Let me use a calculator approach here.

0.73 * 0.0538. Let me think. 0.7 * 0.0538 is 0.03766, and 0.03 * 0.0538 is 0.001614. Adding those together gives 0.03766 + 0.001614 = 0.039274. Wait, but that's if I split 0.73 into 0.7 and 0.03. Maybe there's a better way. Alternatively, 0.73 * 0.0538. Let me multiply 73 * 538 first, then adjust decimals.

Wait, maybe I should just do 0.73 * 0.0538. Let me compute 73 * 538. Wait, that's complicated. Maybe decimal multiplication is easier. Let me write it out:

",limit,eos,server,False,,unklar_manuell_pruefen,"Okay, let's see. The investor has a portfolio split between Asset A and Asset B. 73% in A and 27% in B. The expected returns are 5.38% for A and 5.07% for B. I need to calculate the expected portfolio return as a decimal.

Hmm, right. The expected return of a portfolio is the weighted average of the returns of the individual assets. So, each asset's return is multiplied by its weight in the portfolio, then you add them together.

First, I should convert the percentages to decimals. So 73% is 0.73 and 27% is 0.27. The expected returns are 5.38% and 5.07%, which as decimals are 0.0538 and 0.0507.

Then the calculation would be: (0.73 * 0.0538) + (0.27 * 0.0507). Let me compute each part step by step.

Calculating 0.73 * 0.0538. Let me do that. 0.73 times 0.05 is 0.0365, and 0.73 times 0.0038. Wait, maybe it's easier to just multiply directly. Let me use a calculator approach here.

0.73 * 0.0538. Let me think. 0.7 * 0.0538 is 0.03766, and 0.03 * 0.0538 is 0.001614. Adding those together gives 0.03766 + 0.001614 = 0.039274. Wait, but that's if I split 0.73 into 0.7 and 0.03. Maybe there's a better way. Alternatively, 0.73 * 0.0538. Let me multiply 73 * 538 first, then adjust decimals.

Wait, maybe I should just do 0.73 * 0.0538. Let me compute 73 * 538. Wait, that's complicated. Maybe decimal multiplication is easier. Let me write it out:


---FINAL---
Final Answer: 0.0523"
Q8_0,multi_step_sharpe_004,mehrstufig,multi_step_sharpe,C_fixed_budget1024,1024,0,818330154,False,18.81,1.5823780743321973,False,Final Answer: 18.81,1024,1031,31.220917500000724,0,"Okay, let's see. I need to calculate the annual return of the stock first and then the Sharpe Ratio. Alright, let's start with the annual return. The stock price started at $140.88 and ended at $167.38. Since there were no dividends, the return should just be the capital gain. 

So, the formula for return is (Ending Price - Beginning Price) / Beginning Price. Let me plug in the numbers. Ending Price is 167.38, Beginning is 140.88. Subtracting those gives 167.38 - 140.88. Let me do that calculation. 167.38 minus 140.88... Hmm, 167.38 minus 140 is 27.38, then minus 0.88 more is 26.5. So the difference is $26.50. Then divide that by the beginning price of 140.88. 

So 26.5 divided by 140.88. Let me compute that. Let me get my calculator. Wait, maybe I can approximate. Let me see, 26.5 / 140.88. Let me convert that to decimal. Let me divide numerator and denominator by something. Maybe 26.5 divided by 140.88. Let me compute 26.5 / 140.88. 

Alternatively, maybe I can do 26.5 / 140.88. Let me approximate. Let me think, 140.88 times 0.18 is 25.3584, because 140.88 * 0.1 is 14.088, times 0.2 is 28.176. So 0.18 would be 14.088 * 1.8? Wait, maybe I should just do the division. Let me do 26.5 divided by 140.88. 

Let me write it as 26.5 / 140.88. Let me multiply numerator and denominator by 100 to remove decimals. So 2650 / 14088. Let me divide both by 2: 1325 / 7044. Hmm, maybe I can divide numerator and denominator by something else. Alternatively, maybe use decimal division. 

Alternatively, I can use a calculator step by step. Let me approximate. Let me consider that 140.88 * 0.185 = ? Let me compute 140.88 * 0.1 = 14.088, 140.88 * 0.08 = 11.2704, 140.88 * 0.005 = 0.7044. Adding those together: 14.088 + 11.2704 = 25.3584 + 0.7044 = 26.0628. So 0.185 gives me approximately 26.06, which is close to 26.5. The difference between 26.5 and 26.06 is 0.44. So how much more do I need to add to 0.185 to get the remaining 0.44?

So, 0.44 / 140.88 ≈ 0.00312. So total return is approximately 0.185 + 0.00312 ≈ 0.1881 or 18.81%. Let me check with actual calculation. 

Alternatively, maybe I should just do 26.5 / 140.88. Let me compute 26.5 ÷ 140.88. Let me use decimal division. Let me write 140.88 ) 26.5. Since 140.88 goes into 265 (after multiplying numerator and denominator by 10) approximately 1.88 times? Wait, maybe I need to do this more carefully. Let me convert to decimal division. 

Alternatively, maybe I can use the formula for percentage return. The exact value is (167.38 - 140.88)/140.88. Let me compute that. 

First, 167.38 - 14",limit,eos,server,False,,unklar_manuell_pruefen,"Okay, let's see. I need to calculate the annual return of the stock first and then the Sharpe Ratio. Alright, let's start with the annual return. The stock price started at $140.88 and ended at $167.38. Since there were no dividends, the return should just be the capital gain. 

So, the formula for return is (Ending Price - Beginning Price) / Beginning Price. Let me plug in the numbers. Ending Price is 167.38, Beginning is 140.88. Subtracting those gives 167.38 - 140.88. Let me do that calculation. 167.38 minus 140.88... Hmm, 167.38 minus 140 is 27.38, then minus 0.88 more is 26.5. So the difference is $26.50. Then divide that by the beginning price of 140.88. 

So 26.5 divided by 140.88. Let me compute that. Let me get my calculator. Wait, maybe I can approximate. Let me see, 26.5 / 140.88. Let me convert that to decimal. Let me divide numerator and denominator by something. Maybe 26.5 divided by 140.88. Let me compute 26.5 / 140.88. 

Alternatively, maybe I can do 26.5 / 140.88. Let me approximate. Let me think, 140.88 times 0.18 is 25.3584, because 140.88 * 0.1 is 14.088, times 0.2 is 28.176. So 0.18 would be 14.088 * 1.8? Wait, maybe I should just do the division. Let me do 26.5 divided by 140.88. 

Let me write it as 26.5 / 140.88. Let me multiply numerator and denominator by 100 to remove decimals. So 2650 / 14088. Let me divide both by 2: 1325 / 7044. Hmm, maybe I can divide numerator and denominator by something else. Alternatively, maybe use decimal division. 

Alternatively, I can use a calculator step by step. Let me approximate. Let me consider that 140.88 * 0.185 = ? Let me compute 140.88 * 0.1 = 14.088, 140.88 * 0.08 = 11.2704, 140.88 * 0.005 = 0.7044. Adding those together: 14.088 + 11.2704 = 25.3584 + 0.7044 = 26.0628. So 0.185 gives me approximately 26.06, which is close to 26.5. The difference between 26.5 and 26.06 is 0.44. So how much more do I need to add to 0.185 to get the remaining 0.44?

So, 0.44 / 140.88 ≈ 0.00312. So total return is approximately 0.185 + 0.00312 ≈ 0.1881 or 18.81%. Let me check with actual calculation. 

Alternatively, maybe I should just do 26.5 / 140.88. Let me compute 26.5 ÷ 140.88. Let me use decimal division. Let me write 140.88 ) 26.5. Since 140.88 goes into 265 (after multiplying numerator and denominator by 10) approximately 1.88 times? Wait, maybe I need to do this more carefully. Let me convert to decimal division. 

Alternatively, maybe I can use the formula for percentage return. The exact value is (167.38 - 140.88)/140.88. Let me compute that. 

First, 167.38 - 14
---FINAL---
Final Answer: 18.81"
Q8_0,correlation_003,mittel,correlation,E_financial_budget1024,1024,0,2011638886,False,-0.3,-0.30907153054373127,False,Final Answer: -0.30,1024,1030,31.173559799999566,0,"Okay, let's see. I need to calculate the correlation coefficient between Asset A and Asset B. Hmm, I remember that the correlation coefficient is related to covariance and the standard deviations of the two assets. Let me recall the formula.

I think the formula for the correlation coefficient (ρ) is the covariance of A and B divided by the product of their standard deviations. So, ρ = Cov(A,B) / (σ_A * σ_B). Right? Let me make sure. Yes, that sounds right. The covariance measures how the two assets move together, and the correlation coefficient normalizes this by dividing by the product of their standard deviations, which makes it dimensionless and ranges between -1 and 1.

Alright, so given that the covariance is -0.003793. Wait, the standard deviations are given as percentages. Let me check the units. The standard deviation of Asset A is 8.57%, which is 0.0857 in decimal form, and Asset B is 14.32%, which is 0.1432. But wait, covariance is usually in squared decimal terms, right? Wait, no, covariance can be in terms of the units squared. But maybe here, since the standard deviations are percentages, the covariance is already in terms of (percentage)^2? Or maybe it's in decimal terms?

Wait, let me think. If the standard deviation is 8.57%, that's 0.0857 in decimal. So the variance would be (0.0857)^2. Similarly for Asset B. But the covariance is given as -0.003793. Let me check if that's in decimal terms or percentage terms. Let me see. If we compute the covariance, it's usually in the same units as the data. But since the standard deviations are percentages, maybe the covariance is in (percentage)^2? But the value is -0.003793. Let me check the units. Let me suppose that the covariance is in decimal terms. For example, if the standard deviations are in decimal, then covariance would be in decimal squared. But let me confirm.

Alternatively, maybe the covariance is already in terms of decimal. Let me try to proceed. Let me write down the formula again:

ρ = Cov(A,B) / (σ_A * σ_B)

So, Cov(A,B) is -0.003793. σ_A is 8.57%, which is 0.0857. σ_B is 14.32%, which is 0.1432.

So, substituting the numbers:

ρ = -0.003793 / (0.0857 * 0.1432)

Let me compute the denominator first. 0.0857 multiplied by 0.1432. Let me calculate that.

First, 0.08 * 0.14 = 0.0112. But more accurately:

0.0857 * 0.1432. Let me compute this step by step.

Alternatively, maybe I can use a calculator here. Wait, since I need to do this manually, let me approximate. Wait, but since I need to be precise, perhaps I should calculate it properly.

Alternatively, maybe I can note that 0.0857 * 0.1432 = ?

Let me compute 0.0857 * 0.1432:

First, multiply 857 * 1432, then adjust the decimal places. Wait, that might be complicated. Alternatively, let me use decimal multiplication.

Let me write 0.0857 * 0.1432:

Multiply 0.0857 by 0.1432.

Let me convert them to fractions? Probably not. Alternatively, think of it as:

0.0857 * 0.1432 ≈ ?

Well, 0.08 * 0.14 = 0.0112

But the actual numbers are 0.0857 and 0.1432. Let me compute:

First, 0.08 * 0.1432 = 0.011456

Then 0.0057 * 0.1432. Let me compute 0.005 * 0.1432 = 0.000716, and 0.0007 * 0.1432 = 0.00010024. Adding those gives 0.000716 + 0.0001002",limit,eos,server,False,,unklar_manuell_pruefen,"Okay, let's see. I need to calculate the correlation coefficient between Asset A and Asset B. Hmm, I remember that the correlation coefficient is related to covariance and the standard deviations of the two assets. Let me recall the formula.

I think the formula for the correlation coefficient (ρ) is the covariance of A and B divided by the product of their standard deviations. So, ρ = Cov(A,B) / (σ_A * σ_B). Right? Let me make sure. Yes, that sounds right. The covariance measures how the two assets move together, and the correlation coefficient normalizes this by dividing by the product of their standard deviations, which makes it dimensionless and ranges between -1 and 1.

Alright, so given that the covariance is -0.003793. Wait, the standard deviations are given as percentages. Let me check the units. The standard deviation of Asset A is 8.57%, which is 0.0857 in decimal form, and Asset B is 14.32%, which is 0.1432. But wait, covariance is usually in squared decimal terms, right? Wait, no, covariance can be in terms of the units squared. But maybe here, since the standard deviations are percentages, the covariance is already in terms of (percentage)^2? Or maybe it's in decimal terms?

Wait, let me think. If the standard deviation is 8.57%, that's 0.0857 in decimal. So the variance would be (0.0857)^2. Similarly for Asset B. But the covariance is given as -0.003793. Let me check if that's in decimal terms or percentage terms. Let me see. If we compute the covariance, it's usually in the same units as the data. But since the standard deviations are percentages, maybe the covariance is in (percentage)^2? But the value is -0.003793. Let me check the units. Let me suppose that the covariance is in decimal terms. For example, if the standard deviations are in decimal, then covariance would be in decimal squared. But let me confirm.

Alternatively, maybe the covariance is already in terms of decimal. Let me try to proceed. Let me write down the formula again:

ρ = Cov(A,B) / (σ_A * σ_B)

So, Cov(A,B) is -0.003793. σ_A is 8.57%, which is 0.0857. σ_B is 14.32%, which is 0.1432.

So, substituting the numbers:

ρ = -0.003793 / (0.0857 * 0.1432)

Let me compute the denominator first. 0.0857 multiplied by 0.1432. Let me calculate that.

First, 0.08 * 0.14 = 0.0112. But more accurately:

0.0857 * 0.1432. Let me compute this step by step.

Alternatively, maybe I can use a calculator here. Wait, since I need to do this manually, let me approximate. Wait, but since I need to be precise, perhaps I should calculate it properly.

Alternatively, maybe I can note that 0.0857 * 0.1432 = ?

Let me compute 0.0857 * 0.1432:

First, multiply 857 * 1432, then adjust the decimal places. Wait, that might be complicated. Alternatively, let me use decimal multiplication.

Let me write 0.0857 * 0.1432:

Multiply 0.0857 by 0.1432.

Let me convert them to fractions? Probably not. Alternatively, think of it as:

0.0857 * 0.1432 ≈ ?

Well, 0.08 * 0.14 = 0.0112

But the actual numbers are 0.0857 and 0.1432. Let me compute:

First, 0.08 * 0.1432 = 0.011456

Then 0.0057 * 0.1432. Let me compute 0.005 * 0.1432 = 0.000716, and 0.0007 * 0.1432 = 0.00010024. Adding those gives 0.000716 + 0.0001002
---FINAL---
Final Answer: -0.30"
Q8_0,portfolio_return_002,einfach,portfolio_return,F_adaptive,,0,716729983,False,0.052585,0.053,True,Final Answer: 0.052585,256,266,8.089486299999407,0,"Okay, let's see. The investor has a portfolio split between Asset A and Asset B. They put 73% into Asset A, which has an expected return of 5.38%, and 27% into Asset B with an expected return of 5.07%. I need to calculate the expected portfolio return as a decimal. 

First, I remember that the expected return of a portfolio is the weighted average of the returns of the individual assets. The weights are the proportions of each asset in the portfolio. So, the formula should be something like: 

Expected Portfolio Return = (Weight of A * Return of A) + (Weight of B * Return of B)

Let me confirm that. Yes, that makes sense because each asset's contribution to the portfolio return is its weight multiplied by its own return. Then you add them up. 

So converting the percentages to decimals first. The weights are 73% and 27%, which are 0.73 and 0.27 respectively. The returns are 5.38% and 5.07%, so those would be 0.0538 and 0.0507 in decimal form. 

Now plug those numbers into",limit,eos,server,False,,,"Okay, let's see. The investor has a portfolio split between Asset A and Asset B. They put 73% into Asset A, which has an expected return of 5.38%, and 27% into Asset B with an expected return of 5.07%. I need to calculate the expected portfolio return as a decimal. 

First, I remember that the expected return of a portfolio is the weighted average of the returns of the individual assets. The weights are the proportions of each asset in the portfolio. So, the formula should be something like: 

Expected Portfolio Return = (Weight of A * Return of A) + (Weight of B * Return of B)

Let me confirm that. Yes, that makes sense because each asset's contribution to the portfolio return is its weight multiplied by its own return. Then you add them up. 

So converting the percentages to decimals first. The weights are 73% and 27%, which are 0.73 and 0.27 respectively. The returns are 5.38% and 5.07%, so those would be 0.0538 and 0.0507 in decimal form. 

Now plug those numbers into
---FINAL---
Final Answer: 0.052585"
Q8_0,correlation_003,mittel,correlation,A_direct,,0,1153236387,False,-0.3333,-0.30907153054373127,False,Final Answer: -0.3333,0,11,0.3994340999997803,0,,,eos,server,False,,unklar_manuell_pruefen,"
---FINAL---
Final Answer: -0.3333"
Q8_0,sharpe_ratio_001,einfach,sharpe_ratio,C_fixed_budget256,256,0,431451577,False,0.3,0.3031,False,Final Answer: 0.30,256,262,8.220701900000677,0,"Okay, let's see. I need to calculate the Sharpe Ratio for this portfolio. Hmm, what's the formula again? I think the Sharpe Ratio is the difference between the portfolio's expected return and the risk-free rate, divided by the standard deviation of the portfolio's excess return. Right?

So, the formula should be: Sharpe Ratio = (Expected Return - Risk-Free Rate) / Standard Deviation.

Let me check the numbers given. The expected annual return is 10.40%, the standard deviation is 24.55%, and the risk-free rate is 2.96%. All percentages, so I need to convert them to decimals or just work with them as percentages? Wait, actually, since they're all in the same units (percentages), maybe I can just subtract and divide without converting. But I should confirm.

Wait, the formula uses the actual numbers, so if they are in percentages, then the subtraction would be in percentage points. But when you divide by standard deviation, which is also a percentage, the units would cancel out. So maybe it's okay. Let me think. For example, if I have (10.40% - 2.96%) / 24",limit,eos,server,False,,unklar_manuell_pruefen,"Okay, let's see. I need to calculate the Sharpe Ratio for this portfolio. Hmm, what's the formula again? I think the Sharpe Ratio is the difference between the portfolio's expected return and the risk-free rate, divided by the standard deviation of the portfolio's excess return. Right?

So, the formula should be: Sharpe Ratio = (Expected Return - Risk-Free Rate) / Standard Deviation.

Let me check the numbers given. The expected annual return is 10.40%, the standard deviation is 24.55%, and the risk-free rate is 2.96%. All percentages, so I need to convert them to decimals or just work with them as percentages? Wait, actually, since they're all in the same units (percentages), maybe I can just subtract and divide without converting. But I should confirm.

Wait, the formula uses the actual numbers, so if they are in percentages, then the subtraction would be in percentage points. But when you divide by standard deviation, which is also a percentage, the units would cancel out. So maybe it's okay. Let me think. For example, if I have (10.40% - 2.96%) / 24
---FINAL---
Final Answer: 0.30"
Q8_0,multi_step_sharpe_004,mehrstufig,multi_step_sharpe,E_financial_budget512,512,0,426707377,False,1.88,1.5823780743321973,False,"Final Answer: 1.88

To calculate the annual return, we use the formula:

$$
\text{Annual Return} = \frac{\text{Ending Price} - \text{Beginning Price}}{\text{Beginning Price}}
$$

Plugging in the values:

$$
\text{Annual Return} = \frac{167.38 - 140.88}{140.88} = \frac{26.50}{140.88} \approx 0.188 \text{ or } 18.8\%
$$

Next, the Sharpe Ratio is calculated as:

$$
\text{Sharpe Ratio} = \frac{\text{Annual Return} - \text{Risk-Free Rate}}{\text{Standard Deviation}}
$$

Using the given risk-free rate of 1.42% (0.0142) and standard deviation of 1",512,712,21.530794300000707,0,"Okay, let's see. I need to calculate the annual return of the stock first and then the Sharpe Ratio. Alright, starting with the annual return. The stock price started at $140.88 and ended at $167.38. Since there were no dividends, the return should just be based on the price change.

So, the formula for the annual return is (Ending Price - Beginning Price) / Beginning Price, right? Let me write that down. 

Ending Price is $167.38, Beginning Price is $140.88. So the difference is 167.38 - 140.88. Let me calculate that. 167.38 minus 140.88... Hmm, 167.38 - 140 is 27.38, then subtract another 0.88, so 27.38 - 0.88 = 26.5. So the difference is $26.50.

Then divide that by the beginning price, which is $140.88. So 26.50 / 140.88. Let me do that division. Let me get a calculator for accuracy. Wait, maybe I can approximate. 140.88 times 0.18 is about 25.36 (since 140.88 * 0.1 = 14.088, times 0.2 is 28.176, so 0.18 would be 14.088 * 1.8 = 25.3584). The actual difference is 26.5, which is a bit higher. So maybe around 0.188 or 18.8%? Let me check.

Alternatively, exact calculation: 26.5 / 140.88. Let me compute this. Let's divide numerator and denominator by, say, 1. Let me do decimal division. 140.88 goes into 26.5 how many times? Since 140.88 is larger than 26.5, it's less than 1. Let me write it as 26.5 / 140.88. Multiply numerator",limit,limit,server,False,,unklar_manuell_pruefen,"Okay, let's see. I need to calculate the annual return of the stock first and then the Sharpe Ratio. Alright, starting with the annual return. The stock price started at $140.88 and ended at $167.38. Since there were no dividends, the return should just be based on the price change.

So, the formula for the annual return is (Ending Price - Beginning Price) / Beginning Price, right? Let me write that down. 

Ending Price is $167.38, Beginning Price is $140.88. So the difference is 167.38 - 140.88. Let me calculate that. 167.38 minus 140.88... Hmm, 167.38 - 140 is 27.38, then subtract another 0.88, so 27.38 - 0.88 = 26.5. So the difference is $26.50.

Then divide that by the beginning price, which is $140.88. So 26.50 / 140.88. Let me do that division. Let me get a calculator for accuracy. Wait, maybe I can approximate. 140.88 times 0.18 is about 25.36 (since 140.88 * 0.1 = 14.088, times 0.2 is 28.176, so 0.18 would be 14.088 * 1.8 = 25.3584). The actual difference is 26.5, which is a bit higher. So maybe around 0.188 or 18.8%? Let me check.

Alternatively, exact calculation: 26.5 / 140.88. Let me compute this. Let's divide numerator and denominator by, say, 1. Let me do decimal division. 140.88 goes into 26.5 how many times? Since 140.88 is larger than 26.5, it's less than 1. Let me write it as 26.5 / 140.88. Multiply numerator
---FINAL---
Final Answer: 1.88

To calculate the annual return, we use the formula:

$$
\text{Annual Return} = \frac{\text{Ending Price} - \text{Beginning Price}}{\text{Beginning Price}}
$$

Plugging in the values:

$$
\text{Annual Return} = \frac{167.38 - 140.88}{140.88} = \frac{26.50}{140.88} \approx 0.188 \text{ or } 18.8\%
$$

Next, the Sharpe Ratio is calculated as:

$$
\text{Sharpe Ratio} = \frac{\text{Annual Return} - \text{Risk-Free Rate}}{\text{Standard Deviation}}
$$

Using the given risk-free rate of 1.42% (0.0142) and standard deviation of 1"
Q8_0,portfolio_return_002,einfach,portfolio_return,C_fixed_budget256,256,0,1681576244,False,0.0527,0.053,True,Final Answer: 0.0527,256,264,8.270412300000316,0,"Okay, let's see. The investor has a portfolio split between Asset A and Asset B. 73% in A and 27% in B. The expected returns are 5.38% for A and 5.07% for B. I need to calculate the expected portfolio return as a decimal.

First, I remember that the expected return of a portfolio is the weighted average of the returns of the individual assets. So, it's the sum of (weight of asset * expected return of asset) for each asset.

So, converting the percentages to decimals first. The weights are 73% and 27%, which are 0.73 and 0.27 respectively. The returns are 5.38% and 5.07%, which as decimals are 0.0538 and 0.0507.

Calculating the first part: 0.73 * 0.0538. Let me do that multiplication. Let me think: 0.7 * 0.0538 is 0.03766, and 0.03 * 0.0538 is 0.001",limit,eos,server,False,,,"Okay, let's see. The investor has a portfolio split between Asset A and Asset B. 73% in A and 27% in B. The expected returns are 5.38% for A and 5.07% for B. I need to calculate the expected portfolio return as a decimal.

First, I remember that the expected return of a portfolio is the weighted average of the returns of the individual assets. So, it's the sum of (weight of asset * expected return of asset) for each asset.

So, converting the percentages to decimals first. The weights are 73% and 27%, which are 0.73 and 0.27 respectively. The returns are 5.38% and 5.07%, which as decimals are 0.0538 and 0.0507.

Calculating the first part: 0.73 * 0.0538. Let me do that multiplication. Let me think: 0.7 * 0.0538 is 0.03766, and 0.03 * 0.0538 is 0.001
---FINAL---
Final Answer: 0.0527"
Q8_0,sharpe_ratio_001,einfach,sharpe_ratio,D_generic_budget256,256,0,431451577,False,0.3,0.3031,False,Final Answer: 0.30,256,262,7.896444499999234,0,"Okay, let's see. I need to calculate the Sharpe Ratio for this portfolio. Hmm, what's the formula again? I think the Sharpe Ratio is the difference between the portfolio's expected return and the risk-free rate, divided by the standard deviation of the portfolio's excess return. Right?

So, the formula should be: Sharpe Ratio = (Expected Return - Risk-Free Rate) / Standard Deviation.

Let me check the numbers given. The expected annual return is 10.40%, the standard deviation is 24.55%, and the risk-free rate is 2.96%. All percentages, so I need to convert them to decimals or just work with them as percentages? Wait, actually, since they're all in the same units (percentages), maybe I can just subtract and divide without converting. But I should confirm.

Wait, the formula uses the actual numbers, so if they are in percentages, then the subtraction would be in percentage points. But when you divide by standard deviation, which is also a percentage, the units would cancel out. So maybe it's okay. Let me think. For example, if I have (10.40% - 2.96%) / 24",limit,eos,server,False,,unklar_manuell_pruefen,"Okay, let's see. I need to calculate the Sharpe Ratio for this portfolio. Hmm, what's the formula again? I think the Sharpe Ratio is the difference between the portfolio's expected return and the risk-free rate, divided by the standard deviation of the portfolio's excess return. Right?

So, the formula should be: Sharpe Ratio = (Expected Return - Risk-Free Rate) / Standard Deviation.

Let me check the numbers given. The expected annual return is 10.40%, the standard deviation is 24.55%, and the risk-free rate is 2.96%. All percentages, so I need to convert them to decimals or just work with them as percentages? Wait, actually, since they're all in the same units (percentages), maybe I can just subtract and divide without converting. But I should confirm.

Wait, the formula uses the actual numbers, so if they are in percentages, then the subtraction would be in percentage points. But when you divide by standard deviation, which is also a percentage, the units would cancel out. So maybe it's okay. Let me think. For example, if I have (10.40% - 2.96%) / 24
---FINAL---
Final Answer: 0.30"
Q8_0,portfolio_return_002,einfach,portfolio_return,C_fixed_budget1024,1024,0,361705497,False,0.053,0.053,True,Final Answer: 0.0530,1024,1032,31.2075567999982,0,"Okay, let's see. The problem is about calculating the expected portfolio return based on the weights of two assets and their individual expected returns. The investor has allocated 73% to Asset A and 27% to Asset B. The expected returns are 5.38% for Asset A and 5.07% for Asset B. I need to find the expected portfolio return as a decimal.

First, I remember that the expected return of a portfolio is calculated by multiplying the weight of each asset by its expected return and then summing those products. So the formula should be something like:

Expected Portfolio Return = (Weight of A * Return of A) + (Weight of B * Return of B)

But wait, the weights need to be in decimal form, right? The problem states the allocations as percentages: 73% and 27%. So I should convert those percentages to decimals by dividing by 100. That would make 73% equal to 0.73 and 27% equal to 0.27.

Then, the expected return for Asset A is 5.38%, which as a decimal is 0.0538. Similarly, Asset B's expected return is 5.07%, so that's 0.0507 in decimal form.

Now plugging these into the formula:

Expected Return = (0.73 * 0.0538) + (0.27 * 0.0507)

Let me compute each part step by step. First, calculate 0.73 multiplied by 0.0538. Let me do that multiplication. 

Hmm, 0.73 * 0.0538. Let me think. Maybe I can compute 0.7 * 0.0538 first, which is 0.03766, and then 0.03 * 0.0538, which is 0.001614. Adding those together gives 0.03766 + 0.001614 = 0.039274. Wait, is that right? Wait, no. Wait, 0.73 is 0.7 + 0.03. So yes, that's correct. So that part would be approximately 0.039274.

Next, calculate 0.27 * 0.0507. Let me do that. Breaking it down: 0.2 * 0.0507 = 0.01014, and 0.07 * 0.0507 = 0.003549. Adding those together: 0.01014 + 0.003549 = 0.013689.

Now, adding the two results: 0.039274 + 0.013689. Let me add those. 

0.039274 + 0.013689 = 0.052963. 

So the expected portfolio return is approximately 0.052963. The question asks for the answer as a decimal, so I need to present this value. But maybe I should check my calculations again to make sure I didn't make any errors.

Let me verify the first multiplication again. 0.73 * 0.0538. Let me use another method. Let me convert them to fractions or use a calculator-like approach. Alternatively, multiply 73 * 538 first and then adjust the decimal places. Wait, that might be complicated. Alternatively, use decimal multiplication:

0.73
x0.0538
--------
Well, multiplying 0.73 by 0.0538. Let me think of it as 73 * 538 * 10^(-4) because 0.73 is 73 * 10^(-2) and 0.0538 is 538 * 10^(-4). So multiplying them gives 73 * 538 * 10^(-6). Let me compute 73 * 538. 

Wait, 70 * 538 = 37,660 and 3 * 538 = 1,614. So total is 37,660 + 1,614 = 39,274. So 73 * 538 = 39,274. Then multiply by 10^(-6) gives 0.",limit,eos,server,False,,,"Okay, let's see. The problem is about calculating the expected portfolio return based on the weights of two assets and their individual expected returns. The investor has allocated 73% to Asset A and 27% to Asset B. The expected returns are 5.38% for Asset A and 5.07% for Asset B. I need to find the expected portfolio return as a decimal.

First, I remember that the expected return of a portfolio is calculated by multiplying the weight of each asset by its expected return and then summing those products. So the formula should be something like:

Expected Portfolio Return = (Weight of A * Return of A) + (Weight of B * Return of B)

But wait, the weights need to be in decimal form, right? The problem states the allocations as percentages: 73% and 27%. So I should convert those percentages to decimals by dividing by 100. That would make 73% equal to 0.73 and 27% equal to 0.27.

Then, the expected return for Asset A is 5.38%, which as a decimal is 0.0538. Similarly, Asset B's expected return is 5.07%, so that's 0.0507 in decimal form.

Now plugging these into the formula:

Expected Return = (0.73 * 0.0538) + (0.27 * 0.0507)

Let me compute each part step by step. First, calculate 0.73 multiplied by 0.0538. Let me do that multiplication. 

Hmm, 0.73 * 0.0538. Let me think. Maybe I can compute 0.7 * 0.0538 first, which is 0.03766, and then 0.03 * 0.0538, which is 0.001614. Adding those together gives 0.03766 + 0.001614 = 0.039274. Wait, is that right? Wait, no. Wait, 0.73 is 0.7 + 0.03. So yes, that's correct. So that part would be approximately 0.039274.

Next, calculate 0.27 * 0.0507. Let me do that. Breaking it down: 0.2 * 0.0507 = 0.01014, and 0.07 * 0.0507 = 0.003549. Adding those together: 0.01014 + 0.003549 = 0.013689.

Now, adding the two results: 0.039274 + 0.013689. Let me add those. 

0.039274 + 0.013689 = 0.052963. 

So the expected portfolio return is approximately 0.052963. The question asks for the answer as a decimal, so I need to present this value. But maybe I should check my calculations again to make sure I didn't make any errors.

Let me verify the first multiplication again. 0.73 * 0.0538. Let me use another method. Let me convert them to fractions or use a calculator-like approach. Alternatively, multiply 73 * 538 first and then adjust the decimal places. Wait, that might be complicated. Alternatively, use decimal multiplication:

0.73
x0.0538
--------
Well, multiplying 0.73 by 0.0538. Let me think of it as 73 * 538 * 10^(-4) because 0.73 is 73 * 10^(-2) and 0.0538 is 538 * 10^(-4). So multiplying them gives 73 * 538 * 10^(-6). Let me compute 73 * 538. 

Wait, 70 * 538 = 37,660 and 3 * 538 = 1,614. So total is 37,660 + 1,614 = 39,274. So 73 * 538 = 39,274. Then multiply by 10^(-6) gives 0.
---FINAL---
Final Answer: 0.0530"
Q8_0,correlation_003,mittel,correlation,C_fixed_budget256,256,0,689133170,False,-0.295,-0.30907153054373127,False,"Final Answer: -0.295

The correlation coefficient (ρ) is calculated using the formula:  
$$
\rho_{A,B} = \frac{\text{Cov}(A,B)}{\sigma_A \cdot \sigma_B}
$$  
Given:  
- Covariance (Cov(A,B)) = -0.003793  
- Standard deviation of A (σ_A) = 8.57% = 0.0857  
- Standard deviation of B (σ_B) = 14.32% = 0.1432  

Substitute the values:  
$$
\rho_{A,B} = \frac{-0.003793}{0.0857 \cdot 0.1432} = \frac{-0.003793}{0.01226} \approx -0.295
$$  

",256,456,14.61343780000061,0,"Okay, let me try to figure out how to calculate the correlation coefficient between Asset A and Asset B. Hmm, I remember that the correlation coefficient is related to covariance and the standard deviations of the two assets. Let me recall the formula.

I think the formula for the correlation coefficient (ρ) between two assets is the covariance divided by the product of their standard deviations. So, ρ = Cov(A,B) / (σ_A * σ_B). Let me check if that's right. Yeah, covariance measures how the two assets move together, but it's in units that depend on the assets' variances. To get a dimensionless measure, we divide by the product of their standard deviations. That makes sense.

Alright, so the problem gives me the standard deviations of Asset A and Asset B. Asset A has a standard deviation of 8.57%, which I need to convert to decimal form. Wait, actually, when calculating correlation, do I need to convert percentages to decimals? Let me think. The covariance is given as -0.003793. Let me check the units. If the standard deviations are in percentages, then converting them to decimals would be dividing by 100. But maybe the covariance is already in terms",limit,limit,server,False,,unklar_manuell_pruefen,"Okay, let me try to figure out how to calculate the correlation coefficient between Asset A and Asset B. Hmm, I remember that the correlation coefficient is related to covariance and the standard deviations of the two assets. Let me recall the formula.

I think the formula for the correlation coefficient (ρ) between two assets is the covariance divided by the product of their standard deviations. So, ρ = Cov(A,B) / (σ_A * σ_B). Let me check if that's right. Yeah, covariance measures how the two assets move together, but it's in units that depend on the assets' variances. To get a dimensionless measure, we divide by the product of their standard deviations. That makes sense.

Alright, so the problem gives me the standard deviations of Asset A and Asset B. Asset A has a standard deviation of 8.57%, which I need to convert to decimal form. Wait, actually, when calculating correlation, do I need to convert percentages to decimals? Let me think. The covariance is given as -0.003793. Let me check the units. If the standard deviations are in percentages, then converting them to decimals would be dividing by 100. But maybe the covariance is already in terms
---FINAL---
Final Answer: -0.295

The correlation coefficient (ρ) is calculated using the formula:  
$$
\rho_{A,B} = \frac{\text{Cov}(A,B)}{\sigma_A \cdot \sigma_B}
$$  
Given:  
- Covariance (Cov(A,B)) = -0.003793  
- Standard deviation of A (σ_A) = 8.57% = 0.0857  
- Standard deviation of B (σ_B) = 14.32% = 0.1432  

Substitute the values:  
$$
\rho_{A,B} = \frac{-0.003793}{0.0857 \cdot 0.1432} = \frac{-0.003793}{0.01226} \approx -0.295
$$  

"
Q8_0,portfolio_return_002,einfach,portfolio_return,D_generic_budget1024,1024,0,361705497,False,0.053,0.053,True,Final Answer: 0.0530,1024,1032,31.280769499999224,0,"Okay, let's see. The problem is about calculating the expected portfolio return based on the weights of two assets and their individual expected returns. The investor has allocated 73% to Asset A and 27% to Asset B. The expected returns are 5.38% for Asset A and 5.07% for Asset B. I need to find the expected portfolio return as a decimal.

First, I remember that the expected return of a portfolio is calculated by multiplying the weight of each asset by its expected return and then summing those products. So the formula should be something like:

Expected Portfolio Return = (Weight of A * Return of A) + (Weight of B * Return of B)

But wait, the weights need to be in decimal form, right? The problem states the allocations as percentages: 73% and 27%. So I should convert those percentages to decimals by dividing by 100. That would make 73% equal to 0.73 and 27% equal to 0.27.

Then, the expected return for Asset A is 5.38%, which as a decimal is 0.0538. Similarly, Asset B's expected return is 5.07%, so that's 0.0507 in decimal form.

Now plugging these into the formula:

Expected Return = (0.73 * 0.0538) + (0.27 * 0.0507)

Let me compute each part step by step. First, calculate 0.73 multiplied by 0.0538. Let me do that multiplication. 

Hmm, 0.73 * 0.0538. Let me think. Maybe I can compute 0.7 * 0.0538 first, which is 0.03766, and then 0.03 * 0.0538, which is 0.001614. Adding those together gives 0.03766 + 0.001614 = 0.039274. Wait, is that right? Wait, no. Wait, 0.73 is 0.7 + 0.03. So yes, that's correct. So that part would be approximately 0.039274.

Next, calculate 0.27 * 0.0507. Let me do that. Breaking it down: 0.2 * 0.0507 = 0.01014, and 0.07 * 0.0507 = 0.003549. Adding those together: 0.01014 + 0.003549 = 0.013689.

Now, adding the two results: 0.039274 + 0.013689. Let me add those. 

0.039274 + 0.013689 = 0.052963. 

So the expected portfolio return is approximately 0.052963. The question asks for the answer as a decimal, so I need to present this value. But maybe I should check my calculations again to make sure I didn't make any errors.

Let me verify the first multiplication again. 0.73 * 0.0538. Let me use another method. Let me convert them to fractions or use a calculator-like approach. Alternatively, multiply 73 * 538 first and then adjust the decimal places. Wait, that might be complicated. Alternatively, use decimal multiplication:

0.73
x0.0538
--------
Well, multiplying 0.73 by 0.0538. Let me think of it as 73 * 538 * 10^(-4) because 0.73 is 73 * 10^(-2) and 0.0538 is 538 * 10^(-4). So multiplying them gives 73 * 538 * 10^(-6). Let me compute 73 * 538. 

Wait, 70 * 538 = 37,660 and 3 * 538 = 1,614. So total is 37,660 + 1,614 = 39,274. So 73 * 538 = 39,274. Then multiply by 10^(-6) gives 0.",limit,eos,server,False,,,"Okay, let's see. The problem is about calculating the expected portfolio return based on the weights of two assets and their individual expected returns. The investor has allocated 73% to Asset A and 27% to Asset B. The expected returns are 5.38% for Asset A and 5.07% for Asset B. I need to find the expected portfolio return as a decimal.

First, I remember that the expected return of a portfolio is calculated by multiplying the weight of each asset by its expected return and then summing those products. So the formula should be something like:

Expected Portfolio Return = (Weight of A * Return of A) + (Weight of B * Return of B)

But wait, the weights need to be in decimal form, right? The problem states the allocations as percentages: 73% and 27%. So I should convert those percentages to decimals by dividing by 100. That would make 73% equal to 0.73 and 27% equal to 0.27.

Then, the expected return for Asset A is 5.38%, which as a decimal is 0.0538. Similarly, Asset B's expected return is 5.07%, so that's 0.0507 in decimal form.

Now plugging these into the formula:

Expected Return = (0.73 * 0.0538) + (0.27 * 0.0507)

Let me compute each part step by step. First, calculate 0.73 multiplied by 0.0538. Let me do that multiplication. 

Hmm, 0.73 * 0.0538. Let me think. Maybe I can compute 0.7 * 0.0538 first, which is 0.03766, and then 0.03 * 0.0538, which is 0.001614. Adding those together gives 0.03766 + 0.001614 = 0.039274. Wait, is that right? Wait, no. Wait, 0.73 is 0.7 + 0.03. So yes, that's correct. So that part would be approximately 0.039274.

Next, calculate 0.27 * 0.0507. Let me do that. Breaking it down: 0.2 * 0.0507 = 0.01014, and 0.07 * 0.0507 = 0.003549. Adding those together: 0.01014 + 0.003549 = 0.013689.

Now, adding the two results: 0.039274 + 0.013689. Let me add those. 

0.039274 + 0.013689 = 0.052963. 

So the expected portfolio return is approximately 0.052963. The question asks for the answer as a decimal, so I need to present this value. But maybe I should check my calculations again to make sure I didn't make any errors.

Let me verify the first multiplication again. 0.73 * 0.0538. Let me use another method. Let me convert them to fractions or use a calculator-like approach. Alternatively, multiply 73 * 538 first and then adjust the decimal places. Wait, that might be complicated. Alternatively, use decimal multiplication:

0.73
x0.0538
--------
Well, multiplying 0.73 by 0.0538. Let me think of it as 73 * 538 * 10^(-4) because 0.73 is 73 * 10^(-2) and 0.0538 is 538 * 10^(-4). So multiplying them gives 73 * 538 * 10^(-6). Let me compute 73 * 538. 

Wait, 70 * 538 = 37,660 and 3 * 538 = 1,614. So total is 37,660 + 1,614 = 39,274. So 73 * 538 = 39,274. Then multiply by 10^(-6) gives 0.
---FINAL---
Final Answer: 0.0530"
Q8_0,sharpe_ratio_001,einfach,sharpe_ratio,C_fixed_budget1024,1024,0,212521714,False,0.303,0.3031,True,Final Answer: 0.303,1024,1031,31.15736620000098,0,"Okay, let me try to figure out how to calculate the Sharpe Ratio for this portfolio. Hmm, I remember the Sharpe Ratio is a measure of risk-adjusted return. It compares the excess return of the portfolio over the risk-free rate to the standard deviation of the portfolio's returns. So the formula should be something like (Expected Return - Risk-Free Rate) divided by the Standard Deviation. 

Let me check that again. Yeah, I think that's right. The Sharpe Ratio is (R_p - R_f) / σ_p, where R_p is the portfolio return, R_f is the risk-free rate, and σ_p is the standard deviation. 

Alright, so the problem gives me the expected annual return of the portfolio as 10.40%, the standard deviation as 24.55%, and the risk-free rate is 2.96%. All these percentages, so I need to make sure they're in the same units. Since they're all annual, that's fine. 

First, I should subtract the risk-free rate from the portfolio's expected return. Let me do that calculation. 10.40% minus 2.96%. Let me convert those percentages to decimals to make it easier. 10.40% is 0.1040 and 2.96% is 0.0296. So 0.1040 - 0.0296 equals... let me subtract. 0.1040 minus 0.0296. 

Starting with 0.1040 minus 0.02 is 0.0840, then minus 0.0096 more would be 0.0840 - 0.0096 = 0.0744. So the excess return is 0.0744, which is 7.44% in percentage terms. 

Next, I need to divide that by the standard deviation. The standard deviation is 24.55%, which as a decimal is 0.2455. So the Sharpe Ratio would be 0.0744 divided by 0.2455. Let me compute that. 

Let me do the division. 0.0744 ÷ 0.2455. Hmm, maybe I can simplify this. Let me write it as 74.4 / 245.5 to make it easier. Wait, because multiplying numerator and denominator by 1000 to eliminate decimals. 

Alternatively, I can use a calculator approach. Let me approximate. 0.2455 times 0.3 is 0.07365. That's pretty close to 0.0744. So 0.3 would give me 0.07365. The difference between 0.0744 and 0.07365 is 0.00075. So how much more than 0.3 do I need? 

So 0.2455 * x = 0.00075. Solving for x: x ≈ 0.00075 / 0.2455 ≈ 0.00305. So total Sharpe Ratio is approximately 0.3 + 0.00305 ≈ 0.30305. So roughly 0.303. 

But let me check with more precise calculation. Let me do the division step by step. 

Dividing 0.0744 by 0.2455. Let me rewrite this as 74.4 / 245.5. Let me divide numerator and denominator by something to make it simpler. Maybe divide numerator and denominator by 10: 7.44 / 24.55. 

Alternatively, use decimal division. Let me set it up as 74.4 ÷ 245.5. Wait, that's the same as 74.4 / 245.5. Let me compute this division. 

Alternatively, maybe I can use cross multiplication. Let me think. Let me use a calculator-like approach. 

Let me consider 245.5 * 0.3 = 73.65. As before. The numerator is 74.4, which is 74.4 - 73.65 = 0.75 more. So 0.75 / 245.5 ≈ 0.00305. So total is 0.3 + 0.00305 ≈ 0.3",limit,eos,server,False,,,"Okay, let me try to figure out how to calculate the Sharpe Ratio for this portfolio. Hmm, I remember the Sharpe Ratio is a measure of risk-adjusted return. It compares the excess return of the portfolio over the risk-free rate to the standard deviation of the portfolio's returns. So the formula should be something like (Expected Return - Risk-Free Rate) divided by the Standard Deviation. 

Let me check that again. Yeah, I think that's right. The Sharpe Ratio is (R_p - R_f) / σ_p, where R_p is the portfolio return, R_f is the risk-free rate, and σ_p is the standard deviation. 

Alright, so the problem gives me the expected annual return of the portfolio as 10.40%, the standard deviation as 24.55%, and the risk-free rate is 2.96%. All these percentages, so I need to make sure they're in the same units. Since they're all annual, that's fine. 

First, I should subtract the risk-free rate from the portfolio's expected return. Let me do that calculation. 10.40% minus 2.96%. Let me convert those percentages to decimals to make it easier. 10.40% is 0.1040 and 2.96% is 0.0296. So 0.1040 - 0.0296 equals... let me subtract. 0.1040 minus 0.0296. 

Starting with 0.1040 minus 0.02 is 0.0840, then minus 0.0096 more would be 0.0840 - 0.0096 = 0.0744. So the excess return is 0.0744, which is 7.44% in percentage terms. 

Next, I need to divide that by the standard deviation. The standard deviation is 24.55%, which as a decimal is 0.2455. So the Sharpe Ratio would be 0.0744 divided by 0.2455. Let me compute that. 

Let me do the division. 0.0744 ÷ 0.2455. Hmm, maybe I can simplify this. Let me write it as 74.4 / 245.5 to make it easier. Wait, because multiplying numerator and denominator by 1000 to eliminate decimals. 

Alternatively, I can use a calculator approach. Let me approximate. 0.2455 times 0.3 is 0.07365. That's pretty close to 0.0744. So 0.3 would give me 0.07365. The difference between 0.0744 and 0.07365 is 0.00075. So how much more than 0.3 do I need? 

So 0.2455 * x = 0.00075. Solving for x: x ≈ 0.00075 / 0.2455 ≈ 0.00305. So total Sharpe Ratio is approximately 0.3 + 0.00305 ≈ 0.30305. So roughly 0.303. 

But let me check with more precise calculation. Let me do the division step by step. 

Dividing 0.0744 by 0.2455. Let me rewrite this as 74.4 / 245.5. Let me divide numerator and denominator by something to make it simpler. Maybe divide numerator and denominator by 10: 7.44 / 24.55. 

Alternatively, use decimal division. Let me set it up as 74.4 ÷ 245.5. Wait, that's the same as 74.4 / 245.5. Let me compute this division. 

Alternatively, maybe I can use cross multiplication. Let me think. Let me use a calculator-like approach. 

Let me consider 245.5 * 0.3 = 73.65. As before. The numerator is 74.4, which is 74.4 - 73.65 = 0.75 more. So 0.75 / 245.5 ≈ 0.00305. So total is 0.3 + 0.00305 ≈ 0.3
---FINAL---
Final Answer: 0.303"
Q8_0,portfolio_return_002,einfach,portfolio_return,C_fixed_budget512,512,0,941925547,False,0.0523,0.053,False,Final Answer: 0.0523,512,520,15.664522599998236,0,"Okay, let's see. The investor has a portfolio split between Asset A and Asset B. 73% in A and 27% in B. The expected returns are 5.38% for A and 5.07% for B. I need to calculate the expected portfolio return as a decimal.

Hmm, right. The expected return of a portfolio is the weighted average of the returns of the individual assets. So, each asset's return is multiplied by its weight in the portfolio, then you add them together.

First, I should convert the percentages to decimals. So 73% is 0.73 and 27% is 0.27. The expected returns are 5.38% and 5.07%, which as decimals are 0.0538 and 0.0507.

Then the calculation would be: (0.73 * 0.0538) + (0.27 * 0.0507). Let me compute each part step by step.

Calculating 0.73 * 0.0538. Let me do that. 0.73 times 0.05 is 0.0365, and 0.73 times 0.0038. Wait, maybe it's easier to just multiply directly. Let me use a calculator approach here.

0.73 * 0.0538. Let me think. 0.7 * 0.0538 is 0.03766, and 0.03 * 0.0538 is 0.001614. Adding those together gives 0.03766 + 0.001614 = 0.039274. Wait, but that's if I split 0.73 into 0.7 and 0.03. Maybe there's a better way. Alternatively, 0.73 * 0.0538. Let me multiply 73 * 538 first, then adjust decimals.

Wait, maybe I should just do 0.73 * 0.0538. Let me compute 73 * 538. Wait, that's complicated. Maybe decimal multiplication is easier. Let me write it out:

",limit,eos,server,False,,unklar_manuell_pruefen,"Okay, let's see. The investor has a portfolio split between Asset A and Asset B. 73% in A and 27% in B. The expected returns are 5.38% for A and 5.07% for B. I need to calculate the expected portfolio return as a decimal.

Hmm, right. The expected return of a portfolio is the weighted average of the returns of the individual assets. So, each asset's return is multiplied by its weight in the portfolio, then you add them together.

First, I should convert the percentages to decimals. So 73% is 0.73 and 27% is 0.27. The expected returns are 5.38% and 5.07%, which as decimals are 0.0538 and 0.0507.

Then the calculation would be: (0.73 * 0.0538) + (0.27 * 0.0507). Let me compute each part step by step.

Calculating 0.73 * 0.0538. Let me do that. 0.73 times 0.05 is 0.0365, and 0.73 times 0.0038. Wait, maybe it's easier to just multiply directly. Let me use a calculator approach here.

0.73 * 0.0538. Let me think. 0.7 * 0.0538 is 0.03766, and 0.03 * 0.0538 is 0.001614. Adding those together gives 0.03766 + 0.001614 = 0.039274. Wait, but that's if I split 0.73 into 0.7 and 0.03. Maybe there's a better way. Alternatively, 0.73 * 0.0538. Let me multiply 73 * 538 first, then adjust decimals.

Wait, maybe I should just do 0.73 * 0.0538. Let me compute 73 * 538. Wait, that's complicated. Maybe decimal multiplication is easier. Let me write it out:


---FINAL---
Final Answer: 0.0523"
Q8_0,portfolio_return_002,einfach,portfolio_return,D_generic_budget256,256,0,1681576244,False,0.0525,0.053,True,Final Answer: 0.0525,256,264,7.987964899999497,0,"Okay, let's see. The investor has a portfolio split between Asset A and Asset B. 73% in A and 27% in B. The expected returns are 5.38% for A and 5.07% for B. I need to calculate the expected portfolio return as a decimal.

First, I remember that the expected return of a portfolio is the weighted average of the returns of the individual assets. So, it's the sum of (weight of asset * expected return of asset) for each asset.

So, converting the percentages to decimals first. The weights are 73% and 27%, which are 0.73 and 0.27 respectively. The returns are 5.38% and 5.07%, which as decimals are 0.0538 and 0.0507.

Calculating the first part: 0.73 * 0.0538. Let me do that multiplication. Let me think: 0.7 * 0.0538 is 0.03766, and 0.03 * 0.0538 is 0.001",limit,eos,server,False,,,"Okay, let's see. The investor has a portfolio split between Asset A and Asset B. 73% in A and 27% in B. The expected returns are 5.38% for A and 5.07% for B. I need to calculate the expected portfolio return as a decimal.

First, I remember that the expected return of a portfolio is the weighted average of the returns of the individual assets. So, it's the sum of (weight of asset * expected return of asset) for each asset.

So, converting the percentages to decimals first. The weights are 73% and 27%, which are 0.73 and 0.27 respectively. The returns are 5.38% and 5.07%, which as decimals are 0.0538 and 0.0507.

Calculating the first part: 0.73 * 0.0538. Let me do that multiplication. Let me think: 0.7 * 0.0538 is 0.03766, and 0.03 * 0.0538 is 0.001
---FINAL---
Final Answer: 0.0525"
Q8_0,correlation_003,mittel,correlation,D_generic_budget256,256,0,689133170,False,-0.313,-0.30907153054373127,False,"Final Answer: -0.313

The correlation coefficient (ρ) is calculated using the formula:  
ρ = Cov(A,B) / (σ_A * σ_B)  

Given:  
- Cov(A,B) = -0.003793  
- σ_A = 8.57% = 0.0857  
- σ_B = 14.32% = 0.1432  

Plugging in the values:  
ρ = -0.003793 / (0.0857 * 0.1432) ≈ -0.003793 / 0.01226 ≈ -0.313  

Final Answer: -0.313",256,423,12.78546230000029,0,"Okay, let me try to figure out how to calculate the correlation coefficient between Asset A and Asset B. Hmm, I remember that the correlation coefficient is related to covariance and the standard deviations of the two assets. Let me recall the formula.

I think the formula for the correlation coefficient (ρ) between two assets is the covariance divided by the product of their standard deviations. So, ρ = Cov(A,B) / (σ_A * σ_B). Let me check if that's right. Yeah, covariance measures how the two assets move together, but it's in units that depend on the assets' variances. To get a dimensionless measure, we divide by the product of their standard deviations. That makes sense.

Alright, so the problem gives me the standard deviations of Asset A and Asset B. Asset A has a standard deviation of 8.57%, which I need to convert to decimal form. Wait, actually, when calculating correlation, do I need to convert percentages to decimals? Let me think. The covariance is given as -0.003793. Let me check the units. If the standard deviations are in percentages, then converting them to decimals would be dividing by 100. But maybe the covariance is already in terms",limit,eos,server,False,,unklar_manuell_pruefen,"Okay, let me try to figure out how to calculate the correlation coefficient between Asset A and Asset B. Hmm, I remember that the correlation coefficient is related to covariance and the standard deviations of the two assets. Let me recall the formula.

I think the formula for the correlation coefficient (ρ) between two assets is the covariance divided by the product of their standard deviations. So, ρ = Cov(A,B) / (σ_A * σ_B). Let me check if that's right. Yeah, covariance measures how the two assets move together, but it's in units that depend on the assets' variances. To get a dimensionless measure, we divide by the product of their standard deviations. That makes sense.

Alright, so the problem gives me the standard deviations of Asset A and Asset B. Asset A has a standard deviation of 8.57%, which I need to convert to decimal form. Wait, actually, when calculating correlation, do I need to convert percentages to decimals? Let me think. The covariance is given as -0.003793. Let me check the units. If the standard deviations are in percentages, then converting them to decimals would be dividing by 100. But maybe the covariance is already in terms
---FINAL---
Final Answer: -0.313

The correlation coefficient (ρ) is calculated using the formula:  
ρ = Cov(A,B) / (σ_A * σ_B)  

Given:  
- Cov(A,B) = -0.003793  
- σ_A = 8.57% = 0.0857  
- σ_B = 14.32% = 0.1432  

Plugging in the values:  
ρ = -0.003793 / (0.0857 * 0.1432) ≈ -0.003793 / 0.01226 ≈ -0.313  

Final Answer: -0.313"
Q8_0,sharpe_ratio_001,einfach,sharpe_ratio,E_financial_budget1024,1024,0,212521714,False,0.303,0.3031,True,Final Answer: 0.303,1024,1031,31.20611050000116,0,"Okay, let me try to figure out how to calculate the Sharpe Ratio for this portfolio. Hmm, I remember the Sharpe Ratio is a measure of risk-adjusted return. It compares the excess return of the portfolio over the risk-free rate to the standard deviation of the portfolio's returns. So the formula should be something like (Expected Return - Risk-Free Rate) divided by the Standard Deviation. 

Let me check that again. Yeah, I think that's right. The Sharpe Ratio is (R_p - R_f) / σ_p, where R_p is the portfolio return, R_f is the risk-free rate, and σ_p is the standard deviation. 

Alright, so the problem gives me the expected annual return of the portfolio as 10.40%, the standard deviation as 24.55%, and the risk-free rate is 2.96%. All these percentages, so I need to make sure they're in the same units. Since they're all annual, that's fine. 

First, I should subtract the risk-free rate from the portfolio's expected return. Let me do that calculation. 10.40% minus 2.96%. Let me convert those percentages to decimals to make it easier. 10.40% is 0.1040 and 2.96% is 0.0296. So 0.1040 - 0.0296 equals... let me subtract. 0.1040 minus 0.0296. 

Starting with 0.1040 minus 0.02 is 0.0840, then minus 0.0096 more would be 0.0840 - 0.0096 = 0.0744. So the excess return is 0.0744, which is 7.44% in percentage terms. 

Next, I need to divide that by the standard deviation. The standard deviation is 24.55%, which as a decimal is 0.2455. So the Sharpe Ratio would be 0.0744 divided by 0.2455. Let me compute that. 

Let me do the division. 0.0744 ÷ 0.2455. Hmm, maybe I can simplify this. Let me write it as 74.4 / 245.5 to make it easier. Wait, because multiplying numerator and denominator by 1000 to eliminate decimals. 

Alternatively, I can use a calculator approach. Let me approximate. 0.2455 times 0.3 is 0.07365. That's pretty close to 0.0744. So 0.3 would give me 0.07365. The difference between 0.0744 and 0.07365 is 0.00075. So how much more than 0.3 do I need? 

So 0.2455 * x = 0.00075. Solving for x: x ≈ 0.00075 / 0.2455 ≈ 0.00305. So total Sharpe Ratio is approximately 0.3 + 0.00305 ≈ 0.30305. So roughly 0.303. 

But let me check with more precise calculation. Let me do the division step by step. 

Dividing 0.0744 by 0.2455. Let me rewrite this as 74.4 / 245.5. Let me divide numerator and denominator by something to make it simpler. Maybe divide numerator and denominator by 10: 7.44 / 24.55. 

Alternatively, use decimal division. Let me set it up as 74.4 ÷ 245.5. Wait, that's the same as 74.4 / 245.5. Let me compute this division. 

Alternatively, maybe I can use cross multiplication. Let me think. Let me use a calculator-like approach. 

Let me consider 245.5 * 0.3 = 73.65. As before. The numerator is 74.4, which is 74.4 - 73.65 = 0.75 more. So 0.75 / 245.5 ≈ 0.00305. So total is 0.3 + 0.00305 ≈ 0.3",limit,eos,server,False,,,"Okay, let me try to figure out how to calculate the Sharpe Ratio for this portfolio. Hmm, I remember the Sharpe Ratio is a measure of risk-adjusted return. It compares the excess return of the portfolio over the risk-free rate to the standard deviation of the portfolio's returns. So the formula should be something like (Expected Return - Risk-Free Rate) divided by the Standard Deviation. 

Let me check that again. Yeah, I think that's right. The Sharpe Ratio is (R_p - R_f) / σ_p, where R_p is the portfolio return, R_f is the risk-free rate, and σ_p is the standard deviation. 

Alright, so the problem gives me the expected annual return of the portfolio as 10.40%, the standard deviation as 24.55%, and the risk-free rate is 2.96%. All these percentages, so I need to make sure they're in the same units. Since they're all annual, that's fine. 

First, I should subtract the risk-free rate from the portfolio's expected return. Let me do that calculation. 10.40% minus 2.96%. Let me convert those percentages to decimals to make it easier. 10.40% is 0.1040 and 2.96% is 0.0296. So 0.1040 - 0.0296 equals... let me subtract. 0.1040 minus 0.0296. 

Starting with 0.1040 minus 0.02 is 0.0840, then minus 0.0096 more would be 0.0840 - 0.0096 = 0.0744. So the excess return is 0.0744, which is 7.44% in percentage terms. 

Next, I need to divide that by the standard deviation. The standard deviation is 24.55%, which as a decimal is 0.2455. So the Sharpe Ratio would be 0.0744 divided by 0.2455. Let me compute that. 

Let me do the division. 0.0744 ÷ 0.2455. Hmm, maybe I can simplify this. Let me write it as 74.4 / 245.5 to make it easier. Wait, because multiplying numerator and denominator by 1000 to eliminate decimals. 

Alternatively, I can use a calculator approach. Let me approximate. 0.2455 times 0.3 is 0.07365. That's pretty close to 0.0744. So 0.3 would give me 0.07365. The difference between 0.0744 and 0.07365 is 0.00075. So how much more than 0.3 do I need? 

So 0.2455 * x = 0.00075. Solving for x: x ≈ 0.00075 / 0.2455 ≈ 0.00305. So total Sharpe Ratio is approximately 0.3 + 0.00305 ≈ 0.30305. So roughly 0.303. 

But let me check with more precise calculation. Let me do the division step by step. 

Dividing 0.0744 by 0.2455. Let me rewrite this as 74.4 / 245.5. Let me divide numerator and denominator by something to make it simpler. Maybe divide numerator and denominator by 10: 7.44 / 24.55. 

Alternatively, use decimal division. Let me set it up as 74.4 ÷ 245.5. Wait, that's the same as 74.4 / 245.5. Let me compute this division. 

Alternatively, maybe I can use cross multiplication. Let me think. Let me use a calculator-like approach. 

Let me consider 245.5 * 0.3 = 73.65. As before. The numerator is 74.4, which is 74.4 - 73.65 = 0.75 more. So 0.75 / 245.5 ≈ 0.00305. So total is 0.3 + 0.00305 ≈ 0.3
---FINAL---
Final Answer: 0.303"
Q8_0,sharpe_ratio_001,einfach,sharpe_ratio,E_financial_budget512,512,0,1371054473,False,0.303,0.3031,True,Final Answer: 0.303,512,519,15.657133300000169,0,"Okay, let me try to figure out how to calculate the Sharpe Ratio for this portfolio. Hmm, I remember the Sharpe Ratio is a measure of risk-adjusted return. It compares the excess return of a portfolio over the risk-free rate to its standard deviation. 

So the formula, if I recall correctly, is (Expected Return - Risk-Free Rate) divided by the Standard Deviation. Let me write that down to make sure:

Sharpe Ratio = (Expected Return - Risk-Free Rate) / Standard Deviation

Alright, the problem gives me the expected annual return as 10.40%, the standard deviation as 24.55%, and the risk-free rate is 2.96%. All these percentages, so I need to convert them into decimals for the calculation, right? Or maybe I can just work with percentages as long as they are consistent. Wait, actually, since they are all percentages, subtracting them would be okay as long as they are in the same units. Let me check.

Let me convert them to decimals. The expected return is 10.40%, so that's 0.1040. The risk-free rate is 2.96%, so that's 0.0296. The standard deviation is 24.55%, which is 0.2455. 

So plugging into the formula:

(0.1040 - 0.0296) / 0.2455

Let me calculate the numerator first. 0.1040 minus 0.0296. Let me subtract those. 

0.1040 minus 0.0296. Let me do that step by step. 0.1040 minus 0.02 is 0.0840, then minus 0.0096 more. So 0.0840 - 0.0096 equals 0.0744. So the numerator is 0.0744.

Then divide that by the standard deviation, which is 0.2455. So 0.0744 divided by 0.2455. Let me compute that. 

Hmm, let me do this division. Maybe I can approximate it. Let me see. 0.0744 / 0.2455",limit,eos,server,False,,,"Okay, let me try to figure out how to calculate the Sharpe Ratio for this portfolio. Hmm, I remember the Sharpe Ratio is a measure of risk-adjusted return. It compares the excess return of a portfolio over the risk-free rate to its standard deviation. 

So the formula, if I recall correctly, is (Expected Return - Risk-Free Rate) divided by the Standard Deviation. Let me write that down to make sure:

Sharpe Ratio = (Expected Return - Risk-Free Rate) / Standard Deviation

Alright, the problem gives me the expected annual return as 10.40%, the standard deviation as 24.55%, and the risk-free rate is 2.96%. All these percentages, so I need to convert them into decimals for the calculation, right? Or maybe I can just work with percentages as long as they are consistent. Wait, actually, since they are all percentages, subtracting them would be okay as long as they are in the same units. Let me check.

Let me convert them to decimals. The expected return is 10.40%, so that's 0.1040. The risk-free rate is 2.96%, so that's 0.0296. The standard deviation is 24.55%, which is 0.2455. 

So plugging into the formula:

(0.1040 - 0.0296) / 0.2455

Let me calculate the numerator first. 0.1040 minus 0.0296. Let me subtract those. 

0.1040 minus 0.0296. Let me do that step by step. 0.1040 minus 0.02 is 0.0840, then minus 0.0096 more. So 0.0840 - 0.0096 equals 0.0744. So the numerator is 0.0744.

Then divide that by the standard deviation, which is 0.2455. So 0.0744 divided by 0.2455. Let me compute that. 

Hmm, let me do this division. Maybe I can approximate it. Let me see. 0.0744 / 0.2455
---FINAL---
Final Answer: 0.303"
Q8_0,correlation_003,mittel,correlation,B_free,,0,1999557335,False,-0.3091,-0.30907153054373127,True,"

To calculate the correlation coefficient between Asset A and Asset B, we use the following formula:

$$
\rho_{A,B} = \frac{\text{Cov}(A,B)}{\sigma_A \cdot \sigma_B}
$$

Where:
- $\text{Cov}(A,B)$ is the covariance between the two assets,
- $\sigma_A$ is the standard deviation of Asset A,
- $\sigma_B$ is the standard deviation of Asset B.

---

### Step 1: Convert percentages to decimals

- Standard deviation of Asset A: $8.57\% = 0.0857$
- Standard deviation of Asset B: $14.32\% = 0.1432$
- Covariance: $-0.003793$

---

### Step 2: Compute the product of the standard deviations

$$
\sigma_A \cdot \sigma_B = 0.0857 \cdot 0.1432 = 0.01227224
$$

---

### Step 3: Divide the covariance by the product of standard deviations

$$
\rho_{A,B} = \frac{-0.003793}{0.01227224} \approx -0.30907
$$

---

### Step 4: Round the result

Rounding to four decimal places:

$$
\rho_{A,B} \approx -0.3091
$$

---

### Final Answer:

$$
\boxed{-0.3091}
$$",9781,10124,329.49757370000043,0,"Okay, let's see. I need to calculate the correlation coefficient between Asset A and Asset B. Hmm, I remember that the correlation coefficient is related to covariance and the standard deviations of the two assets. Let me recall the formula.

I think the formula for the correlation coefficient (ρ) is the covariance of A and B divided by the product of their standard deviations. So, ρ = Cov(A,B) / (σ_A * σ_B). Right, that sounds familiar from my finance class. Let me make sure I got that right. Yeah, covariance measures how the two assets move together, but it's in units that depend on the assets' variances. To get the correlation, which is a dimensionless number between -1 and 1, you divide by the product of their standard deviations. That makes sense.

Alright, so the covariance given here is -0.003793. The standard deviation of Asset A is 8.57%, and Asset B is 14.32%. Wait, but percentages... I need to convert those percentages into decimal form, right? Because standard deviation is usually in decimal for calculations. Let me check. If the standard deviation is 8.57%, that's 0.0857 in decimal. Similarly, 14.32% is 0.1432. Let me confirm that. Yes, percentages converted to decimals by dividing by 100. So, σ_A = 0.0857 and σ_B = 0.1432.

Now, plug these into the formula. So, ρ = -0.003793 / (0.0857 * 0.1432). Let me calculate the denominator first. Multiplying 0.0857 by 0.1432. Let me do that step by step. 0.0857 * 0.1432. Let me approximate this. Let me use a calculator here. Wait, since I need to be precise, maybe I should compute it accurately.

Alternatively, maybe I can compute it step by step. Let me write down:

0.0857 * 0.1432. Let me compute this. Let me think of 0.0857 * 0.1432. Let me multiply 857 * 1432 first, then adjust the decimal places. Wait, that might be too tedious. Alternatively, use decimal multiplication.

Alternatively, since I might not have a calculator here, maybe I can approximate? Wait, but since this is a problem to solve, perhaps I need to compute it accurately. Let me try.

Alternatively, maybe I can use the exact numbers. Let me note that 0.0857 * 0.1432. Let me write them as:

First, 0.08 * 0.14 = 0.0112. But that's just part of it. Let me do it properly.

Alternatively, use the formula:

Multiply 0.0857 by 0.1432:

Let me break down 0.1432 into 0.1 + 0.04 + 0.0032.

So, 0.0857 * 0.1 = 0.00857

0.0857 * 0.04 = 0.003428

0.0857 * 0.0032 = ?

Let me compute 0.0857 * 0.0032. Let me first compute 857 * 32 = ?

Well, 800*32=25,600; 57*32=1,824. So total is 25,600 + 1,824 = 27,424. Then, since 0.0857 is 857 * 10^(-4), and 0.0032 is 32 * 10^(-5). So multiplying them gives 27,424 * 10^(-9) = 0.000027424. Wait, maybe I'm overcomplicating.

Alternatively, 0.0857 * 0.0032 = (0.08 * 0.0032) + (0.0057 * 0.0032). Let me compute 0.08 * 0.0032 = 0.000256. Then 0.0057 * 0.0032 = 0.00001824. Adding them together gives 0.000256 + 0.00001824 = 0.00027424.

So adding all three parts:

0.00857 (from 0.1) + 0.003428 (from 0.04) + 0.00027424 (from 0.0032) = 

Let me add 0.00857 + 0.003428 = 0.011998. Then add 0.00027424 to get 0.011998 + 0.00027424 = 0.01227224.

So the product of 0.0857 * 0.1432 is approximately 0.01227224. Let me check if that's accurate. Alternatively, maybe I can use another method. Let me check with another approach.

Alternatively, use decimal multiplication:

Multiply 0.0857 by 0.1432.

First, multiply 0.0857 by 0.1432:

Let me consider 857 * 1432. Wait, that's going to be a big number. Maybe it's easier to use a calculator-like approach here. Wait, maybe I can use approximate values. Alternatively, perhaps I made an error in breaking it down. Let me try again.

Alternatively, use the formula: 0.0857 * 0.1432 = ?

Let me convert them to fractions? Probably not helpful. Alternatively, think of 0.0857 as approximately 0.0857 and 0.1432 as approximately 0.143. Let me use a calculator-like approximation. Let me approximate 0.0857 * 0.1432.

Let me note that 0.0857 * 0.1432 is equal to (approx) 0.08 * 0.14 = 0.0112, but since both numbers are a bit higher, the actual value should be a bit more. Let me think. Let me use linear approximation or something. Alternatively, perhaps I should accept that my earlier calculation of approximately 0.01227 is correct. Let me check with another breakdown.

Alternatively, think of 0.0857 * 0.1432 = ?

Let me write 0.0857 * 0.1432 = ?

Let me compute 0.0857 * 0.14 = 0.011998

Then 0.0857 * 0.0032 = 0.00027424

So total is 0.011998 + 0.00027424 = 0.01227224, which matches my earlier result. So that seems correct.

So the denominator is approximately 0.01227224.

Then, the covariance is -0.003793. So the correlation coefficient is -0.003793 divided by 0.01227224.

Let me compute that division. Let me write it as -0.003793 / 0.01227224.

Let me compute the absolute value first: 0.003793 / 0.01227224.

Let me divide numerator and denominator by 0.0001 to make it easier: 37.93 / 122.7224.

So approximately 37.93 divided by 122.7224. Let me compute that.

Well, 122.7224 goes into 37.93 how many times? Since 122.7224 is about 122.7, and 37.93 is about 37.93. Let me compute 37.93 / 122.7 ≈ ?

Well, 122.7 * 0.3 = 36.81. So 0.3 gives 36.81. The numerator is 37.93, which is 37.93 - 36.81 = 1.12 more. So 1.12 / 122.7 ≈ 0.0091. So total is approximately 0.3 + 0.0091 = 0.3091. So approximately 0.309. Therefore, the correlation coefficient is approximately -0.309.

But let me check with a more precise calculation. Let me use decimal division.

Let me write 0.003793 / 0.01227224.

Let me multiply numerator and denominator by 1,000,000 to eliminate decimals. Wait, that might not be helpful. Alternatively, use a calculator approach.

Alternatively, note that 0.01227224 * 0.3 = 0.003681672

Compare with numerator 0.003793. The difference between 0.003793 and 0.003681672 is 0.000111328.

So, how much more than 0.3 is needed?

So, 0.000111328 / 0.01227224 ≈ ?

Let me compute that. 0.000111328 / 0.01227224 ≈ 0.00907. Therefore, total is approximately 0.3 + 0.00907 ≈ 0.30907. Therefore, approximately -0.3091.

So the correlation coefficient is approximately -0.309. Let me check if this is correct. But let me verify my calculation once again.

Alternatively, maybe I can use exact decimal computation. Let me use the numbers:

Covariance is -0.003793.

Standard deviations: σ_A = 0.0857, σ_B = 0.1432.

So, product σ_A * σ_B = 0.0857 * 0.1432 = ?

Let me use a calculator here. Wait, since I don't have a calculator, but I can use more accurate multiplication.

Let me write 0.0857 * 0.1432:

First, multiply 857 * 1432. Let me compute that:

First, 800 * 1432 = 1,145,600

Then 57 * 1432:

Compute 50 * 1432 = 71,600

7 * 1432 = 10,024

So total 71,600 + 10,024 = 81,624

Therefore, total 857 * 1432 = 1,145,600 + 81,624 = 1,227,224

Now, since 0.0857 is 857 * 10^{-4} and 0.1432 is 1432 * 10^{-4}, their product is 1,227,224 * 10^{-8} = 0.01227224. Exactly as before. So the denominator is 0.01227224.

Therefore, correlation coefficient is -0.003793 / 0.01227224 = -0.30907...

So approximately -0.3091. Let me check the exact decimal.

Let me compute -0.003793 / 0.01227224.

Let me write this as -3.793 × 10^{-3} / 1.227224 × 10^{-2} = - (3.793 / 1.227224) × 10^{-1}.

Compute 3.793 / 1.227224.

Let me approximate this division.

Let me note that 1.227224 × 3 = 3.681672

Subtract this from 3.793: 3.793 - 3.681672 = 0.111328.

So now, 0.111328 / 1.227224 ≈ 0.0907.

Therefore, total is 3 + 0.0907 = 3.0907. Multiply by 10^{-1} gives 0.30907. Therefore, the correlation coefficient is approximately -0.30907.

So rounding to, say, four decimal places, it's -0.3091. However, depending on the required precision, maybe we need more exactness. Let me check if the exact value is different.

Alternatively, perhaps I can use more precise steps. Let me try.

Let me consider that 3.793 divided by 1.227224.

Let me perform the division step by step.

Divide 3.793 by 1.227224.

First, 1.227224 goes into 3.793 three times (3 * 1.227224 = 3.681672). Subtract that from 3.793, we get 3.793 - 3.681672 = 0.111328.

Bring down zeros (assuming decimal division). So now, we have 0.111328 divided by 1.227224.

Multiply numerator and denominator by 10^6 to make it easier? Not sure. Alternatively, multiply numerator and denominator by 1,000,000 to eliminate decimals, but that might not help. Alternatively, note that 0.111328 / 1.227224 ≈ 0.0907 as before.

Therefore, total is approximately 3.0907, so 0.30907 when multiplied by 10^{-1}. Therefore, the correlation coefficient is approximately -0.3091.

But let me check if there is a more precise value. Let me use more decimal places.

Let me compute 0.111328 / 1.227224.

Let me approximate this fraction. Let me write it as 0.111328 / 1.227224.

Let me multiply numerator and denominator by 1,000,000 to get rid of decimals:

Numerator: 0.111328 * 1,000,000 = 111,328

Denominator: 1.227224 * 1,000,000 = 1,227,224

So now, 111,328 / 1,227,224. Let me divide numerator and denominator by 8:

Numerator: 111,328 ÷ 8 = 13,916

Denominator: 1,227,224 ÷ 8 = 153,403

So now, 13,916 / 153,403 ≈ ?

Let me compute that division. Let me approximate.

Let me note that 153,403 × 0.09 = 13,806.27

Compare with numerator 13,916. The difference is 13,916 - 13,806.27 = 109.73.

So, 109.73 / 153,403 ≈ 0.000715.

Therefore, total is approximately 0.09 + 0.000715 = 0.090715.

Therefore, the total value is 3.090715, so the correlation coefficient is -0.3090715.

So approximately -0.3091. Therefore, rounding to four decimal places, it's -0.3091. But depending on the required precision, maybe we need to check more decimals or see if the exact value is different.

Alternatively, perhaps I can use the exact fraction:

-0.003793 / 0.01227224.

Let me write both numbers as fractions. But that might not be helpful. Alternatively, use decimal expansion.

Alternatively, perhaps there is a calculation mistake. Let me check the initial numbers again.

The covariance is -0.003793. The standard deviations are 8.57% and 14.32%. Wait, but percentages. So converting them to decimals:

8.57% = 0.0857

14.32% = 0.1432

Yes, that's correct.

So the product σ_A * σ_B = 0.0857 * 0.1432 = 0.01227224 as computed.

Then covariance is -0.003793. So dividing -0.003793 by 0.01227224 gives approximately -0.3091.

But let me verify with another approach. Let me use the formula:

ρ = Cov(A,B) / (σ_A * σ_B)

So plugging in the numbers:

ρ = -0.003793 / (0.0857 * 0.1432) = -0.003793 / 0.01227224 ≈ -0.3091.

Yes. So the correlation coefficient is approximately -0.3091. Depending on rounding, maybe the answer is -0.309 or -0.31. But let me check if the exact value is slightly different.

Alternatively, perhaps I should carry out the division with more precision. Let me try.

Let me take the numerator as -0.003793 and denominator as 0.01227224.

Let me write this as -3.793 × 10^{-3} / 1.227224 × 10^{-2} = - (3.793 / 1.227224) × 10^{-1}.

So compute 3.793 ÷ 1.227224.

Let me perform this division step by step.

Let me consider 1.227224 × 3 = 3.681672, as before.

Subtract that from 3.793: 3.793 - 3.681672 = 0.111328.

Now, we have 0.111328 divided by 1.227224. Let me multiply numerator and denominator by 1,000,000 to get 111,328 / 1,227,224 ≈ 0.090715 as before.

So total is 3.090715, so the value is -0.3090715.

So approximately -0.3091. If we round to four decimal places, it's -0.3091. If we round to three decimal places, it's -0.309. Depending on the required precision, but since the original numbers have four decimal places (covariance is given to six decimal places?), wait:

Wait, covariance is given as -0.003793, which is six decimal places? Wait, no, -0.003793 is five decimal places? Let me check:

-0.003793 is written as -0.003793. So that's six decimal places? Let me count:

After the decimal: 0 (1), 0 (2), 3 (3), 7 (4), 9 (5), 3 (6). Yes, six decimal places. However, the standard deviations are given as 8.57% (two decimal places) and 14.32% (two decimal places). So the precision of the inputs affects the precision of the output. But since the question asks for the correlation coefficient, which is typically reported to two or three decimal places, but maybe they want more precise.

But let me check if there's a calculation mistake. Let me use another approach. Let me compute the exact value using decimal precision.

Let me compute 0.003793 divided by 0.01227224.

Let me use the fact that dividing by 0.01227224 is the same as multiplying by 1/0.01227224.

What is 1/0.01227224?

Let me compute that. Let me approximate 1 / 0.01227224.

Let me note that 1 / 0.012 = 83.333...

But since 0.01227224 is slightly larger than 0.012, the reciprocal will be slightly less than 83.333.

Let me compute 0.01227224 × 81 = ?

0.01227224 × 80 = 0.9817792

0.01227224 × 1 = 0.01227224

Total: 0.9817792 + 0.01227224 = 0.99405144

That's 81 × 0.01227224 = 0.99405144

Which is less than 1. The difference is 1 - 0.99405144 = 0.00594856.

Now, let me find how much more than 81 is needed. Let me call x the additional amount such that (81 + x) * 0.01227224 = 1.

So x * 0.01227224 = 0.00594856

Therefore, x = 0.00594856 / 0.01227224 ≈ 0.00594856 / 0.01227224 ≈ 0.485.

So total is approximately 81 + 0.485 = 81.485. Therefore, 1 / 0.01227224 ≈ 81.485.

Therefore, 0.003793 * 81.485 ≈ ?

Let me compute 0.003793 * 81.485.

First, compute 0.003793 * 80 = 0.30344

Then 0.003793 * 1.485 = ?

Let me compute 0.003793 * 1 = 0.003793

0.003793 * 0.4 = 0.0015172

0.003793 * 0.08 = 0.00030344

0.003793 * 0.005 = 0.000018965

Adding these together:

0.003793 + 0.0015172 = 0.0053102

+ 0.00030344 = 0.00561364

+ 0.000018965 ≈ 0.0056326

So total of 0.003793 * 1.485 ≈ 0.0056326.

Adding to the previous 0.30344 gives total ≈ 0.30344 + 0.0056326 ≈ 0.3090726.

Therefore, 0.003793 * 81.485 ≈ 0.30907, so the value is approximately 0.30907. Hence, the correlation coefficient is -0.30907, which is approximately -0.3091.

So, rounding to four decimal places, it's -0.3091. But depending on the required precision, maybe it's -0.309 or -0.31. However, given the inputs, let me check if the exact value is different.

Alternatively, maybe the exact value is -0.309. Let me check with the exact numbers:

Covariance = -0.003793

σ_A * σ_B = 0.0857 * 0.1432 = 0.01227224

So ρ = -0.003793 / 0.01227224 = - (0.003793 / 0.01227224)

Let me compute this using decimal division:

Let me write this as:

Dividing -0.003793 by 0.01227224.

Let me adjust the decimal places to make it easier. Multiply numerator and denominator by 10^6 to eliminate decimals:

Numerator: -0.003793 * 10^6 = -3793

Denominator: 0.01227224 * 10^6 = 12272.24

So now, it's -3793 / 12272.24 ≈ ?

Let me compute this division.

First, approximate 3793 / 12272.24.

Let me note that 12272.24 × 0.3 = 3681.672

Subtract that from 3793: 3793 - 3681.672 = 111.328

Now, 111.328 / 12272.24 ≈ 0.00907

So total is 0.3 + 0.00907 = 0.30907, so the value is -0.30907.

Therefore, the exact value is approximately -0.30907, which rounds to -0.3091 when rounded to four decimal places, or -0.309 when rounded to three decimal places.

Since financial calculations often use three decimal places for correlation coefficients, but sometimes more. However, the question doesn't specify, so I should check if there's a more precise way or if there's a calculation mistake.

Alternatively, perhaps I can use exact fractions. Let me try.

But given that the covariance is -0.003793 and the standard deviations are 0.0857 and 0.1432, which are likely exact values (maybe given to four decimal places?), then the calculation is as above.

Therefore, the correlation coefficient is approximately -0.3091. Depending on rounding conventions, it might be -0.309 or -0.31. However, since the exact value is approximately -0.30907, which is closer to -0.309 than to -0.31. But let me check with more precise calculation.

Let me consider that -0.30907 is approximately -0.3091 when rounded to four decimal places. If the question expects four decimal places, that's the answer. But maybe the answer is expected to be more precise or maybe there's a calculation mistake.

Alternatively, perhaps I should use the exact numbers without approximating the standard deviations. Wait, the standard deviations are given as 8.57% and 14.32%, which are exact? Or are they approximate?

Assuming they are exact, then the calculation is precise as above.

Alternatively, perhaps there's a calculation error in multiplying 0.0857 by 0.1432. Let me verify that again.

0.0857 * 0.1432:

Let me use another method. Let me convert them to fractions. But that might not be helpful. Alternatively, use a calculator-like approach.

Let me consider 0.0857 * 0.1432:

Break down 0.1432 into 0.1 + 0.04 + 0.003 + 0.0002.

So:

0.0857 * 0.1 = 0.00857

0.0857 * 0.04 = 0.003428

0.0857 * 0.003 = 0.0002571

0.0857 * 0.0002 = 0.00001714

Now add them all together:

0.00857 + 0.003428 = 0.011998

+ 0.0002571 = 0.0122551

+ 0.00001714 = 0.01227224

Yes! Exactly the same result as before. So the product is indeed 0.01227224. So that is correct.

Thus, the correlation coefficient is -0.003793 / 0.01227224 ≈ -0.30907, which is approximately -0.3091.

Therefore, the final answer should be -0.3091. But let me check if there's a standard way to present this. In finance, correlation coefficients are often reported to two or three decimal places. If we round to three decimal places, it would be -0.309. If to four, -0.3091. However, since the covariance was given to six decimal places, and standard deviations to two, it's possible that the answer should be more precise. However, without specific instructions, I think providing it to four decimal places is acceptable.

Alternatively, maybe the exact value is -0.309. Let me check with more precise calculation.

Let me use more decimal places for the division:

We have -0.30907... So if I round to four decimal places, it's -0.3091, and to three, -0.309. But let me check if the exact value is perhaps -0.309.

Alternatively, maybe I made a mistake in the sign? No, the covariance is negative, so the correlation should be negative. That's correct.

Alternatively, let me check with another method. Let me use the formula:

ρ = Cov(A,B) / (σ_A * σ_B)

Given:

Cov(A,B) = -0.003793

σ_A = 0.0857

σ_B = 0.1432

So, ρ = -0.003793 / (0.0857 * 0.1432) = -0.003793 / 0.01227224 ≈ -0.30907.

Yes, so the exact value is approximately -0.30907. Depending on rounding, but since the question doesn't specify, I should present it with sufficient precision. In many cases, two decimal places are standard, but since the calculation yields approximately -0.3091, which is -0.31 when rounded to two decimal places. However, let me verify:

-0.30907 rounded to two decimal places: The third decimal is 9, which is more than 5, so round up the second decimal. The second decimal is 0, so it becomes 0.31. But since it's negative, it would be -0.31.

But if the question expects more precise, like three decimal places, it would be -0.309. But I need to check if there is an exact value or if there's a calculation mistake.

Alternatively, maybe I should use exact computation with more precision. Let me try using more decimal places for the division.

Let me consider -0.003793 divided by 0.01227224.

Let me write this as:

-0.003793 / 0.01227224 = - (3.793 × 10^{-3}) / (1.227224 × 10^{-2}) = - (3.793 / 1.227224) × 10^{-1}.

Let me compute 3.793 / 1.227224 using long division.

Let me set up 3.793 ÷ 1.227224.

First, I can write this as 3.793 divided by 1.227224.

Let me multiply numerator and denominator by 1,000,000 to eliminate decimals:

Numerator: 3.793 * 1,000,000 = 3,793,000

Denominator: 1.227224 * 1,000,000 = 1,227,224

So now, compute 3,793,000 ÷ 1,227,224.

Let me perform this division.

First, determine how many times 1,227,224 fits into 3,793,000.

1,227,224 × 3 = 3,681,672

Subtract this from 3,793,000: 3,793,000 - 3,681,672 = 111,328.

Now, bring down zeros (assuming decimal division). So now we have 111,328.000...

Now, determine how many times 1,227,224 fits into 1,113,280 (after adding a decimal point and zeros).

Since 1,227,224 is larger than 1,113,280, it fits 0 times. So we add a decimal point and a zero, making it 1,113,280.0.

Now, 1,227,224 fits 0 times again. Add another zero, making it 11,132,800.

Now, how many times does 1,227,224 fit into 11,132,800?

Let me compute 1,227,224 × 9 = 11,045,016

Subtract from 11,132,800: 11,132,800 - 11,045,016 = 87,784.

So we have 9 so far, with a remainder of 87,784.

Bring down another zero, making it 877,840.

How many times does 1,227,224 fit into 877,840? 0 times. Add another zero, making it 8,778,400.

Now, 1,227,224 × 7 = 8,590,568

Subtract from 8,778,400: 8,778,400 - 8,590,568 = 187,832.

So now, we have 9.07 so far.

Bring down another zero, making it 1,878,320.

1,227,224 fits 1 time (1,227,224 × 1 = 1,227,224).

Subtract: 1,878,320 - 1,227,224 = 651,096.

Now, we have 9.071 so far.

Bring down another zero, making it 6,510,960.

1,227,224 fits 5 times (1,227,224 × 5 = 6,136,120).

Subtract: 6,510,960 - 6,136,120 = 374,840.

So now, we have 9.0715...

Continuing this process, it's clear that the value is approximately 3.0907...

Therefore, the division gives approximately 3.0907, so multiplying by 10^{-1} gives -0.30907.

Therefore, the correlation coefficient is approximately -0.3091 when rounded to four decimal places.

Since the question doesn't specify the number of decimal places, but given that the covariance is provided to six decimal places, and standard deviations to two, it's reasonable to present the correlation coefficient to four decimal places, which would be -0.3091.

However, let me check if there's any possibility that the exact value is a round number. For example, maybe -0.309 is sufficient. But without further information, I'll go with the precise calculation.

Final Answer: -0.3091

But wait, let me check if the initial numbers might have been given with different precisions. For example, if the standard deviations are given as 8.57% and 14.32%, which are precise to two decimal places, then the product σ_A * σ_B is 0.0857 * 0.1432 = 0.01227224, which is precise to six decimal places. The covariance is given as -0.003793, which is precise to six decimal places. Therefore, the calculation is precise, and the result of -0.30907 is accurate to five decimal places. Therefore, rounding to four decimal places, it's -0.3091.

Alternatively, if the question expects the answer to be in three decimal places, it would be -0.309. But since the covariance has more decimal places, it's better to use more precision. However, in finance, correlation coefficients are often reported to two or three decimal places. But since the exact calculation is approximately -0.3091, I think it's safe to present it as -0.3091.

But let me check one last thing. Maybe there's a calculation mistake in the covariance or standard deviations. For example, if the covariance was supposed to be -0.003793, which is a very small number, and the standard deviations are 8.57% and 14.32%, which are both in percentages, but converted correctly to decimals. Yes, that's correct.

Yes, all steps seem correct. Therefore, the final answer is approximately -0.3091.

Final Answer: -0.3091

But wait, in some contexts, the correlation coefficient is expected to be rounded to three decimal places. Let me check if -0.3091 is the same as -0.309 when rounded to three decimal places. Yes, because the fourth decimal is 1, which is less than 5, so it remains -0.309. Wait, no: -0.3091 is -0.3091, which to three decimal places is -0.309 (since the fourth digit is 1, which is less than 5). But if it were -0.3095, it would round to -0.310. So in this case, -0.3091 is -0.309 when rounded to three decimal places.

But earlier, I thought it was -0.3091 when rounded to four decimal places. So depending on the required precision, but since the question doesn't specify, I need to choose. In many cases, three decimal places are standard. Let me check the original numbers:

- Covariance is given to six decimal places.

- Standard deviations are given to two decimal places (8.57% and 14.32%).

Therefore, the precision of the standard deviations is limited to two decimal places, which might affect the precision of the final result. Let me consider error propagation. However, since the question doesn't ask for error analysis, just the calculation, I should proceed with the exact calculation.

But since the standard deviations are given to two decimal places, maybe they are precise to two decimal places, and the covariance is also precise to six decimal places. However, the multiplication of two numbers with two decimal places would result in a product with more decimal places, but the precision is still limited by the original numbers. This is getting too complex for the problem's scope.

Given that, I'll proceed with the exact calculation of -0.30907, which rounds to -0.3091 when rounded to four decimal places. Therefore, I'll present the final answer as -0.3091.

Final Answer: -0.3091
",word,eos,retokenized,False,,,"Okay, let's see. I need to calculate the correlation coefficient between Asset A and Asset B. Hmm, I remember that the correlation coefficient is related to covariance and the standard deviations of the two assets. Let me recall the formula.

I think the formula for the correlation coefficient (ρ) is the covariance of A and B divided by the product of their standard deviations. So, ρ = Cov(A,B) / (σ_A * σ_B). Right, that sounds familiar from my finance class. Let me make sure I got that right. Yeah, covariance measures how the two assets move together, but it's in units that depend on the assets' variances. To get the correlation, which is a dimensionless number between -1 and 1, you divide by the product of their standard deviations. That makes sense.

Alright, so the covariance given here is -0.003793. The standard deviation of Asset A is 8.57%, and Asset B is 14.32%. Wait, but percentages... I need to convert those percentages into decimal form, right? Because standard deviation is usually in decimal for calculations. Let me check. If the standard deviation is 8.57%, that's 0.0857 in decimal. Similarly, 14.32% is 0.1432. Let me confirm that. Yes, percentages converted to decimals by dividing by 100. So, σ_A = 0.0857 and σ_B = 0.1432.

Now, plug these into the formula. So, ρ = -0.003793 / (0.0857 * 0.1432). Let me calculate the denominator first. Multiplying 0.0857 by 0.1432. Let me do that step by step. 0.0857 * 0.1432. Let me approximate this. Let me use a calculator here. Wait, since I need to be precise, maybe I should compute it accurately.

Alternatively, maybe I can compute it step by step. Let me write down:

0.0857 * 0.1432. Let me compute this. Let me think of 0.0857 * 0.1432. Let me multiply 857 * 1432 first, then adjust the decimal places. Wait, that might be too tedious. Alternatively, use decimal multiplication.

Alternatively, since I might not have a calculator here, maybe I can approximate? Wait, but since this is a problem to solve, perhaps I need to compute it accurately. Let me try.

Alternatively, maybe I can use the exact numbers. Let me note that 0.0857 * 0.1432. Let me write them as:

First, 0.08 * 0.14 = 0.0112. But that's just part of it. Let me do it properly.

Alternatively, use the formula:

Multiply 0.0857 by 0.1432:

Let me break down 0.1432 into 0.1 + 0.04 + 0.0032.

So, 0.0857 * 0.1 = 0.00857

0.0857 * 0.04 = 0.003428

0.0857 * 0.0032 = ?

Let me compute 0.0857 * 0.0032. Let me first compute 857 * 32 = ?

Well, 800*32=25,600; 57*32=1,824. So total is 25,600 + 1,824 = 27,424. Then, since 0.0857 is 857 * 10^(-4), and 0.0032 is 32 * 10^(-5). So multiplying them gives 27,424 * 10^(-9) = 0.000027424. Wait, maybe I'm overcomplicating.

Alternatively, 0.0857 * 0.0032 = (0.08 * 0.0032) + (0.0057 * 0.0032). Let me compute 0.08 * 0.0032 = 0.000256. Then 0.0057 * 0.0032 = 0.00001824. Adding them together gives 0.000256 + 0.00001824 = 0.00027424.

So adding all three parts:

0.00857 (from 0.1) + 0.003428 (from 0.04) + 0.00027424 (from 0.0032) = 

Let me add 0.00857 + 0.003428 = 0.011998. Then add 0.00027424 to get 0.011998 + 0.00027424 = 0.01227224.

So the product of 0.0857 * 0.1432 is approximately 0.01227224. Let me check if that's accurate. Alternatively, maybe I can use another method. Let me check with another approach.

Alternatively, use decimal multiplication:

Multiply 0.0857 by 0.1432.

First, multiply 0.0857 by 0.1432:

Let me consider 857 * 1432. Wait, that's going to be a big number. Maybe it's easier to use a calculator-like approach here. Wait, maybe I can use approximate values. Alternatively, perhaps I made an error in breaking it down. Let me try again.

Alternatively, use the formula: 0.0857 * 0.1432 = ?

Let me convert them to fractions? Probably not helpful. Alternatively, think of 0.0857 as approximately 0.0857 and 0.1432 as approximately 0.143. Let me use a calculator-like approximation. Let me approximate 0.0857 * 0.1432.

Let me note that 0.0857 * 0.1432 is equal to (approx) 0.08 * 0.14 = 0.0112, but since both numbers are a bit higher, the actual value should be a bit more. Let me think. Let me use linear approximation or something. Alternatively, perhaps I should accept that my earlier calculation of approximately 0.01227 is correct. Let me check with another breakdown.

Alternatively, think of 0.0857 * 0.1432 = ?

Let me write 0.0857 * 0.1432 = ?

Let me compute 0.0857 * 0.14 = 0.011998

Then 0.0857 * 0.0032 = 0.00027424

So total is 0.011998 + 0.00027424 = 0.01227224, which matches my earlier result. So that seems correct.

So the denominator is approximately 0.01227224.

Then, the covariance is -0.003793. So the correlation coefficient is -0.003793 divided by 0.01227224.

Let me compute that division. Let me write it as -0.003793 / 0.01227224.

Let me compute the absolute value first: 0.003793 / 0.01227224.

Let me divide numerator and denominator by 0.0001 to make it easier: 37.93 / 122.7224.

So approximately 37.93 divided by 122.7224. Let me compute that.

Well, 122.7224 goes into 37.93 how many times? Since 122.7224 is about 122.7, and 37.93 is about 37.93. Let me compute 37.93 / 122.7 ≈ ?

Well, 122.7 * 0.3 = 36.81. So 0.3 gives 36.81. The numerator is 37.93, which is 37.93 - 36.81 = 1.12 more. So 1.12 / 122.7 ≈ 0.0091. So total is approximately 0.3 + 0.0091 = 0.3091. So approximately 0.309. Therefore, the correlation coefficient is approximately -0.309.

But let me check with a more precise calculation. Let me use decimal division.

Let me write 0.003793 / 0.01227224.

Let me multiply numerator and denominator by 1,000,000 to eliminate decimals. Wait, that might not be helpful. Alternatively, use a calculator approach.

Alternatively, note that 0.01227224 * 0.3 = 0.003681672

Compare with numerator 0.003793. The difference between 0.003793 and 0.003681672 is 0.000111328.

So, how much more than 0.3 is needed?

So, 0.000111328 / 0.01227224 ≈ ?

Let me compute that. 0.000111328 / 0.01227224 ≈ 0.00907. Therefore, total is approximately 0.3 + 0.00907 ≈ 0.30907. Therefore, approximately -0.3091.

So the correlation coefficient is approximately -0.309. Let me check if this is correct. But let me verify my calculation once again.

Alternatively, maybe I can use exact decimal computation. Let me use the numbers:

Covariance is -0.003793.

Standard deviations: σ_A = 0.0857, σ_B = 0.1432.

So, product σ_A * σ_B = 0.0857 * 0.1432 = ?

Let me use a calculator here. Wait, since I don't have a calculator, but I can use more accurate multiplication.

Let me write 0.0857 * 0.1432:

First, multiply 857 * 1432. Let me compute that:

First, 800 * 1432 = 1,145,600

Then 57 * 1432:

Compute 50 * 1432 = 71,600

7 * 1432 = 10,024

So total 71,600 + 10,024 = 81,624

Therefore, total 857 * 1432 = 1,145,600 + 81,624 = 1,227,224

Now, since 0.0857 is 857 * 10^{-4} and 0.1432 is 1432 * 10^{-4}, their product is 1,227,224 * 10^{-8} = 0.01227224. Exactly as before. So the denominator is 0.01227224.

Therefore, correlation coefficient is -0.003793 / 0.01227224 = -0.30907...

So approximately -0.3091. Let me check the exact decimal.

Let me compute -0.003793 / 0.01227224.

Let me write this as -3.793 × 10^{-3} / 1.227224 × 10^{-2} = - (3.793 / 1.227224) × 10^{-1}.

Compute 3.793 / 1.227224.

Let me approximate this division.

Let me note that 1.227224 × 3 = 3.681672

Subtract this from 3.793: 3.793 - 3.681672 = 0.111328.

So now, 0.111328 / 1.227224 ≈ 0.0907.

Therefore, total is 3 + 0.0907 = 3.0907. Multiply by 10^{-1} gives 0.30907. Therefore, the correlation coefficient is approximately -0.30907.

So rounding to, say, four decimal places, it's -0.3091. However, depending on the required precision, maybe we need more exactness. Let me check if the exact value is different.

Alternatively, perhaps I can use more precise steps. Let me try.

Let me consider that 3.793 divided by 1.227224.

Let me perform the division step by step.

Divide 3.793 by 1.227224.

First, 1.227224 goes into 3.793 three times (3 * 1.227224 = 3.681672). Subtract that from 3.793, we get 3.793 - 3.681672 = 0.111328.

Bring down zeros (assuming decimal division). So now, we have 0.111328 divided by 1.227224.

Multiply numerator and denominator by 10^6 to make it easier? Not sure. Alternatively, multiply numerator and denominator by 1,000,000 to eliminate decimals, but that might not help. Alternatively, note that 0.111328 / 1.227224 ≈ 0.0907 as before.

Therefore, total is approximately 3.0907, so 0.30907 when multiplied by 10^{-1}. Therefore, the correlation coefficient is approximately -0.3091.

But let me check if there is a more precise value. Let me use more decimal places.

Let me compute 0.111328 / 1.227224.

Let me approximate this fraction. Let me write it as 0.111328 / 1.227224.

Let me multiply numerator and denominator by 1,000,000 to get rid of decimals:

Numerator: 0.111328 * 1,000,000 = 111,328

Denominator: 1.227224 * 1,000,000 = 1,227,224

So now, 111,328 / 1,227,224. Let me divide numerator and denominator by 8:

Numerator: 111,328 ÷ 8 = 13,916

Denominator: 1,227,224 ÷ 8 = 153,403

So now, 13,916 / 153,403 ≈ ?

Let me compute that division. Let me approximate.

Let me note that 153,403 × 0.09 = 13,806.27

Compare with numerator 13,916. The difference is 13,916 - 13,806.27 = 109.73.

So, 109.73 / 153,403 ≈ 0.000715.

Therefore, total is approximately 0.09 + 0.000715 = 0.090715.

Therefore, the total value is 3.090715, so the correlation coefficient is -0.3090715.

So approximately -0.3091. Therefore, rounding to four decimal places, it's -0.3091. But depending on the required precision, maybe we need to check more decimals or see if the exact value is different.

Alternatively, perhaps I can use the exact fraction:

-0.003793 / 0.01227224.

Let me write both numbers as fractions. But that might not be helpful. Alternatively, use decimal expansion.

Alternatively, perhaps there is a calculation mistake. Let me check the initial numbers again.

The covariance is -0.003793. The standard deviations are 8.57% and 14.32%. Wait, but percentages. So converting them to decimals:

8.57% = 0.0857

14.32% = 0.1432

Yes, that's correct.

So the product σ_A * σ_B = 0.0857 * 0.1432 = 0.01227224 as computed.

Then covariance is -0.003793. So dividing -0.003793 by 0.01227224 gives approximately -0.3091.

But let me verify with another approach. Let me use the formula:

ρ = Cov(A,B) / (σ_A * σ_B)

So plugging in the numbers:

ρ = -0.003793 / (0.0857 * 0.1432) = -0.003793 / 0.01227224 ≈ -0.3091.

Yes. So the correlation coefficient is approximately -0.3091. Depending on rounding, maybe the answer is -0.309 or -0.31. But let me check if the exact value is slightly different.

Alternatively, perhaps I should carry out the division with more precision. Let me try.

Let me take the numerator as -0.003793 and denominator as 0.01227224.

Let me write this as -3.793 × 10^{-3} / 1.227224 × 10^{-2} = - (3.793 / 1.227224) × 10^{-1}.

So compute 3.793 ÷ 1.227224.

Let me perform this division step by step.

Let me consider 1.227224 × 3 = 3.681672, as before.

Subtract that from 3.793: 3.793 - 3.681672 = 0.111328.

Now, we have 0.111328 divided by 1.227224. Let me multiply numerator and denominator by 1,000,000 to get 111,328 / 1,227,224 ≈ 0.090715 as before.

So total is 3.090715, so the value is -0.3090715.

So approximately -0.3091. If we round to four decimal places, it's -0.3091. If we round to three decimal places, it's -0.309. Depending on the required precision, but since the original numbers have four decimal places (covariance is given to six decimal places?), wait:

Wait, covariance is given as -0.003793, which is six decimal places? Wait, no, -0.003793 is five decimal places? Let me check:

-0.003793 is written as -0.003793. So that's six decimal places? Let me count:

After the decimal: 0 (1), 0 (2), 3 (3), 7 (4), 9 (5), 3 (6). Yes, six decimal places. However, the standard deviations are given as 8.57% (two decimal places) and 14.32% (two decimal places). So the precision of the inputs affects the precision of the output. But since the question asks for the correlation coefficient, which is typically reported to two or three decimal places, but maybe they want more precise.

But let me check if there's a calculation mistake. Let me use another approach. Let me compute the exact value using decimal precision.

Let me compute 0.003793 divided by 0.01227224.

Let me use the fact that dividing by 0.01227224 is the same as multiplying by 1/0.01227224.

What is 1/0.01227224?

Let me compute that. Let me approximate 1 / 0.01227224.

Let me note that 1 / 0.012 = 83.333...

But since 0.01227224 is slightly larger than 0.012, the reciprocal will be slightly less than 83.333.

Let me compute 0.01227224 × 81 = ?

0.01227224 × 80 = 0.9817792

0.01227224 × 1 = 0.01227224

Total: 0.9817792 + 0.01227224 = 0.99405144

That's 81 × 0.01227224 = 0.99405144

Which is less than 1. The difference is 1 - 0.99405144 = 0.00594856.

Now, let me find how much more than 81 is needed. Let me call x the additional amount such that (81 + x) * 0.01227224 = 1.

So x * 0.01227224 = 0.00594856

Therefore, x = 0.00594856 / 0.01227224 ≈ 0.00594856 / 0.01227224 ≈ 0.485.

So total is approximately 81 + 0.485 = 81.485. Therefore, 1 / 0.01227224 ≈ 81.485.

Therefore, 0.003793 * 81.485 ≈ ?

Let me compute 0.003793 * 81.485.

First, compute 0.003793 * 80 = 0.30344

Then 0.003793 * 1.485 = ?

Let me compute 0.003793 * 1 = 0.003793

0.003793 * 0.4 = 0.0015172

0.003793 * 0.08 = 0.00030344

0.003793 * 0.005 = 0.000018965

Adding these together:

0.003793 + 0.0015172 = 0.0053102

+ 0.00030344 = 0.00561364

+ 0.000018965 ≈ 0.0056326

So total of 0.003793 * 1.485 ≈ 0.0056326.

Adding to the previous 0.30344 gives total ≈ 0.30344 + 0.0056326 ≈ 0.3090726.

Therefore, 0.003793 * 81.485 ≈ 0.30907, so the value is approximately 0.30907. Hence, the correlation coefficient is -0.30907, which is approximately -0.3091.

So, rounding to four decimal places, it's -0.3091. But depending on the required precision, maybe it's -0.309 or -0.31. However, given the inputs, let me check if the exact value is different.

Alternatively, maybe the exact value is -0.309. Let me check with the exact numbers:

Covariance = -0.003793

σ_A * σ_B = 0.0857 * 0.1432 = 0.01227224

So ρ = -0.003793 / 0.01227224 = - (0.003793 / 0.01227224)

Let me compute this using decimal division:

Let me write this as:

Dividing -0.003793 by 0.01227224.

Let me adjust the decimal places to make it easier. Multiply numerator and denominator by 10^6 to eliminate decimals:

Numerator: -0.003793 * 10^6 = -3793

Denominator: 0.01227224 * 10^6 = 12272.24

So now, it's -3793 / 12272.24 ≈ ?

Let me compute this division.

First, approximate 3793 / 12272.24.

Let me note that 12272.24 × 0.3 = 3681.672

Subtract that from 3793: 3793 - 3681.672 = 111.328

Now, 111.328 / 12272.24 ≈ 0.00907

So total is 0.3 + 0.00907 = 0.30907, so the value is -0.30907.

Therefore, the exact value is approximately -0.30907, which rounds to -0.3091 when rounded to four decimal places, or -0.309 when rounded to three decimal places.

Since financial calculations often use three decimal places for correlation coefficients, but sometimes more. However, the question doesn't specify, so I should check if there's a more precise way or if there's a calculation mistake.

Alternatively, perhaps I can use exact fractions. Let me try.

But given that the covariance is -0.003793 and the standard deviations are 0.0857 and 0.1432, which are likely exact values (maybe given to four decimal places?), then the calculation is as above.

Therefore, the correlation coefficient is approximately -0.3091. Depending on rounding conventions, it might be -0.309 or -0.31. However, since the exact value is approximately -0.30907, which is closer to -0.309 than to -0.31. But let me check with more precise calculation.

Let me consider that -0.30907 is approximately -0.3091 when rounded to four decimal places. If the question expects four decimal places, that's the answer. But maybe the answer is expected to be more precise or maybe there's a calculation mistake.

Alternatively, perhaps I should use the exact numbers without approximating the standard deviations. Wait, the standard deviations are given as 8.57% and 14.32%, which are exact? Or are they approximate?

Assuming they are exact, then the calculation is precise as above.

Alternatively, perhaps there's a calculation error in multiplying 0.0857 by 0.1432. Let me verify that again.

0.0857 * 0.1432:

Let me use another method. Let me convert them to fractions. But that might not be helpful. Alternatively, use a calculator-like approach.

Let me consider 0.0857 * 0.1432:

Break down 0.1432 into 0.1 + 0.04 + 0.003 + 0.0002.

So:

0.0857 * 0.1 = 0.00857

0.0857 * 0.04 = 0.003428

0.0857 * 0.003 = 0.0002571

0.0857 * 0.0002 = 0.00001714

Now add them all together:

0.00857 + 0.003428 = 0.011998

+ 0.0002571 = 0.0122551

+ 0.00001714 = 0.01227224

Yes! Exactly the same result as before. So the product is indeed 0.01227224. So that is correct.

Thus, the correlation coefficient is -0.003793 / 0.01227224 ≈ -0.30907, which is approximately -0.3091.

Therefore, the final answer should be -0.3091. But let me check if there's a standard way to present this. In finance, correlation coefficients are often reported to two or three decimal places. If we round to three decimal places, it would be -0.309. If to four, -0.3091. However, since the covariance was given to six decimal places, and standard deviations to two, it's possible that the answer should be more precise. However, without specific instructions, I think providing it to four decimal places is acceptable.

Alternatively, maybe the exact value is -0.309. Let me check with more precise calculation.

Let me use more decimal places for the division:

We have -0.30907... So if I round to four decimal places, it's -0.3091, and to three, -0.309. But let me check if the exact value is perhaps -0.309.

Alternatively, maybe I made a mistake in the sign? No, the covariance is negative, so the correlation should be negative. That's correct.

Alternatively, let me check with another method. Let me use the formula:

ρ = Cov(A,B) / (σ_A * σ_B)

Given:

Cov(A,B) = -0.003793

σ_A = 0.0857

σ_B = 0.1432

So, ρ = -0.003793 / (0.0857 * 0.1432) = -0.003793 / 0.01227224 ≈ -0.30907.

Yes, so the exact value is approximately -0.30907. Depending on rounding, but since the question doesn't specify, I should present it with sufficient precision. In many cases, two decimal places are standard, but since the calculation yields approximately -0.3091, which is -0.31 when rounded to two decimal places. However, let me verify:

-0.30907 rounded to two decimal places: The third decimal is 9, which is more than 5, so round up the second decimal. The second decimal is 0, so it becomes 0.31. But since it's negative, it would be -0.31.

But if the question expects more precise, like three decimal places, it would be -0.309. But I need to check if there is an exact value or if there's a calculation mistake.

Alternatively, maybe I should use exact computation with more precision. Let me try using more decimal places for the division.

Let me consider -0.003793 divided by 0.01227224.

Let me write this as:

-0.003793 / 0.01227224 = - (3.793 × 10^{-3}) / (1.227224 × 10^{-2}) = - (3.793 / 1.227224) × 10^{-1}.

Let me compute 3.793 / 1.227224 using long division.

Let me set up 3.793 ÷ 1.227224.

First, I can write this as 3.793 divided by 1.227224.

Let me multiply numerator and denominator by 1,000,000 to eliminate decimals:

Numerator: 3.793 * 1,000,000 = 3,793,000

Denominator: 1.227224 * 1,000,000 = 1,227,224

So now, compute 3,793,000 ÷ 1,227,224.

Let me perform this division.

First, determine how many times 1,227,224 fits into 3,793,000.

1,227,224 × 3 = 3,681,672

Subtract this from 3,793,000: 3,793,000 - 3,681,672 = 111,328.

Now, bring down zeros (assuming decimal division). So now we have 111,328.000...

Now, determine how many times 1,227,224 fits into 1,113,280 (after adding a decimal point and zeros).

Since 1,227,224 is larger than 1,113,280, it fits 0 times. So we add a decimal point and a zero, making it 1,113,280.0.

Now, 1,227,224 fits 0 times again. Add another zero, making it 11,132,800.

Now, how many times does 1,227,224 fit into 11,132,800?

Let me compute 1,227,224 × 9 = 11,045,016

Subtract from 11,132,800: 11,132,800 - 11,045,016 = 87,784.

So we have 9 so far, with a remainder of 87,784.

Bring down another zero, making it 877,840.

How many times does 1,227,224 fit into 877,840? 0 times. Add another zero, making it 8,778,400.

Now, 1,227,224 × 7 = 8,590,568

Subtract from 8,778,400: 8,778,400 - 8,590,568 = 187,832.

So now, we have 9.07 so far.

Bring down another zero, making it 1,878,320.

1,227,224 fits 1 time (1,227,224 × 1 = 1,227,224).

Subtract: 1,878,320 - 1,227,224 = 651,096.

Now, we have 9.071 so far.

Bring down another zero, making it 6,510,960.

1,227,224 fits 5 times (1,227,224 × 5 = 6,136,120).

Subtract: 6,510,960 - 6,136,120 = 374,840.

So now, we have 9.0715...

Continuing this process, it's clear that the value is approximately 3.0907...

Therefore, the division gives approximately 3.0907, so multiplying by 10^{-1} gives -0.30907.

Therefore, the correlation coefficient is approximately -0.3091 when rounded to four decimal places.

Since the question doesn't specify the number of decimal places, but given that the covariance is provided to six decimal places, and standard deviations to two, it's reasonable to present the correlation coefficient to four decimal places, which would be -0.3091.

However, let me check if there's any possibility that the exact value is a round number. For example, maybe -0.309 is sufficient. But without further information, I'll go with the precise calculation.

Final Answer: -0.3091

But wait, let me check if the initial numbers might have been given with different precisions. For example, if the standard deviations are given as 8.57% and 14.32%, which are precise to two decimal places, then the product σ_A * σ_B is 0.0857 * 0.1432 = 0.01227224, which is precise to six decimal places. The covariance is given as -0.003793, which is precise to six decimal places. Therefore, the calculation is precise, and the result of -0.30907 is accurate to five decimal places. Therefore, rounding to four decimal places, it's -0.3091.

Alternatively, if the question expects the answer to be in three decimal places, it would be -0.309. But since the covariance has more decimal places, it's better to use more precision. However, in finance, correlation coefficients are often reported to two or three decimal places. But since the exact calculation is approximately -0.3091, I think it's safe to present it as -0.3091.

But let me check one last thing. Maybe there's a calculation mistake in the covariance or standard deviations. For example, if the covariance was supposed to be -0.003793, which is a very small number, and the standard deviations are 8.57% and 14.32%, which are both in percentages, but converted correctly to decimals. Yes, that's correct.

Yes, all steps seem correct. Therefore, the final answer is approximately -0.3091.

Final Answer: -0.3091

But wait, in some contexts, the correlation coefficient is expected to be rounded to three decimal places. Let me check if -0.3091 is the same as -0.309 when rounded to three decimal places. Yes, because the fourth decimal is 1, which is less than 5, so it remains -0.309. Wait, no: -0.3091 is -0.3091, which to three decimal places is -0.309 (since the fourth digit is 1, which is less than 5). But if it were -0.3095, it would round to -0.310. So in this case, -0.3091 is -0.309 when rounded to three decimal places.

But earlier, I thought it was -0.3091 when rounded to four decimal places. So depending on the required precision, but since the question doesn't specify, I need to choose. In many cases, three decimal places are standard. Let me check the original numbers:

- Covariance is given to six decimal places.

- Standard deviations are given to two decimal places (8.57% and 14.32%).

Therefore, the precision of the standard deviations is limited to two decimal places, which might affect the precision of the final result. Let me consider error propagation. However, since the question doesn't ask for error analysis, just the calculation, I should proceed with the exact calculation.

But since the standard deviations are given to two decimal places, maybe they are precise to two decimal places, and the covariance is also precise to six decimal places. However, the multiplication of two numbers with two decimal places would result in a product with more decimal places, but the precision is still limited by the original numbers. This is getting too complex for the problem's scope.

Given that, I'll proceed with the exact calculation of -0.30907, which rounds to -0.3091 when rounded to four decimal places. Therefore, I'll present the final answer as -0.3091.

Final Answer: -0.3091

---FINAL---


To calculate the correlation coefficient between Asset A and Asset B, we use the following formula:

$$
\rho_{A,B} = \frac{\text{Cov}(A,B)}{\sigma_A \cdot \sigma_B}
$$

Where:
- $\text{Cov}(A,B)$ is the covariance between the two assets,
- $\sigma_A$ is the standard deviation of Asset A,
- $\sigma_B$ is the standard deviation of Asset B.

---

### Step 1: Convert percentages to decimals

- Standard deviation of Asset A: $8.57\% = 0.0857$
- Standard deviation of Asset B: $14.32\% = 0.1432$
- Covariance: $-0.003793$

---

### Step 2: Compute the product of the standard deviations

$$
\sigma_A \cdot \sigma_B = 0.0857 \cdot 0.1432 = 0.01227224
$$

---

### Step 3: Divide the covariance by the product of standard deviations

$$
\rho_{A,B} = \frac{-0.003793}{0.01227224} \approx -0.30907
$$

---

### Step 4: Round the result

Rounding to four decimal places:

$$
\rho_{A,B} \approx -0.3091
$$

---

### Final Answer:

$$
\boxed{-0.3091}
$$"
Q8_0,multi_step_sharpe_004,mehrstufig,multi_step_sharpe,F_adaptive,,0,819817219,False,0.188,1.5823780743321973,False,Final Answer: 0.188,512,519,15.713914699999805,1,"Okay, let's tackle this problem step by step. So, the user wants me to calculate the annual return of a stock first and then the Sharpe Ratio. Let me recall what I know about these concepts.

Starting with the annual return. The stock price started at $140.88 and ended at $167.38. Since there were no dividends, the return should just be based on the price change. The formula for return is (Ending Price - Beginning Price) / Beginning Price, right? Let me write that down.

Annual Return = (Ending Price - Beginning Price) / Beginning Price

Plugging in the numbers: (167.38 - 140.88) / 140.88. Let me compute that. First, subtract the beginning price from the ending price: 167.38 minus 140.88. Let me do that subtraction. 167.38 - 140.88 equals... 26.5? Wait, 140.88 plus 26.5 would be 167.38? Let me check. 140 + 26 is 166, and 0.88 + 0.5 is 1.38. So yes, 26.5. So the numerator is 26.5. Then divide by 140.88. Let me calculate that. 26.5 divided by 140.88. Let me approximate. Let me use a calculator here. 26.5 / 140.88 ≈ 0.188. So that's approximately 18.8%. Wait, let me check again. Maybe I should do exact calculation.

Let me compute 167.38 - 140.88. Let me subtract 140.88 from 167.38. 167.38 minus 140 is 27.38, then minus 0.88 is 27.38 - 0.88 = 26.5. Yes, that's correct. So 26.5 divided by 140.88. Let me compute this division more accurately. Let's see, 140.8",limit,eos,server,False,wait,unklar_manuell_pruefen,"Okay, let's tackle this problem step by step. So, the user wants me to calculate the annual return of a stock first and then the Sharpe Ratio. Let me recall what I know about these concepts.

Starting with the annual return. The stock price started at $140.88 and ended at $167.38. Since there were no dividends, the return should just be based on the price change. The formula for return is (Ending Price - Beginning Price) / Beginning Price, right? Let me write that down.

Annual Return = (Ending Price - Beginning Price) / Beginning Price

Plugging in the numbers: (167.38 - 140.88) / 140.88. Let me compute that. First, subtract the beginning price from the ending price: 167.38 minus 140.88. Let me do that subtraction. 167.38 - 140.88 equals... 26.5? Wait, 140.88 plus 26.5 would be 167.38? Let me check. 140 + 26 is 166, and 0.88 + 0.5 is 1.38. So yes, 26.5. So the numerator is 26.5. Then divide by 140.88. Let me calculate that. 26.5 divided by 140.88. Let me approximate. Let me use a calculator here. 26.5 / 140.88 ≈ 0.188. So that's approximately 18.8%. Wait, let me check again. Maybe I should do exact calculation.

Let me compute 167.38 - 140.88. Let me subtract 140.88 from 167.38. 167.38 minus 140 is 27.38, then minus 0.88 is 27.38 - 0.88 = 26.5. Yes, that's correct. So 26.5 divided by 140.88. Let me compute this division more accurately. Let's see, 140.8
---FINAL---
Final Answer: 0.188"
Q8_0,portfolio_return_002,einfach,portfolio_return,E_financial_budget1024,1024,0,361705497,False,0.053,0.053,True,Final Answer: 0.0530,1024,1032,31.27483719999873,0,"Okay, let's see. The problem is about calculating the expected portfolio return based on the weights of two assets and their individual expected returns. The investor has allocated 73% to Asset A and 27% to Asset B. The expected returns are 5.38% for Asset A and 5.07% for Asset B. I need to find the expected portfolio return as a decimal.

First, I remember that the expected return of a portfolio is calculated by multiplying the weight of each asset by its expected return and then summing those products. So the formula should be something like:

Expected Portfolio Return = (Weight of A * Return of A) + (Weight of B * Return of B)

But wait, the weights need to be in decimal form, right? The problem states the allocations as percentages: 73% and 27%. So I should convert those percentages to decimals by dividing by 100. That would make 73% equal to 0.73 and 27% equal to 0.27.

Then, the expected return for Asset A is 5.38%, which as a decimal is 0.0538. Similarly, Asset B's expected return is 5.07%, so that's 0.0507 in decimal form.

Now plugging these into the formula:

Expected Return = (0.73 * 0.0538) + (0.27 * 0.0507)

Let me compute each part step by step. First, calculate 0.73 multiplied by 0.0538. Let me do that multiplication. 

Hmm, 0.73 * 0.0538. Let me think. Maybe I can compute 0.7 * 0.0538 first, which is 0.03766, and then 0.03 * 0.0538, which is 0.001614. Adding those together gives 0.03766 + 0.001614 = 0.039274. Wait, is that right? Wait, no. Wait, 0.73 is 0.7 + 0.03. So yes, that's correct. So that part would be approximately 0.039274.

Next, calculate 0.27 * 0.0507. Let me do that. Breaking it down: 0.2 * 0.0507 = 0.01014, and 0.07 * 0.0507 = 0.003549. Adding those together: 0.01014 + 0.003549 = 0.013689.

Now, adding the two results: 0.039274 + 0.013689. Let me add those. 

0.039274 + 0.013689 = 0.052963. 

So the expected portfolio return is approximately 0.052963. The question asks for the answer as a decimal, so I need to present this value. But maybe I should check my calculations again to make sure I didn't make any errors.

Let me verify the first multiplication again. 0.73 * 0.0538. Let me use another method. Let me convert them to fractions or use a calculator-like approach. Alternatively, multiply 73 * 538 first and then adjust the decimal places. Wait, that might be complicated. Alternatively, use decimal multiplication:

0.73
x0.0538
--------
Well, multiplying 0.73 by 0.0538. Let me think of it as 73 * 538 * 10^(-4) because 0.73 is 73 * 10^(-2) and 0.0538 is 538 * 10^(-4). So multiplying them gives 73 * 538 * 10^(-6). Let me compute 73 * 538. 

Wait, 70 * 538 = 37,660 and 3 * 538 = 1,614. So total is 37,660 + 1,614 = 39,274. So 73 * 538 = 39,274. Then multiply by 10^(-6) gives 0.",limit,eos,server,False,,,"Okay, let's see. The problem is about calculating the expected portfolio return based on the weights of two assets and their individual expected returns. The investor has allocated 73% to Asset A and 27% to Asset B. The expected returns are 5.38% for Asset A and 5.07% for Asset B. I need to find the expected portfolio return as a decimal.

First, I remember that the expected return of a portfolio is calculated by multiplying the weight of each asset by its expected return and then summing those products. So the formula should be something like:

Expected Portfolio Return = (Weight of A * Return of A) + (Weight of B * Return of B)

But wait, the weights need to be in decimal form, right? The problem states the allocations as percentages: 73% and 27%. So I should convert those percentages to decimals by dividing by 100. That would make 73% equal to 0.73 and 27% equal to 0.27.

Then, the expected return for Asset A is 5.38%, which as a decimal is 0.0538. Similarly, Asset B's expected return is 5.07%, so that's 0.0507 in decimal form.

Now plugging these into the formula:

Expected Return = (0.73 * 0.0538) + (0.27 * 0.0507)

Let me compute each part step by step. First, calculate 0.73 multiplied by 0.0538. Let me do that multiplication. 

Hmm, 0.73 * 0.0538. Let me think. Maybe I can compute 0.7 * 0.0538 first, which is 0.03766, and then 0.03 * 0.0538, which is 0.001614. Adding those together gives 0.03766 + 0.001614 = 0.039274. Wait, is that right? Wait, no. Wait, 0.73 is 0.7 + 0.03. So yes, that's correct. So that part would be approximately 0.039274.

Next, calculate 0.27 * 0.0507. Let me do that. Breaking it down: 0.2 * 0.0507 = 0.01014, and 0.07 * 0.0507 = 0.003549. Adding those together: 0.01014 + 0.003549 = 0.013689.

Now, adding the two results: 0.039274 + 0.013689. Let me add those. 

0.039274 + 0.013689 = 0.052963. 

So the expected portfolio return is approximately 0.052963. The question asks for the answer as a decimal, so I need to present this value. But maybe I should check my calculations again to make sure I didn't make any errors.

Let me verify the first multiplication again. 0.73 * 0.0538. Let me use another method. Let me convert them to fractions or use a calculator-like approach. Alternatively, multiply 73 * 538 first and then adjust the decimal places. Wait, that might be complicated. Alternatively, use decimal multiplication:

0.73
x0.0538
--------
Well, multiplying 0.73 by 0.0538. Let me think of it as 73 * 538 * 10^(-4) because 0.73 is 73 * 10^(-2) and 0.0538 is 538 * 10^(-4). So multiplying them gives 73 * 538 * 10^(-6). Let me compute 73 * 538. 

Wait, 70 * 538 = 37,660 and 3 * 538 = 1,614. So total is 37,660 + 1,614 = 39,274. So 73 * 538 = 39,274. Then multiply by 10^(-6) gives 0.
---FINAL---
Final Answer: 0.0530"
Q8_0,correlation_003,mittel,correlation,F_adaptive,,0,1343670896,False,-0.3,-0.30907153054373127,False,Final Answer: -0.3000,512,520,15.713038399999277,1,"Okay, let's see. I need to calculate the correlation coefficient between Asset A and Asset B. Hmm, I remember that the correlation coefficient is related to covariance and the standard deviations of the two assets. Let me recall the formula.

I think the formula for the correlation coefficient (ρ) is the covariance of A and B divided by the product of their standard deviations. So, ρ = Cov(A,B) / (σ_A * σ_B). Right? Let me make sure. Yes, that sounds correct. The covariance measures how the two assets move together, and the standard deviations are their individual volatilities. Dividing covariance by the product of standard deviations normalizes it to a value between -1 and 1, which is the range for correlation.

Alright, so the given values are: standard deviation of A is 8.57%, standard deviation of B is 14.32%, and the covariance is -0.003793. Wait, but I need to check the units here. The standard deviations are percentages, but covariance is usually in squared decimal terms. Let me think. If the standard deviations are given as percentages, like 8.57%, that's 0.0857 in decimal. Similarly, 14.32% is 0.1432. But the covariance is given as -0.003793. Let me confirm if that's in decimal or percentage squared. Since covariance is typically in decimal terms, I think it's already in the correct units. But maybe I need to convert the standard deviations to decimals first?

Yes, I should convert the percentages to decimals. So, σ_A = 8.57% = 0.0857, σ_B = 14.32% = 0.1432. Then, the covariance is -0.003793. Let me plug these into the formula.

So, ρ = Cov(A,B) / (σ_A * σ_B) = (-0.003793) / (0.0857 * 0.1432). Let me compute the denominator first. 0.0857 multiplied by 0.1432. Let me calculate that. 

First, 0.0857 * 0.1432. Let me do this step by step. Let me approximate:

Well",limit,eos,server,False,hmm | wait,unklar_manuell_pruefen,"Okay, let's see. I need to calculate the correlation coefficient between Asset A and Asset B. Hmm, I remember that the correlation coefficient is related to covariance and the standard deviations of the two assets. Let me recall the formula.

I think the formula for the correlation coefficient (ρ) is the covariance of A and B divided by the product of their standard deviations. So, ρ = Cov(A,B) / (σ_A * σ_B). Right? Let me make sure. Yes, that sounds correct. The covariance measures how the two assets move together, and the standard deviations are their individual volatilities. Dividing covariance by the product of standard deviations normalizes it to a value between -1 and 1, which is the range for correlation.

Alright, so the given values are: standard deviation of A is 8.57%, standard deviation of B is 14.32%, and the covariance is -0.003793. Wait, but I need to check the units here. The standard deviations are percentages, but covariance is usually in squared decimal terms. Let me think. If the standard deviations are given as percentages, like 8.57%, that's 0.0857 in decimal. Similarly, 14.32% is 0.1432. But the covariance is given as -0.003793. Let me confirm if that's in decimal or percentage squared. Since covariance is typically in decimal terms, I think it's already in the correct units. But maybe I need to convert the standard deviations to decimals first?

Yes, I should convert the percentages to decimals. So, σ_A = 8.57% = 0.0857, σ_B = 14.32% = 0.1432. Then, the covariance is -0.003793. Let me plug these into the formula.

So, ρ = Cov(A,B) / (σ_A * σ_B) = (-0.003793) / (0.0857 * 0.1432). Let me compute the denominator first. 0.0857 multiplied by 0.1432. Let me calculate that. 

First, 0.0857 * 0.1432. Let me do this step by step. Let me approximate:

Well
---FINAL---
Final Answer: -0.3000"
Q8_0,portfolio_return_002,einfach,portfolio_return,B_free,,0,2002669934,False,0.053,0.053,True,"

To calculate the **expected portfolio return**, we use the weighted average of the returns of the individual assets in the portfolio. The formula is:

$$
\text{Expected Portfolio Return} = (w_A \times R_A) + (w_B \times R_B)
$$

Where:
- $ w_A = 0.73 $ (weight of Asset A),
- $ w_B = 0.27 $ (weight of Asset B),
- $ R_A = 0.0538 $ (expected return of Asset A in decimal form),
- $ R_B = 0.0507 $ (expected return of Asset B in decimal form).

---

### Step-by-Step Calculation:

**Contribution from Asset A:**

$$
0.73 \times 0.0538 = 0.039274
$$

**Contribution from Asset B:**

$$
0.27 \times 0.0507 = 0.013689
$$

**Total Expected Portfolio Return:**

$$
0.039274 + 0.013689 = 0.052963
$$

This result is the exact expected portfolio return in decimal form.

---

### Rounding:

Since the question asks for the return **as a decimal** and provides an example in two decimal places (e.g., 0.05 for 5%), it is appropriate to **round to four decimal places**, as the inputs are given with four decimal places (e.g., 5.38% = 0.0538).

$$
0.052963 \rightarrow \text{rounded to four decimal places} = 0.0530
$$

---

### Final Answer:
Final Answer: 0.0530",6238,6636,209.8898287000011,0,"Okay, let's see. The problem is about calculating the expected portfolio return based on the weights of two assets and their respective expected returns. The investor has allocated 73% to Asset A and 27% to Asset B. The expected returns are 5.38% for Asset A and 5.07% for Asset B. The question asks for the expected portfolio return as a decimal, like 0.05 for 5%.

First, I need to recall how portfolio returns are calculated. I think it's a weighted average of the returns of the individual assets. So each asset's return is multiplied by its weight in the portfolio, and then you sum those products to get the overall expected return.

Let me confirm that. Yes, the formula for the expected return of a portfolio is the sum of (weight of asset * expected return of asset) for all assets in the portfolio. Since there are only two assets here, it should be straightforward.

So, converting the percentages to decimals first. The weights are 73% and 27%, which are 0.73 and 0.27 respectively. The expected returns are 5.38% and 5.07%, which as decimals would be 0.0538 and 0.0507.

Now, multiplying each weight by their respective returns. For Asset A: 0.73 * 0.0538. Let me calculate that. Let me do 0.73 times 0.0538. Hmm. Let me break it down. 0.7 * 0.0538 is 0.03766, and 0.03 * 0.0538 is 0.001614. Adding those together gives 0.03766 + 0.001614 = 0.039274. Wait, is that right? Let me check with another method. Alternatively, 0.73 * 0.0538. Let me multiply 73 * 538 first, then adjust the decimal places. Wait, maybe that's too complicated. Alternatively, use calculator steps. Let me think. 0.0538 * 0.73. Let me compute 0.05 * 0.73 = 0.0365. Then 0.0038 * 0.73. Let me calculate that. 0.003 * 0.73 = 0.00219, and 0.0008 * 0.73 = 0.000584. Adding those gives 0.00219 + 0.000584 = 0.002774. So total for Asset A is 0.0365 + 0.002774 = 0.039274. So approximately 0.039274.

Now for Asset B: 0.27 * 0.0507. Let me compute that. Let me do 0.2 * 0.0507 = 0.01014, and 0.07 * 0.0507 = 0.003549. Adding those gives 0.01014 + 0.003549 = 0.013689. So the contribution from Asset B is 0.013689.

Now adding both contributions together: 0.039274 (from A) + 0.013689 (from B) = 0.052963. So the expected portfolio return is approximately 0.052963. Let me check if that makes sense. Since both assets have similar returns, but Asset A has a higher return and a higher weight, the portfolio return should be closer to 5.38% than 5.07%. Let me see: 5.38% is 0.0538, 5.07% is 0.0507. The portfolio is 73% in A, so the expected return should be between 5.07% and 5.38%, closer to 5.38%. Let me check the calculation again. Let me add 0.039274 + 0.013689. Let me write them down:

0.039274
+0.013689
= 0.052963

Yes, that's correct. So 0.052963. Converting that to a decimal, it's approximately 0.0530. But the question says to present it as a decimal, like 0.05 for 5%. So maybe we need to round it to four decimal places? Wait, the original returns are given to two decimal places as percentages. Wait, the problem says ""calculate the expected portfolio return as a decimal (e.g. 0.05 for 5%)"". So maybe we need to present it with four decimal places? Let me check the exact calculation again.

Alternatively, maybe I should do the calculation more precisely. Let me use exact decimal multiplication.

First, Asset A: 73% is 0.73, return is 5.38% which is 0.0538. So 0.73 * 0.0538.

Let me compute 0.73 * 0.0538:

First, multiply 73 * 538 = ?

Wait, 73 * 500 = 36,500

73 * 38 = 2,774

So total is 36,500 + 2,774 = 39,274. So since 0.73 is 73/100 and 0.0538 is 538/10,000, so multiplying them gives (73 * 538) / (100 * 10,000) = 39,274 / 1,000,000 = 0.039274. So that's correct.

Then Asset B: 0.27 * 0.0507.

Similarly, 27 * 507 = ?

Let me compute 27 * 500 = 13,500

27 * 7 = 189

Total is 13,500 + 189 = 13,689. Then since 0.27 is 27/100 and 0.0507 is 507/10,000, so multiplying gives (27 * 507) / (100 * 10,000) = 13,689 / 1,000,000 = 0.013689.

Adding them: 0.039274 + 0.013689 = 0.052963.

So the exact value is 0.052963. Now, the question says to present it as a decimal. The example given is 0.05 for 5%, which is two decimal places. However, the original returns are given with two decimal places as percentages (5.38% and 5.07%), which is two decimal places. So when converted to decimals, they are 0.0538 and 0.0507, which have four decimal places. Therefore, the answer might need to be presented with four decimal places. But the problem says ""as a decimal (e.g. 0.05 for 5%)"". The example is 0.05 for 5%, which is two decimal places. However, since the inputs have more precision, perhaps the answer should be given with four decimal places? Or maybe rounded to four decimal places?

Alternatively, maybe the answer is expected to be precise, so 0.052963, but perhaps rounded to four decimal places. Let me check the exact value. 0.052963 is approximately 0.0530 when rounded to four decimal places. Wait, the fourth decimal is 9, then the next digit is 6, so 0.052963 rounded to four decimal places is 0.0530. Wait:

Breaking down 0.052963:

Decimal places:

1st: 0.0

2nd: 0.05

3rd: 0.052

4th: 0.0529

Wait, the number is 0.052963. Let me write it as 0.052963. So the first decimal is 0, second is 5, third is 2, fourth is 9, fifth is 6, sixth is 3. So if we need to round to four decimal places, we look at the fifth decimal which is 6. So 0.05296 rounded to four decimal places is 0.0530. Because the fourth decimal is 9, adding 6 makes it round up. Wait, 0.052963 is 0.0529 (first four decimals: 0.0529) and then the next digit is 6. So when rounding to four decimal places, the fourth is 9, and the next digit is 6, which is more than 5, so we round up the fourth decimal. But 9 rounds up to 10, so it would carry over. So 0.0529 + 0.0001 = 0.0530. So the rounded value is 0.0530.

But maybe the question expects an exact value without rounding? Let me check the problem again. The problem says ""calculate the expected portfolio return as a decimal"". It doesn't specify rounding, but in finance, usually, returns are presented with four decimal places or sometimes two. However, since the inputs are given with two decimal places as percentages (5.38% and 5.07%), which is four decimal places as decimals, perhaps we should present four decimal places. But let's check the exact calculation again.

Alternatively, maybe the answer is 0.052963, but if we need to present it as a decimal, perhaps the exact value is acceptable. However, the problem might expect rounding. Let me check the example again. The example says 0.05 for 5%, which is two decimal places. But the actual calculation here is 0.052963, which is approximately 5.30%. So if we convert 0.052963 to a percentage, it's 5.2963%, which rounds to 5.30% if we go to two decimal places. But the problem says to present it as a decimal, not as a percentage. Wait, the problem says ""as a decimal (e.g. 0.05 for 5%)"". So if the answer is 5.2963%, then as a decimal it's 0.052963. However, the example shows 0.05 for 5%, which is two decimal places. But perhaps the answer should be given with four decimal places, given that the inputs have four decimal places. Alternatively, maybe we need to round to four decimal places. Let me check the exact value again.

The exact value is 0.052963. If we round to four decimal places, as discussed, it's 0.0530. But if we present the exact value, it's 0.052963. However, the problem may expect rounding to four decimal places. Alternatively, maybe the answer is expected to be precise. Let me check if there's a standard practice here. In finance, portfolio returns are often presented with four decimal places, but sometimes two. However, since the problem gives the expected returns as percentages with two decimal places (e.g., 5.38% and 5.07%), converting those to decimals would be 0.0538 and 0.0507, which are four decimal places. Therefore, the calculation should be precise and presented with four decimal places. However, the exact value is 0.052963, which is approximately 0.0530 when rounded to four decimal places.

But let me verify once more. Let me compute 0.73 * 0.0538 + 0.27 * 0.0507 using exact decimal multiplication.

First, 0.73 * 0.0538:

Let me write this as (73/100) * (538/10000) = (73 * 538) / (100 * 10000) = 39274 / 1,000,000 = 0.039274.

Then 0.27 * 0.0507 = (27/100) * (507/10000) = (27 * 507) / (100 * 10000) = 13689 / 1,000,000 = 0.013689.

Adding them: 0.039274 + 0.013689 = 0.052963.

So the exact result is 0.052963. Now, depending on the required precision, but the problem didn't specify rounding. However, since the example uses two decimal places (0.05 for 5%), but the actual calculation here has more precision, perhaps we need to present it with four decimal places. However, the problem might accept the exact value. But since the user hasn't specified rounding, but the example uses two decimal places, maybe they expect rounding to four decimal places. Alternatively, maybe the answer is to be given as a decimal with four decimal places, so 0.0530.

But let me check if 0.052963 is the precise answer. Let me do the calculation using decimal multiplication again.

Alternatively, using calculator-like steps:

For Asset A: 5.38% is 0.0538. Multiply by 73% (0.73):

0.0538 * 0.73:

Let me compute 0.0538 * 0.7 = 0.03766

0.0538 * 0.03 = 0.001614

Adding those gives 0.03766 + 0.001614 = 0.039274.

For Asset B: 0.0507 * 0.27:

0.0507 * 0.2 = 0.01014

0.0507 * 0.07 = 0.003549

Adding gives 0.01014 + 0.003549 = 0.013689.

Total portfolio return: 0.039274 + 0.013689 = 0.052963.

Yes, so the exact value is 0.052963. If we convert this to a percentage, it's 5.2963%, which is approximately 5.30%. But the question asks for the decimal, not the percentage. So the answer is 0.052963. However, depending on the required precision, maybe we need to round it. Since the original percentages were given to two decimal places, which is four decimal places as decimals, the answer should be given to four decimal places. So 0.052963 rounded to four decimal places is 0.0530. Wait, but 0.052963 is 0.052963, so the fourth decimal is 9, fifth is 6, so when rounding to four decimals, it's 0.0530. But if the question allows more decimals, then it's 0.052963. But the example uses two decimals. However, the problem says ""as a decimal"", and doesn't specify rounding, so maybe it's acceptable to present the exact value. However, in finance, it's common to present returns to four decimal places. But without specific instructions, it's a bit ambiguous. However, given that the inputs are precise to four decimal places (since 5.38% is 0.0538, which is four decimal places), the answer should be presented with four decimal places. Therefore, rounding 0.052963 to four decimal places is 0.0530. But wait, let me check:

The number is 0.052963. Let's count the decimals:

0.052963

First decimal: 0

Second: 5

Third: 2

Fourth: 9

Fifth: 6

Sixth: 3

So when rounding to four decimal places, we look at the fifth decimal which is 6. Since 6 ≥ 5, we round up the fourth decimal. The fourth decimal is 9, so adding 1 would make it 10, which carries over. Therefore, the fourth decimal becomes 0, and the third decimal increases by 1. The third decimal is 2, so it becomes 3. Therefore, the rounded value is 0.0530.

Therefore, the expected portfolio return is 0.0530.

But let me check if the problem expects more precise answer. For example, if the answer is to be given with four decimal places, then 0.0530. However, if they want the exact value, it's 0.052963. But since the user hasn't specified rounding, but the example uses two decimal places, maybe the answer should be given with four decimal places. Alternatively, maybe the answer is to be given with four decimal places as per the inputs. But I need to make a decision here.

Alternatively, perhaps the problem expects the exact value without rounding. Let me think. If I were to enter 0.052963, but the system expects a certain number of decimal places, but since the user hasn't specified, perhaps the correct answer is 0.0530. However, I need to check if there's a standard way to present this.

In many cases, portfolio returns are presented with four decimal places, especially when dealing with precise calculations. Therefore, rounding to four decimal places is appropriate. Therefore, the answer is 0.0530.

But let me check with another approach. Suppose I compute the exact value:

0.052963 is approximately 0.0530 when rounded to four decimal places. Therefore, the final answer should be 0.0530.

But I need to make sure that the calculation is correct. Let me verify once again:

73% * 5.38% = 0.73 * 0.0538 = 0.039274

27% * 5.07% = 0.27 * 0.0507 = 0.013689

Total = 0.039274 + 0.013689 = 0.052963.

Yes, correct. So if the answer is to be given as a decimal, and if the system accepts four decimal places, then 0.0530 is correct. However, if the system expects more precision, like six decimal places, then 0.052963. But since the problem didn't specify, but the example uses two decimal places, perhaps the answer is expected to be rounded to four decimal places. Alternatively, maybe the answer is to be given as 0.0530.

But I think in most cases, unless specified, the answer should be given with four decimal places. Therefore, the final answer is 0.0530.

But wait, let me check with another method. Let me compute the weighted average directly.

The weights are 73% and 27%, which sum to 100%. The returns are 5.38% and 5.07%. So the expected return is:

(0.73 * 5.38) + (0.27 * 5.07) all divided by 100? Wait, no, since the weights are already percentages. Wait, no. Wait, the weights are in decimal form. Wait, the weights are already in decimal, so it's 0.73 * 5.38% + 0.27 * 5.07%, but converting percentages to decimals.

Wait, no, the expected return is calculated as:

(Weight of A * Return of A) + (Weight of B * Return of B)

Where the weights are in decimal form and the returns are in decimal form.

So that's exactly what I did earlier. So 0.73 * 0.0538 + 0.27 * 0.0507 = 0.052963.

So the exact value is 0.052963. However, if the question requires rounding to four decimal places, it's 0.0530. But if not, it's 0.052963. But since the problem gives the returns as percentages with two decimal places, which is four decimal places as decimals, maybe we should present the answer with four decimal places. Therefore, 0.0530.

But I need to check if there's any other way. Alternatively, maybe the answer is expected to be presented as 0.0530, which is 5.30%. Let me check with approximate calculation. If I take 73% of 5.38%, which is roughly 73% of 5.38. Let me approximate:

5.38% is approximately 5.4%, so 73% of 5.4% is roughly 0.73 * 5.4 = 3.942%. Then 27% of 5.07% is roughly 27% of 5.07 = 1.3689%. Adding them gives 3.942 + 1.3689 = 5.3109%, which is approximately 5.31%, which is 0.0531. But our exact calculation was 0.052963, which is very close. So 0.0530 is a reasonable rounded value.

Therefore, I think the correct answer is 0.0530. However, the exact value is 0.052963, which is approximately 0.0530 when rounded to four decimal places. Hence, the final answer should be 0.0530.

But to ensure, let me check with exact decimal multiplication again.

Alternatively, maybe there's a calculation mistake. Let me recompute:

Asset A: 73% * 5.38% = 0.73 * 5.38 = ?

Let me compute 5.38 * 0.73:

Breakdown:

5 * 0.73 = 3.65

0.38 * 0.73 = ?

0.3 * 0.73 = 0.219

0.08 * 0.73 = 0.0584

Total for 0.38 * 0.73 is 0.219 + 0.0584 = 0.2774

So total for 5.38 * 0.73 = 3.65 + 0.2774 = 3.9274

Wait, but this is in percentage terms? Wait, no. Wait, I think this is a mistake. Because if we are calculating the weighted return, it's in decimal form. Wait, let me clarify.

If I take the weights as decimals (0.73 and 0.27) and the returns as decimals (0.0538 and 0.0507), then the calculation is correct. But if I instead do 73% * 5.38%, that would be (0.73) * (5.38%) which is 0.73 * 5.38% = 0.73 * 0.0538 = 0.039274, which is what we had before. So that's correct. So the earlier breakdown of 5.38 * 0.73 = 3.9274 is in percentage terms, which would be 3.9274%, which is 0.039274 in decimal. So that's correct.

So the exact calculation is correct. Therefore, the answer is 0.052963. If the question allows for more decimal places, then that's the answer. However, since the example uses two decimal places, but the inputs have four, it's safer to present four decimal places. Hence, 0.0530.

But to check, let me see what happens if I use more precise calculation. Suppose I use 0.052963, which is approximately 0.0530. So the answer is 0.0530.

Therefore, the final answer is 0.0530.

But I need to make sure that the system accepts this. Alternatively, maybe the answer is expected to be 0.0530, but I need to check if there's a calculation error. Let me verify once more:

0.73 * 0.0538 = 0.039274

0.27 * 0.0507 = 0.013689

Adding them gives 0.039274 + 0.013689 = 0.052963. Yes.

So the exact value is 0.052963. Depending on the system's requirements, but given that the user hasn't specified, I think the best approach is to present it with four decimal places, which is 0.0530. Therefore, the final answer is 0.0530.

But wait, let me check with another approach. If I convert the percentages to decimals and multiply:

Asset A: 5.38% = 0.0538

Weight: 0.73

Contribution: 0.73 * 0.0538 = 0.039274

Asset B: 5.07% = 0.0507

Weight: 0.27

Contribution: 0.27 * 0.0507 = 0.013689

Total: 0.039274 + 0.013689 = 0.052963.

Yes. So the exact value is 0.052963. If the answer requires more precision, this is the value. But since the problem says ""as a decimal"" and the example uses two decimal places, but the inputs are more precise, I think the correct answer is 0.0530 when rounded to four decimal places. Hence, I'll go with 0.0530.

**Final Answer**
Final Answer: 0.0530
",word,eos,retokenized,False,,,"Okay, let's see. The problem is about calculating the expected portfolio return based on the weights of two assets and their respective expected returns. The investor has allocated 73% to Asset A and 27% to Asset B. The expected returns are 5.38% for Asset A and 5.07% for Asset B. The question asks for the expected portfolio return as a decimal, like 0.05 for 5%.

First, I need to recall how portfolio returns are calculated. I think it's a weighted average of the returns of the individual assets. So each asset's return is multiplied by its weight in the portfolio, and then you sum those products to get the overall expected return.

Let me confirm that. Yes, the formula for the expected return of a portfolio is the sum of (weight of asset * expected return of asset) for all assets in the portfolio. Since there are only two assets here, it should be straightforward.

So, converting the percentages to decimals first. The weights are 73% and 27%, which are 0.73 and 0.27 respectively. The expected returns are 5.38% and 5.07%, which as decimals would be 0.0538 and 0.0507.

Now, multiplying each weight by their respective returns. For Asset A: 0.73 * 0.0538. Let me calculate that. Let me do 0.73 times 0.0538. Hmm. Let me break it down. 0.7 * 0.0538 is 0.03766, and 0.03 * 0.0538 is 0.001614. Adding those together gives 0.03766 + 0.001614 = 0.039274. Wait, is that right? Let me check with another method. Alternatively, 0.73 * 0.0538. Let me multiply 73 * 538 first, then adjust the decimal places. Wait, maybe that's too complicated. Alternatively, use calculator steps. Let me think. 0.0538 * 0.73. Let me compute 0.05 * 0.73 = 0.0365. Then 0.0038 * 0.73. Let me calculate that. 0.003 * 0.73 = 0.00219, and 0.0008 * 0.73 = 0.000584. Adding those gives 0.00219 + 0.000584 = 0.002774. So total for Asset A is 0.0365 + 0.002774 = 0.039274. So approximately 0.039274.

Now for Asset B: 0.27 * 0.0507. Let me compute that. Let me do 0.2 * 0.0507 = 0.01014, and 0.07 * 0.0507 = 0.003549. Adding those gives 0.01014 + 0.003549 = 0.013689. So the contribution from Asset B is 0.013689.

Now adding both contributions together: 0.039274 (from A) + 0.013689 (from B) = 0.052963. So the expected portfolio return is approximately 0.052963. Let me check if that makes sense. Since both assets have similar returns, but Asset A has a higher return and a higher weight, the portfolio return should be closer to 5.38% than 5.07%. Let me see: 5.38% is 0.0538, 5.07% is 0.0507. The portfolio is 73% in A, so the expected return should be between 5.07% and 5.38%, closer to 5.38%. Let me check the calculation again. Let me add 0.039274 + 0.013689. Let me write them down:

0.039274
+0.013689
= 0.052963

Yes, that's correct. So 0.052963. Converting that to a decimal, it's approximately 0.0530. But the question says to present it as a decimal, like 0.05 for 5%. So maybe we need to round it to four decimal places? Wait, the original returns are given to two decimal places as percentages. Wait, the problem says ""calculate the expected portfolio return as a decimal (e.g. 0.05 for 5%)"". So maybe we need to present it with four decimal places? Let me check the exact calculation again.

Alternatively, maybe I should do the calculation more precisely. Let me use exact decimal multiplication.

First, Asset A: 73% is 0.73, return is 5.38% which is 0.0538. So 0.73 * 0.0538.

Let me compute 0.73 * 0.0538:

First, multiply 73 * 538 = ?

Wait, 73 * 500 = 36,500

73 * 38 = 2,774

So total is 36,500 + 2,774 = 39,274. So since 0.73 is 73/100 and 0.0538 is 538/10,000, so multiplying them gives (73 * 538) / (100 * 10,000) = 39,274 / 1,000,000 = 0.039274. So that's correct.

Then Asset B: 0.27 * 0.0507.

Similarly, 27 * 507 = ?

Let me compute 27 * 500 = 13,500

27 * 7 = 189

Total is 13,500 + 189 = 13,689. Then since 0.27 is 27/100 and 0.0507 is 507/10,000, so multiplying gives (27 * 507) / (100 * 10,000) = 13,689 / 1,000,000 = 0.013689.

Adding them: 0.039274 + 0.013689 = 0.052963.

So the exact value is 0.052963. Now, the question says to present it as a decimal. The example given is 0.05 for 5%, which is two decimal places. However, the original returns are given with two decimal places as percentages (5.38% and 5.07%), which is two decimal places. So when converted to decimals, they are 0.0538 and 0.0507, which have four decimal places. Therefore, the answer might need to be presented with four decimal places. But the problem says ""as a decimal (e.g. 0.05 for 5%)"". The example is 0.05 for 5%, which is two decimal places. However, since the inputs have more precision, perhaps the answer should be given with four decimal places? Or maybe rounded to four decimal places?

Alternatively, maybe the answer is expected to be precise, so 0.052963, but perhaps rounded to four decimal places. Let me check the exact value. 0.052963 is approximately 0.0530 when rounded to four decimal places. Wait, the fourth decimal is 9, then the next digit is 6, so 0.052963 rounded to four decimal places is 0.0530. Wait:

Breaking down 0.052963:

Decimal places:

1st: 0.0

2nd: 0.05

3rd: 0.052

4th: 0.0529

Wait, the number is 0.052963. Let me write it as 0.052963. So the first decimal is 0, second is 5, third is 2, fourth is 9, fifth is 6, sixth is 3. So if we need to round to four decimal places, we look at the fifth decimal which is 6. So 0.05296 rounded to four decimal places is 0.0530. Because the fourth decimal is 9, adding 6 makes it round up. Wait, 0.052963 is 0.0529 (first four decimals: 0.0529) and then the next digit is 6. So when rounding to four decimal places, the fourth is 9, and the next digit is 6, which is more than 5, so we round up the fourth decimal. But 9 rounds up to 10, so it would carry over. So 0.0529 + 0.0001 = 0.0530. So the rounded value is 0.0530.

But maybe the question expects an exact value without rounding? Let me check the problem again. The problem says ""calculate the expected portfolio return as a decimal"". It doesn't specify rounding, but in finance, usually, returns are presented with four decimal places or sometimes two. However, since the inputs are given with two decimal places as percentages (5.38% and 5.07%), which is four decimal places as decimals, perhaps we should present four decimal places. But let's check the exact calculation again.

Alternatively, maybe the answer is 0.052963, but if we need to present it as a decimal, perhaps the exact value is acceptable. However, the problem might expect rounding. Let me check the example again. The example says 0.05 for 5%, which is two decimal places. But the actual calculation here is 0.052963, which is approximately 5.30%. So if we convert 0.052963 to a percentage, it's 5.2963%, which rounds to 5.30% if we go to two decimal places. But the problem says to present it as a decimal, not as a percentage. Wait, the problem says ""as a decimal (e.g. 0.05 for 5%)"". So if the answer is 5.2963%, then as a decimal it's 0.052963. However, the example shows 0.05 for 5%, which is two decimal places. But perhaps the answer should be given with four decimal places, given that the inputs have four decimal places. Alternatively, maybe we need to round to four decimal places. Let me check the exact value again.

The exact value is 0.052963. If we round to four decimal places, as discussed, it's 0.0530. But if we present the exact value, it's 0.052963. However, the problem may expect rounding to four decimal places. Alternatively, maybe the answer is expected to be precise. Let me check if there's a standard practice here. In finance, portfolio returns are often presented with four decimal places, but sometimes two. However, since the problem gives the expected returns as percentages with two decimal places (e.g., 5.38% and 5.07%), converting those to decimals would be 0.0538 and 0.0507, which are four decimal places. Therefore, the calculation should be precise and presented with four decimal places. However, the exact value is 0.052963, which is approximately 0.0530 when rounded to four decimal places.

But let me verify once more. Let me compute 0.73 * 0.0538 + 0.27 * 0.0507 using exact decimal multiplication.

First, 0.73 * 0.0538:

Let me write this as (73/100) * (538/10000) = (73 * 538) / (100 * 10000) = 39274 / 1,000,000 = 0.039274.

Then 0.27 * 0.0507 = (27/100) * (507/10000) = (27 * 507) / (100 * 10000) = 13689 / 1,000,000 = 0.013689.

Adding them: 0.039274 + 0.013689 = 0.052963.

So the exact result is 0.052963. Now, depending on the required precision, but the problem didn't specify rounding. However, since the example uses two decimal places (0.05 for 5%), but the actual calculation here has more precision, perhaps we need to present it with four decimal places. However, the problem might accept the exact value. But since the user hasn't specified rounding, but the example uses two decimal places, maybe they expect rounding to four decimal places. Alternatively, maybe the answer is to be given as a decimal with four decimal places, so 0.0530.

But let me check if 0.052963 is the precise answer. Let me do the calculation using decimal multiplication again.

Alternatively, using calculator-like steps:

For Asset A: 5.38% is 0.0538. Multiply by 73% (0.73):

0.0538 * 0.73:

Let me compute 0.0538 * 0.7 = 0.03766

0.0538 * 0.03 = 0.001614

Adding those gives 0.03766 + 0.001614 = 0.039274.

For Asset B: 0.0507 * 0.27:

0.0507 * 0.2 = 0.01014

0.0507 * 0.07 = 0.003549

Adding gives 0.01014 + 0.003549 = 0.013689.

Total portfolio return: 0.039274 + 0.013689 = 0.052963.

Yes, so the exact value is 0.052963. If we convert this to a percentage, it's 5.2963%, which is approximately 5.30%. But the question asks for the decimal, not the percentage. So the answer is 0.052963. However, depending on the required precision, maybe we need to round it. Since the original percentages were given to two decimal places, which is four decimal places as decimals, the answer should be given to four decimal places. So 0.052963 rounded to four decimal places is 0.0530. Wait, but 0.052963 is 0.052963, so the fourth decimal is 9, fifth is 6, so when rounding to four decimals, it's 0.0530. But if the question allows more decimals, then it's 0.052963. But the example uses two decimals. However, the problem says ""as a decimal"", and doesn't specify rounding, so maybe it's acceptable to present the exact value. However, in finance, it's common to present returns to four decimal places. But without specific instructions, it's a bit ambiguous. However, given that the inputs are precise to four decimal places (since 5.38% is 0.0538, which is four decimal places), the answer should be presented with four decimal places. Therefore, rounding 0.052963 to four decimal places is 0.0530. But wait, let me check:

The number is 0.052963. Let's count the decimals:

0.052963

First decimal: 0

Second: 5

Third: 2

Fourth: 9

Fifth: 6

Sixth: 3

So when rounding to four decimal places, we look at the fifth decimal which is 6. Since 6 ≥ 5, we round up the fourth decimal. The fourth decimal is 9, so adding 1 would make it 10, which carries over. Therefore, the fourth decimal becomes 0, and the third decimal increases by 1. The third decimal is 2, so it becomes 3. Therefore, the rounded value is 0.0530.

Therefore, the expected portfolio return is 0.0530.

But let me check if the problem expects more precise answer. For example, if the answer is to be given with four decimal places, then 0.0530. However, if they want the exact value, it's 0.052963. But since the user hasn't specified rounding, but the example uses two decimal places, maybe the answer should be given with four decimal places. Alternatively, maybe the answer is to be given with four decimal places as per the inputs. But I need to make a decision here.

Alternatively, perhaps the problem expects the exact value without rounding. Let me think. If I were to enter 0.052963, but the system expects a certain number of decimal places, but since the user hasn't specified, perhaps the correct answer is 0.0530. However, I need to check if there's a standard way to present this.

In many cases, portfolio returns are presented with four decimal places, especially when dealing with precise calculations. Therefore, rounding to four decimal places is appropriate. Therefore, the answer is 0.0530.

But let me check with another approach. Suppose I compute the exact value:

0.052963 is approximately 0.0530 when rounded to four decimal places. Therefore, the final answer should be 0.0530.

But I need to make sure that the calculation is correct. Let me verify once again:

73% * 5.38% = 0.73 * 0.0538 = 0.039274

27% * 5.07% = 0.27 * 0.0507 = 0.013689

Total = 0.039274 + 0.013689 = 0.052963.

Yes, correct. So if the answer is to be given as a decimal, and if the system accepts four decimal places, then 0.0530 is correct. However, if the system expects more precision, like six decimal places, then 0.052963. But since the problem didn't specify, but the example uses two decimal places, perhaps the answer is expected to be rounded to four decimal places. Alternatively, maybe the answer is to be given as 0.0530.

But I think in most cases, unless specified, the answer should be given with four decimal places. Therefore, the final answer is 0.0530.

But wait, let me check with another method. Let me compute the weighted average directly.

The weights are 73% and 27%, which sum to 100%. The returns are 5.38% and 5.07%. So the expected return is:

(0.73 * 5.38) + (0.27 * 5.07) all divided by 100? Wait, no, since the weights are already percentages. Wait, no. Wait, the weights are in decimal form. Wait, the weights are already in decimal, so it's 0.73 * 5.38% + 0.27 * 5.07%, but converting percentages to decimals.

Wait, no, the expected return is calculated as:

(Weight of A * Return of A) + (Weight of B * Return of B)

Where the weights are in decimal form and the returns are in decimal form.

So that's exactly what I did earlier. So 0.73 * 0.0538 + 0.27 * 0.0507 = 0.052963.

So the exact value is 0.052963. However, if the question requires rounding to four decimal places, it's 0.0530. But if not, it's 0.052963. But since the problem gives the returns as percentages with two decimal places, which is four decimal places as decimals, maybe we should present the answer with four decimal places. Therefore, 0.0530.

But I need to check if there's any other way. Alternatively, maybe the answer is expected to be presented as 0.0530, which is 5.30%. Let me check with approximate calculation. If I take 73% of 5.38%, which is roughly 73% of 5.38. Let me approximate:

5.38% is approximately 5.4%, so 73% of 5.4% is roughly 0.73 * 5.4 = 3.942%. Then 27% of 5.07% is roughly 27% of 5.07 = 1.3689%. Adding them gives 3.942 + 1.3689 = 5.3109%, which is approximately 5.31%, which is 0.0531. But our exact calculation was 0.052963, which is very close. So 0.0530 is a reasonable rounded value.

Therefore, I think the correct answer is 0.0530. However, the exact value is 0.052963, which is approximately 0.0530 when rounded to four decimal places. Hence, the final answer should be 0.0530.

But to ensure, let me check with exact decimal multiplication again.

Alternatively, maybe there's a calculation mistake. Let me recompute:

Asset A: 73% * 5.38% = 0.73 * 5.38 = ?

Let me compute 5.38 * 0.73:

Breakdown:

5 * 0.73 = 3.65

0.38 * 0.73 = ?

0.3 * 0.73 = 0.219

0.08 * 0.73 = 0.0584

Total for 0.38 * 0.73 is 0.219 + 0.0584 = 0.2774

So total for 5.38 * 0.73 = 3.65 + 0.2774 = 3.9274

Wait, but this is in percentage terms? Wait, no. Wait, I think this is a mistake. Because if we are calculating the weighted return, it's in decimal form. Wait, let me clarify.

If I take the weights as decimals (0.73 and 0.27) and the returns as decimals (0.0538 and 0.0507), then the calculation is correct. But if I instead do 73% * 5.38%, that would be (0.73) * (5.38%) which is 0.73 * 5.38% = 0.73 * 0.0538 = 0.039274, which is what we had before. So that's correct. So the earlier breakdown of 5.38 * 0.73 = 3.9274 is in percentage terms, which would be 3.9274%, which is 0.039274 in decimal. So that's correct.

So the exact calculation is correct. Therefore, the answer is 0.052963. If the question allows for more decimal places, then that's the answer. However, since the example uses two decimal places, but the inputs have four, it's safer to present four decimal places. Hence, 0.0530.

But to check, let me see what happens if I use more precise calculation. Suppose I use 0.052963, which is approximately 0.0530. So the answer is 0.0530.

Therefore, the final answer is 0.0530.

But I need to make sure that the system accepts this. Alternatively, maybe the answer is expected to be 0.0530, but I need to check if there's a calculation error. Let me verify once more:

0.73 * 0.0538 = 0.039274

0.27 * 0.0507 = 0.013689

Adding them gives 0.039274 + 0.013689 = 0.052963. Yes.

So the exact value is 0.052963. Depending on the system's requirements, but given that the user hasn't specified, I think the best approach is to present it with four decimal places, which is 0.0530. Therefore, the final answer is 0.0530.

But wait, let me check with another approach. If I convert the percentages to decimals and multiply:

Asset A: 5.38% = 0.0538

Weight: 0.73

Contribution: 0.73 * 0.0538 = 0.039274

Asset B: 5.07% = 0.0507

Weight: 0.27

Contribution: 0.27 * 0.0507 = 0.013689

Total: 0.039274 + 0.013689 = 0.052963.

Yes. So the exact value is 0.052963. If the answer requires more precision, this is the value. But since the problem says ""as a decimal"" and the example uses two decimal places, but the inputs are more precise, I think the correct answer is 0.0530 when rounded to four decimal places. Hence, I'll go with 0.0530.

**Final Answer**
Final Answer: 0.0530

---FINAL---


To calculate the **expected portfolio return**, we use the weighted average of the returns of the individual assets in the portfolio. The formula is:

$$
\text{Expected Portfolio Return} = (w_A \times R_A) + (w_B \times R_B)
$$

Where:
- $ w_A = 0.73 $ (weight of Asset A),
- $ w_B = 0.27 $ (weight of Asset B),
- $ R_A = 0.0538 $ (expected return of Asset A in decimal form),
- $ R_B = 0.0507 $ (expected return of Asset B in decimal form).

---

### Step-by-Step Calculation:

**Contribution from Asset A:**

$$
0.73 \times 0.0538 = 0.039274
$$

**Contribution from Asset B:**

$$
0.27 \times 0.0507 = 0.013689
$$

**Total Expected Portfolio Return:**

$$
0.039274 + 0.013689 = 0.052963
$$

This result is the exact expected portfolio return in decimal form.

---

### Rounding:

Since the question asks for the return **as a decimal** and provides an example in two decimal places (e.g., 0.05 for 5%), it is appropriate to **round to four decimal places**, as the inputs are given with four decimal places (e.g., 5.38% = 0.0538).

$$
0.052963 \rightarrow \text{rounded to four decimal places} = 0.0530
$$

---

### Final Answer:
Final Answer: 0.0530"
Q8_0,multi_step_sharpe_004,mehrstufig,multi_step_sharpe,A_direct,,0,18540326,False,19.16,1.5823780743321973,False,Final Answer: 19.16,0,10,0.3665756999998848,0,,,eos,server,False,,unklar_manuell_pruefen,"
---FINAL---
Final Answer: 19.16"
Q8_0,portfolio_return_002,einfach,portfolio_return,A_direct,,0,2090077880,False,0.051769,0.053,False,Final Answer: 0.051769,0,13,0.44534480000038457,0,,,eos,server,False,,unklar_manuell_pruefen,"
---FINAL---
Final Answer: 0.051769"
Q8_0,correlation_003,mittel,correlation,E_financial_budget256,256,0,689133170,False,-0.3176,-0.30907153054373127,False,Final Answer: -0.3176,256,264,7.988668199999665,0,"Okay, let me try to figure out how to calculate the correlation coefficient between Asset A and Asset B. Hmm, I remember that the correlation coefficient is related to covariance and the standard deviations of the two assets. Let me recall the formula.

I think the formula for the correlation coefficient (ρ) between two assets is the covariance divided by the product of their standard deviations. So, ρ = Cov(A,B) / (σ_A * σ_B). Let me check if that's right. Yeah, covariance measures how the two assets move together, but it's in units that depend on the assets' variances. To get a dimensionless measure, we divide by the product of their standard deviations. That makes sense.

Alright, so the problem gives me the standard deviations of Asset A and Asset B. Asset A has a standard deviation of 8.57%, which I need to convert to decimal form. Wait, actually, when calculating correlation, do I need to convert percentages to decimals? Let me think. The covariance is given as -0.003793. Let me check the units. If the standard deviations are in percentages, then converting them to decimals would be dividing by 100. But maybe the covariance is already in terms",limit,eos,server,False,,unklar_manuell_pruefen,"Okay, let me try to figure out how to calculate the correlation coefficient between Asset A and Asset B. Hmm, I remember that the correlation coefficient is related to covariance and the standard deviations of the two assets. Let me recall the formula.

I think the formula for the correlation coefficient (ρ) between two assets is the covariance divided by the product of their standard deviations. So, ρ = Cov(A,B) / (σ_A * σ_B). Let me check if that's right. Yeah, covariance measures how the two assets move together, but it's in units that depend on the assets' variances. To get a dimensionless measure, we divide by the product of their standard deviations. That makes sense.

Alright, so the problem gives me the standard deviations of Asset A and Asset B. Asset A has a standard deviation of 8.57%, which I need to convert to decimal form. Wait, actually, when calculating correlation, do I need to convert percentages to decimals? Let me think. The covariance is given as -0.003793. Let me check the units. If the standard deviations are in percentages, then converting them to decimals would be dividing by 100. But maybe the covariance is already in terms
---FINAL---
Final Answer: -0.3176"
Q8_0,sharpe_ratio_001,einfach,sharpe_ratio,A_direct,,0,973423119,False,0.3,0.3031,False,Final Answer: 0.30,0,9,0.3128102000000581,0,,,eos,server,False,,unklar_manuell_pruefen,"
---FINAL---
Final Answer: 0.30"
