quantization,task_id,difficulty,task_type,condition,budget,repetition,seed,mock,predicted_answer,ground_truth,correct,final_text,reasoning_tokens,total_tokens,total_time_seconds,extensions_used,raw_reasoning,reasoning_stop,final_stop,reasoning_tokens_method,safety_limit_reached,extension_triggers,error_category_heuristic,raw_response
Q4_K_M,multi_step_sharpe_004,mehrstufig,multi_step_sharpe,B_free,,0,809300318,False,1.58,1.5823780743321973,True,"

To solve the problem, we first calculate the **annual return** of the stock and then compute the **Sharpe Ratio** using the given risk-free rate and standard deviation.

---

### **Step 1: Calculate the Annual Return**

The stock price increased from $140.88 at the beginning of the year to $167.38 at the end of the year. Since no dividends were paid, the return is based purely on the change in price:

$$
\text{Annual Return} = \frac{\text{Ending Price} - \text{Beginning Price}}{\text{Beginning Price}} = \frac{167.38 - 140.88}{140.88}
$$

$$
= \frac{26.50}{140.88} \approx 0.1881 \text{ or } 18.81\%
$$

---

### **Step 2: Calculate the Sharpe Ratio**

The Sharpe Ratio is calculated using the formula:

$$
\text{Sharpe Ratio} = \frac{\text{Annual Return} - \text{Risk-Free Rate}}{\text{Standard Deviation of Returns}}
$$

Substitute the known values:

- Annual Return = 18.81%
- Risk-Free Rate = 1.42%
- Standard Deviation = 10.99%

$$
\text{Sharpe Ratio} = \frac{18.81\% - 1.42\%}{10.99\%} = \frac{17.39\%}{10.99\%} \approx 1.5824
$$

Rounding to two decimal places:

$$
\text{Sharpe Ratio} \approx 1.58
$$

---

### **Final Answer:**
Final Answer: 1.58",3429,3840,73.09834820000106,0,"Okay, let's tackle this problem step by step. First, I need to find the annual return of the stock. The stock price started at $140.88 and ended at $167.38. Since there are no dividends, the return should be based purely on the price change.

So, the formula for annual return is (Ending Price - Beginning Price) / Beginning Price. Let me calculate that. 

Ending Price minus Beginning Price is 167.38 - 140.88. Let me do the subtraction: 167.38 minus 140.88. Hmm, 167.38 minus 140 is 27.38, then minus 0.88 more would be 26.50. So that gives a $26.50 increase. 

Now divide that by the beginning price of $140.88. So 26.50 divided by 140.88. Let me compute that. Let me get my calculator out. 26.50 / 140.88 equals approximately... let me see. 26.5 divided by 140.88. Well, 26.5 divided by 140 is about 0.189, but since the denominator is a bit higher, maybe around 0.188? Wait, let me do it more accurately. 140.88 times 0.188 is 140.88 * 0.188. Let me compute that. 140.88 * 0.1 = 14.088, 140.88 * 0.08 = 11.2704, 140.88 * 0.008 = 1.12704. Adding those together: 14.088 + 11.2704 = 25.3584 + 1.12704 = 26.48544. That's very close to 26.50. So the return is approximately 0.188 or 18.8%. So the annual return is about 18.8%.

Wait, but maybe I should use exact numbers. Let me check again. 167.38 - 140.88 = 26.5. Then 26.5 / 140.88. Let me do that division properly. 26.5 divided by 140.88. Let me convert that to decimal. Let me compute 26.5 / 140.88. Let me write it as 26.5 ÷ 140.88. Let me approximate. 140.88 goes into 26.5 how many times? Well, 140.88 * 0.18 = 25.3584. Subtract that from 26.5: 26.5 - 25.3584 = 1.1416. Then, 1.1416 / 140.88 ≈ 0.0081. So total is 0.18 + 0.0081 = 0.1881, so approximately 18.81%. So the annual return is approximately 18.81%.

Okay, so that's the first part. Now, the Sharpe Ratio. The Sharpe Ratio is calculated as (Return - Risk-Free Rate) divided by the Standard Deviation. 

So we have the return as 18.81%, the risk-free rate is 1.42%, and the standard deviation is 10.99%. Let me convert these to decimals for calculation. 

First, subtract the risk-free rate from the return: 18.81% - 1.42% = 17.39%. Then divide that by the standard deviation of 10.99%. 

So 17.39% divided by 10.99%. Let me compute that. 17.39 / 10.99. Let me do the division. 10.99 goes into 17.39 once, with a remainder. 10.99 * 1 = 10.99. Subtract that from 17.39, gives 6.40. Then bring down a decimal. So 6.40 divided by 10.99 is approximately 0.582. So total is 1.582. 

Wait, let me check that again. 17.39 divided by 10.99. Let me compute 17.39 / 10.99. Let me approximate. 10.99 is approximately 11. 17.39 / 11 is approximately 1.58. But since 10.99 is slightly less than 11, the actual value would be slightly higher. Let me do exact calculation. 

Let me write 17.39 / 10.99. Multiply numerator and denominator by 100 to eliminate decimals: 1739 / 1099. Let me perform the division. 1099 goes into 1739 once (1*1099 = 1099). Subtract 1099 from 1739: 1739 - 1099 = 640. Bring down a zero (making it 6400). 1099 goes into 6400 five times (5*1099 = 5495). Subtract 5495 from 6400: 905. Bring down another zero (making it 9050). 1099 goes into 9050 eight times (8*1099 = 8792). Subtract from 9050: 258. Bring down another zero (2580). 1099 goes into 2580 twice (2*1099 = 2198). Subtract: 2580 - 2198 = 382. So so far, we have 1.582... So approximately 1.582. So the Sharpe Ratio is approximately 1.58. 

But let me check using exact numbers. The exact return is (167.38 - 140.88)/140.88. Let me compute that precisely. 

First, compute the exact return: (167.38 - 140.88) = 26.5. So 26.5 / 140.88. Let me compute this with more precision. Let me do 26.5 divided by 140.88. Let me use decimal division. 

140.88 | 26.5000...

Since 140.88 is larger than 26.5, we write it as 0.??? 

Multiply numerator and denominator by 100 to eliminate decimals: 2650 / 14088. Let me compute that. 

Divide numerator and denominator by 2: 1325 / 7044. Let me divide 1325 by 7044. Let me approximate this. 

Well, 7044 * 0.188 = 7044 * 0.1 + 7044 * 0.08 + 7044 * 0.008 = 704.4 + 563.52 + 56.352 = 704.4 + 563.52 = 1267.92 + 56.352 = 1324.272. That's very close to 1325. So the exact value is approximately 0.188 + (1325 - 1324.272)/7044. The difference is 0.728. So 0.728 / 7044 ≈ 0.000103. So total is approximately 0.188103. So the return is approximately 18.8103%. 

So using that exact return, the Sharpe Ratio is (18.8103% - 1.42%) / 10.99%. 

Calculating the numerator: 18.8103 - 1.42 = 17.3903%. 

So 17.3903% divided by 10.99% equals 17.3903 / 10.99 ≈ 1.582. 

So the Sharpe Ratio is approximately 1.58. 

But let me check with more precise calculation. 

Let me compute 17.3903 / 10.99. Let me convert these percentages to decimals for calculation. 

17.3903% is 0.173903, and 10.99% is 0.1099. So 0.173903 / 0.1099 ≈ Let me compute that. 

Dividing 0.173903 by 0.1099. Let me multiply numerator and denominator by 1000 to make it easier: 173.903 / 109.9. 

Now, dividing 173.903 by 109.9. Let me approximate. 109.9 goes into 173.9 once (1*109.9 = 109.9). Subtract: 173.9 - 109.9 = 64.0. Bring down a zero: 640. 109.9 goes into 640 five times (5*109.9 = 549.5). Subtract: 640 - 549.5 = 90.5. Bring down a zero: 905. 109.9 goes into 905 eight times (8*109.9 = 879.2). Subtract: 905 - 879.2 = 25.8. Bring down a zero: 258. 109.9 goes into 258 twice (2*109.9 = 219.8). Subtract: 258 - 219.8 = 38.2. Bring down a zero: 382. 109.9 goes into 382 three times (3*109.9 = 329.7). Subtract: 382 - 329.7 = 52.3. 

So putting it all together, we have 1.5823... So approximately 1.5823. 

So the Sharpe Ratio is approximately 1.58. Depending on rounding, it might be 1.58 or 1.582. However, since the question says to calculate the Sharpe Ratio, and given the numbers, I think it's safe to round to two decimal places. 

Therefore, the Sharpe Ratio is approximately 1.58. 

Wait, but let me check if there's any step I missed. The problem says annualized standard deviation of returns is 10.99%. So that's already annualized, so we don't need to adjust it. The return is already annual. So the Sharpe Ratio is (annual return - risk-free rate)/annualized standard deviation. 

Yes, that's correct. So all the steps are correct. 

So first, annual return is 18.81%, then Sharpe Ratio is (18.81% - 1.42%)/10.99% ≈ 1.58. 

Therefore, the final answer for the Sharpe Ratio is approximately 1.58. 

But let me check once again with exact numbers. 

Let me compute 26.5 / 140.88 first. 

26.5 divided by 140.88 equals: 

Let me use a calculator for exactness. 26.5 ÷ 140.88. 

Let me compute 26.5 / 140.88. 

Well, 140.88 * 0.188 = 26.48544, as before. So 26.5 - 26.48544 = 0.01456. So the exact value is 0.188 + 0.01456 / 140.88 ≈ 0.188 + 0.000103 ≈ 0.188103, which is 18.8103%. 

Then, 18.8103% - 1.42% = 17.3903%. 

Divide that by 10.99%: 17.3903 / 10.99 = let's calculate this precisely. 

Let me write 17.3903 / 10.99. 

Since 10.99 * 1.58 = 10.99 * 1.5 + 10.99 * 0.08 = 16.485 + 0.8792 = 17.3642. 

So 10.99 * 1.58 = 17.3642. 

Our numerator is 17.3903, which is 17.3903 - 17.3642 = 0.0261 higher. 

So how much more than 1.58 is that? 

0.0261 / 10.99 ≈ 0.002375. 

So total is 1.58 + 0.002375 ≈ 1.582375. 

So approximately 1.5824. 

Therefore, the Sharpe Ratio is approximately 1.58 when rounded to two decimal places. 

But sometimes Sharpe Ratios are reported with two decimal places, so 1.58. 

Alternatively, maybe the question expects more decimal places. However, given that the standard deviation is given to two decimal places (10.99%), and the risk-free rate is 1.42% (two decimal places), perhaps the answer should be presented with two decimal places. 

So the final answer for the Sharpe Ratio is 1.58. 

Therefore, the steps are correct, and the answer is 1.58.
",word,eos,retokenized,False,,,"Okay, let's tackle this problem step by step. First, I need to find the annual return of the stock. The stock price started at $140.88 and ended at $167.38. Since there are no dividends, the return should be based purely on the price change.

So, the formula for annual return is (Ending Price - Beginning Price) / Beginning Price. Let me calculate that. 

Ending Price minus Beginning Price is 167.38 - 140.88. Let me do the subtraction: 167.38 minus 140.88. Hmm, 167.38 minus 140 is 27.38, then minus 0.88 more would be 26.50. So that gives a $26.50 increase. 

Now divide that by the beginning price of $140.88. So 26.50 divided by 140.88. Let me compute that. Let me get my calculator out. 26.50 / 140.88 equals approximately... let me see. 26.5 divided by 140.88. Well, 26.5 divided by 140 is about 0.189, but since the denominator is a bit higher, maybe around 0.188? Wait, let me do it more accurately. 140.88 times 0.188 is 140.88 * 0.188. Let me compute that. 140.88 * 0.1 = 14.088, 140.88 * 0.08 = 11.2704, 140.88 * 0.008 = 1.12704. Adding those together: 14.088 + 11.2704 = 25.3584 + 1.12704 = 26.48544. That's very close to 26.50. So the return is approximately 0.188 or 18.8%. So the annual return is about 18.8%.

Wait, but maybe I should use exact numbers. Let me check again. 167.38 - 140.88 = 26.5. Then 26.5 / 140.88. Let me do that division properly. 26.5 divided by 140.88. Let me convert that to decimal. Let me compute 26.5 / 140.88. Let me write it as 26.5 ÷ 140.88. Let me approximate. 140.88 goes into 26.5 how many times? Well, 140.88 * 0.18 = 25.3584. Subtract that from 26.5: 26.5 - 25.3584 = 1.1416. Then, 1.1416 / 140.88 ≈ 0.0081. So total is 0.18 + 0.0081 = 0.1881, so approximately 18.81%. So the annual return is approximately 18.81%.

Okay, so that's the first part. Now, the Sharpe Ratio. The Sharpe Ratio is calculated as (Return - Risk-Free Rate) divided by the Standard Deviation. 

So we have the return as 18.81%, the risk-free rate is 1.42%, and the standard deviation is 10.99%. Let me convert these to decimals for calculation. 

First, subtract the risk-free rate from the return: 18.81% - 1.42% = 17.39%. Then divide that by the standard deviation of 10.99%. 

So 17.39% divided by 10.99%. Let me compute that. 17.39 / 10.99. Let me do the division. 10.99 goes into 17.39 once, with a remainder. 10.99 * 1 = 10.99. Subtract that from 17.39, gives 6.40. Then bring down a decimal. So 6.40 divided by 10.99 is approximately 0.582. So total is 1.582. 

Wait, let me check that again. 17.39 divided by 10.99. Let me compute 17.39 / 10.99. Let me approximate. 10.99 is approximately 11. 17.39 / 11 is approximately 1.58. But since 10.99 is slightly less than 11, the actual value would be slightly higher. Let me do exact calculation. 

Let me write 17.39 / 10.99. Multiply numerator and denominator by 100 to eliminate decimals: 1739 / 1099. Let me perform the division. 1099 goes into 1739 once (1*1099 = 1099). Subtract 1099 from 1739: 1739 - 1099 = 640. Bring down a zero (making it 6400). 1099 goes into 6400 five times (5*1099 = 5495). Subtract 5495 from 6400: 905. Bring down another zero (making it 9050). 1099 goes into 9050 eight times (8*1099 = 8792). Subtract from 9050: 258. Bring down another zero (2580). 1099 goes into 2580 twice (2*1099 = 2198). Subtract: 2580 - 2198 = 382. So so far, we have 1.582... So approximately 1.582. So the Sharpe Ratio is approximately 1.58. 

But let me check using exact numbers. The exact return is (167.38 - 140.88)/140.88. Let me compute that precisely. 

First, compute the exact return: (167.38 - 140.88) = 26.5. So 26.5 / 140.88. Let me compute this with more precision. Let me do 26.5 divided by 140.88. Let me use decimal division. 

140.88 | 26.5000...

Since 140.88 is larger than 26.5, we write it as 0.??? 

Multiply numerator and denominator by 100 to eliminate decimals: 2650 / 14088. Let me compute that. 

Divide numerator and denominator by 2: 1325 / 7044. Let me divide 1325 by 7044. Let me approximate this. 

Well, 7044 * 0.188 = 7044 * 0.1 + 7044 * 0.08 + 7044 * 0.008 = 704.4 + 563.52 + 56.352 = 704.4 + 563.52 = 1267.92 + 56.352 = 1324.272. That's very close to 1325. So the exact value is approximately 0.188 + (1325 - 1324.272)/7044. The difference is 0.728. So 0.728 / 7044 ≈ 0.000103. So total is approximately 0.188103. So the return is approximately 18.8103%. 

So using that exact return, the Sharpe Ratio is (18.8103% - 1.42%) / 10.99%. 

Calculating the numerator: 18.8103 - 1.42 = 17.3903%. 

So 17.3903% divided by 10.99% equals 17.3903 / 10.99 ≈ 1.582. 

So the Sharpe Ratio is approximately 1.58. 

But let me check with more precise calculation. 

Let me compute 17.3903 / 10.99. Let me convert these percentages to decimals for calculation. 

17.3903% is 0.173903, and 10.99% is 0.1099. So 0.173903 / 0.1099 ≈ Let me compute that. 

Dividing 0.173903 by 0.1099. Let me multiply numerator and denominator by 1000 to make it easier: 173.903 / 109.9. 

Now, dividing 173.903 by 109.9. Let me approximate. 109.9 goes into 173.9 once (1*109.9 = 109.9). Subtract: 173.9 - 109.9 = 64.0. Bring down a zero: 640. 109.9 goes into 640 five times (5*109.9 = 549.5). Subtract: 640 - 549.5 = 90.5. Bring down a zero: 905. 109.9 goes into 905 eight times (8*109.9 = 879.2). Subtract: 905 - 879.2 = 25.8. Bring down a zero: 258. 109.9 goes into 258 twice (2*109.9 = 219.8). Subtract: 258 - 219.8 = 38.2. Bring down a zero: 382. 109.9 goes into 382 three times (3*109.9 = 329.7). Subtract: 382 - 329.7 = 52.3. 

So putting it all together, we have 1.5823... So approximately 1.5823. 

So the Sharpe Ratio is approximately 1.58. Depending on rounding, it might be 1.58 or 1.582. However, since the question says to calculate the Sharpe Ratio, and given the numbers, I think it's safe to round to two decimal places. 

Therefore, the Sharpe Ratio is approximately 1.58. 

Wait, but let me check if there's any step I missed. The problem says annualized standard deviation of returns is 10.99%. So that's already annualized, so we don't need to adjust it. The return is already annual. So the Sharpe Ratio is (annual return - risk-free rate)/annualized standard deviation. 

Yes, that's correct. So all the steps are correct. 

So first, annual return is 18.81%, then Sharpe Ratio is (18.81% - 1.42%)/10.99% ≈ 1.58. 

Therefore, the final answer for the Sharpe Ratio is approximately 1.58. 

But let me check once again with exact numbers. 

Let me compute 26.5 / 140.88 first. 

26.5 divided by 140.88 equals: 

Let me use a calculator for exactness. 26.5 ÷ 140.88. 

Let me compute 26.5 / 140.88. 

Well, 140.88 * 0.188 = 26.48544, as before. So 26.5 - 26.48544 = 0.01456. So the exact value is 0.188 + 0.01456 / 140.88 ≈ 0.188 + 0.000103 ≈ 0.188103, which is 18.8103%. 

Then, 18.8103% - 1.42% = 17.3903%. 

Divide that by 10.99%: 17.3903 / 10.99 = let's calculate this precisely. 

Let me write 17.3903 / 10.99. 

Since 10.99 * 1.58 = 10.99 * 1.5 + 10.99 * 0.08 = 16.485 + 0.8792 = 17.3642. 

So 10.99 * 1.58 = 17.3642. 

Our numerator is 17.3903, which is 17.3903 - 17.3642 = 0.0261 higher. 

So how much more than 1.58 is that? 

0.0261 / 10.99 ≈ 0.002375. 

So total is 1.58 + 0.002375 ≈ 1.582375. 

So approximately 1.5824. 

Therefore, the Sharpe Ratio is approximately 1.58 when rounded to two decimal places. 

But sometimes Sharpe Ratios are reported with two decimal places, so 1.58. 

Alternatively, maybe the question expects more decimal places. However, given that the standard deviation is given to two decimal places (10.99%), and the risk-free rate is 1.42% (two decimal places), perhaps the answer should be presented with two decimal places. 

So the final answer for the Sharpe Ratio is 1.58. 

Therefore, the steps are correct, and the answer is 1.58.

---FINAL---


To solve the problem, we first calculate the **annual return** of the stock and then compute the **Sharpe Ratio** using the given risk-free rate and standard deviation.

---

### **Step 1: Calculate the Annual Return**

The stock price increased from $140.88 at the beginning of the year to $167.38 at the end of the year. Since no dividends were paid, the return is based purely on the change in price:

$$
\text{Annual Return} = \frac{\text{Ending Price} - \text{Beginning Price}}{\text{Beginning Price}} = \frac{167.38 - 140.88}{140.88}
$$

$$
= \frac{26.50}{140.88} \approx 0.1881 \text{ or } 18.81\%
$$

---

### **Step 2: Calculate the Sharpe Ratio**

The Sharpe Ratio is calculated using the formula:

$$
\text{Sharpe Ratio} = \frac{\text{Annual Return} - \text{Risk-Free Rate}}{\text{Standard Deviation of Returns}}
$$

Substitute the known values:

- Annual Return = 18.81%
- Risk-Free Rate = 1.42%
- Standard Deviation = 10.99%

$$
\text{Sharpe Ratio} = \frac{18.81\% - 1.42\%}{10.99\%} = \frac{17.39\%}{10.99\%} \approx 1.5824
$$

Rounding to two decimal places:

$$
\text{Sharpe Ratio} \approx 1.58
$$

---

### **Final Answer:**
Final Answer: 1.58"
Q4_K_M,sharpe_ratio_001,einfach,sharpe_ratio,B_free,,0,1802286640,False,0.303,0.3031,True,"

To calculate the **Sharpe Ratio**, we use the following formula:

$$
\text{Sharpe Ratio} = \frac{R_p - R_f}{\sigma_p}
$$

Where:

- $ R_p $ is the expected return of the portfolio
- $ R_f $ is the risk-free rate
- $ \sigma_p $ is the standard deviation (volatility) of the portfolio returns

---

### Step 1: Gather the given values

- Portfolio expected return ($ R_p $) = 10.40%  
- Risk-free rate ($ R_f $) = 2.96%  
- Standard deviation ($ \sigma_p $) = 24.55%  

---

### Step 2: Calculate the numerator

$$
R_p - R_f = 10.40\% - 2.96\% = 7.44\%
$$

---

### Step 3: Divide by the standard deviation

$$
\text{Sharpe Ratio} = \frac{7.44\%}{24.55\%} = \frac{7.44}{24.55}
$$

Now convert percentages to decimals for calculation:

$$
\text{Sharpe Ratio} = \frac{0.0744}{0.2455} \approx 0.303058
$$

---

### Step 4: Round to three decimal places

$$
\text{Sharpe Ratio} \approx 0.303
$$

---

### Final Answer:

$$
\boxed{0.303}
$$",5607,5957,116.29611990000012,0,"Okay, let me try to figure out how to calculate the Sharpe Ratio for this portfolio. Hmm, I remember the Sharpe Ratio is a measure of risk-adjusted return. It helps investors understand the return of an investment compared to its risk. The formula, if I recall correctly, is the difference between the portfolio's return and the risk-free rate, divided by the standard deviation of the portfolio's excess return. 

So, the problem gives me the expected annual return of the portfolio as 10.40%, the standard deviation as 24.55%, and the risk-free rate is 2.96%. Let me write those down:

- Expected return (R_p) = 10.40%
- Standard deviation (σ_p) = 24.55%
- Risk-free rate (R_f) = 2.96%

The Sharpe Ratio formula is (R_p - R_f) / σ_p. Right? So I need to subtract the risk-free rate from the portfolio's return and then divide by the standard deviation. Let me check if I have all the numbers right. Yes, those are the given values. 

First, let me compute the numerator: 10.40% minus 2.96%. Let me do that subtraction. 10.40 minus 2.96. Let me calculate that. 10.40 - 2.96 equals... Hmm, 10.40 minus 2 is 8.40, then minus 0.96 more would be 8.40 - 0.96 = 7.44. So the numerator is 7.44%. 

Wait, but percentages can sometimes be tricky. Let me confirm. If the portfolio return is 10.40% and the risk-free is 2.96%, subtracting them gives 7.44%. Yes, that seems right. 

Now, the denominator is the standard deviation, which is 24.55%. So the Sharpe Ratio is 7.44 divided by 24.55. Let me compute that. 

Let me convert these percentages to decimals for calculation. 7.44% is 0.0744 and 24.55% is 0.2455. So dividing 0.0744 by 0.2455. Let me do that division. 

Hmm, 0.0744 divided by 0.2455. Let me approximate. Let me think of this as 7.44 / 24.55. Maybe I can simplify this fraction. Let me try dividing both numerator and denominator by something. Alternatively, use a calculator approach. 

Alternatively, let me do decimal division. Let me write it as 7.44 ÷ 24.55. Let me estimate. 24.55 goes into 7.44 how many times? Since 24.55 is larger than 7.44, it's less than 1. Let me multiply numerator and denominator by 100 to eliminate decimals. So 744 divided by 2455. Let me compute that. 

Alternatively, maybe approximate. Let me see. 24.55 multiplied by 0.3 is 7.365. Because 24.55 * 0.3 = 7.365. The numerator is 7.44. So 0.3 gives 7.365. The difference between 7.44 and 7.365 is 0.075. So how much more do I need to add to 0.3 to get the remaining 0.075?

So, 0.075 divided by 24.55. Let me calculate that. 0.075 / 24.55 ≈ 0.003058. So total Sharpe Ratio ≈ 0.3 + 0.003058 ≈ 0.303058. So approximately 0.303. 

But let me check with a calculator method. Let me do 7.44 divided by 24.55. Let me use cross multiplication. Let me write this as:

Let me consider 7.44 / 24.55 = x. Let me multiply numerator and denominator by 1000 to eliminate decimals: 7440 / 24550. Let me simplify this fraction. 

Divide numerator and denominator by 5: 7440 ÷5 = 1488; 24550 ÷5 = 4910. So 1488 / 4910. Let me divide numerator and denominator by 2: 744 / 2455. Hmm, same as before. 

Alternatively, let me do decimal division. Let me write 7.44 ÷ 24.55. Let me move the decimal to make it easier. Let me write this as 7.44 ÷ 24.55 = (7.44 ÷ 24.55). Let me approximate this. 

Alternatively, since I know that 24.55 * 0.3 = 7.365 as before. So 0.3 gives 7.365, which is very close to 7.44. The difference is 7.44 - 7.365 = 0.075. So how much more is that? 

So 0.075 / 24.55 ≈ 0.003058 as before. So total is approximately 0.303058. So approximately 0.303. 

But maybe I should do more precise calculation. Let me try using a calculator-like approach. Let me consider that 24.55 * 0.303 = ?

Let me compute 24.55 * 0.3 = 7.365

24.55 * 0.003 = 0.07365

So total 0.3 + 0.003 = 0.303, and 7.365 + 0.07365 = 7.43865. 

So 24.55 * 0.303 ≈ 7.43865. Which is very close to 7.44. The difference is 7.44 - 7.43865 = 0.00135. 

So to get the exact value, we can add a little more. Let me compute how much more. 

So 0.00135 / 24.55 ≈ 0.000055. So total Sharpe Ratio is approximately 0.303 + 0.000055 ≈ 0.303055. So approximately 0.3031. 

So rounding to four decimal places, it's approximately 0.3031. 

But maybe the exact value is needed. Let me use another approach. Let me use the original numbers in decimal form. 

Numerator: 7.44% = 0.0744

Denominator: 24.55% = 0.2455

So 0.0744 / 0.2455 ≈ ?

Let me compute this division. 

Let me write 0.0744 ÷ 0.2455. Let me multiply numerator and denominator by 10,000 to eliminate decimals. Wait, maybe that's overcomplicating. 

Alternatively, use the fact that 0.0744 / 0.2455 = (7.44 / 24.55) ≈ ?

Alternatively, let me use a calculator here. Wait, since I can't use a calculator, but I can approximate. 

Alternatively, think of 7.44 / 24.55. Let me divide numerator and denominator by 7.44 to get 1 / (24.55 / 7.44). 

Compute 24.55 / 7.44. Let me approximate that. 

Well, 7.44 * 3 = 22.32

7.44 * 3.3 = 22.32 + 7.44 * 0.3 = 22.32 + 2.232 = 24.552. 

Oh! Wait, that's exactly the denominator. 

So 24.55 / 7.44 ≈ 3.3 (since 7.44 * 3.3 = 24.552). Therefore, 7.44 / 24.55 ≈ 1 / 3.3 ≈ 0.30303... 

So approximately 0.3030. 

Therefore, the Sharpe Ratio is approximately 0.303. 

But let me check the exactness. Since 7.44 * 3.3 = 24.552, which is very close to 24.55. So the difference is 24.552 - 24.55 = 0.002. 

So, 24.55 is 0.002 less than 24.552. Therefore, 24.55 / 7.44 = 3.3 - (0.002 / 7.44). 

So, 0.002 / 7.44 ≈ 0.00027. So 24.55 / 7.44 ≈ 3.3 - 0.00027 ≈ 3.29973. Therefore, 1 / 3.29973 ≈ 0.30303. 

So the Sharpe Ratio is approximately 0.3030. 

Therefore, rounding to four decimal places, it's 0.3030. 

But depending on the required precision, maybe we need to round to two or three decimal places. However, the question doesn't specify, so perhaps we can present it as 0.303. 

Alternatively, let me check if my initial calculation was correct. 

The Sharpe Ratio is (R_p - R_f)/σ_p. 

So, 10.40% - 2.96% = 7.44%. 

Then divide by 24.55% gives 7.44 / 24.55 ≈ 0.303. 

Yes, that seems correct. 

Therefore, the Sharpe Ratio is approximately 0.303. 

Wait, but let me confirm once more. If I do 7.44 divided by 24.55, let me do this division step by step. 

Let me write 7.44 ÷ 24.55. 

Since 24.55 goes into 74.4 (moving decimal one place) 3 times (since 24.55*3=73.65). 

So 3 times 24.55 is 73.65. Subtract that from 74.4, we get 74.4 - 73.65 = 0.75. Bring down a zero, making it 7.50. 

Now, 24.55 goes into 7.50 zero times. So we add a decimal point. 

So far, we have 0.3... 

Bring down another zero, making it 75.0. 

24.55 goes into 75.0 three times (24.55*3=73.65). Subtract that from 75.0, we get 1.35. Bring down another zero, making it 13.50. 

24.55 goes into 13.50 zero times. Bring down another zero, making it 135.0. 

24.55 goes into 135.0 five times (24.55*5=122.75). Subtract that from 135.0, we get 12.25. Bring down another zero, making it 122.5. 

24.55 goes into 122.5 four times (24.55*4=98.2). Subtract that, we get 122.5 - 98.2 = 24.3. Bring down another zero, making it 243.0. 

24.55 goes into 243.0 nine times (24.55*9=220.95). Subtract that, we get 243.0 - 220.95 = 22.05. 

So putting it all together, the division gives us 0.30305... So approximately 0.30305. 

So rounding to four decimal places, it's 0.3031. 

But depending on the required precision, maybe the answer expects more decimal places. However, typically, the Sharpe Ratio is often reported to two or three decimal places. 

But since the question doesn't specify, I think providing it to three decimal places is acceptable. 

Alternatively, maybe I should present it as 0.303. 

But to be precise, let me check the exact value using the initial numbers. 

Let me use the exact values:

Numerator: 7.44 (as a decimal, 0.0744)

Denominator: 24.55 (as a decimal, 0.2455)

So 0.0744 / 0.2455. 

Let me compute this using cross multiplication. 

Let me consider that 0.0744 / 0.2455 = x. 

Multiply numerator and denominator by 10000 to eliminate decimals:

744 / 2455 = x. 

Now, let me perform the division of 744 by 2455. 

Since 2455 * 0.3 = 736.5 

Subtract that from 744: 744 - 736.5 = 7.5 

So now, we have 0.3 + (7.5 / 2455). 

7.5 / 2455 ≈ 0.003058. 

So total x ≈ 0.3 + 0.003058 = 0.303058. 

So approximately 0.303058, which rounds to 0.3031 when rounded to four decimal places. 

Therefore, the Sharpe Ratio is approximately 0.3031. 

But perhaps the answer expects rounding to two decimal places. If so, it would be 0.30. However, given that the calculation is approximately 0.303, which is closer to 0.30 than 0.31? Wait, no. 0.303 is 0.30 when rounded to two decimal places? No, wait. 

Wait, 0.303 rounded to two decimal places is 0.30 because the third decimal is 3, which is less than 5. Wait, no. Wait, 0.303 is 0.30 (two decimal places) if we round to two decimal places. Wait, no. 

Wait, the third decimal is 3, so when rounding to two decimal places, you look at the third decimal. If it's 5 or higher, you round up. Since it's 3, you leave it as is. So 0.303 rounded to two decimal places is 0.30. 

But if the question expects more precision, maybe three decimal places. 

But since the original numbers are given to two decimal places (percentages), maybe we should present the Sharpe Ratio to three decimal places. 

Alternatively, perhaps the answer is expected to be in three decimal places. 

But given that the exact value is approximately 0.303058, which is approximately 0.303 when rounded to three decimal places. 

Therefore, the Sharpe Ratio is approximately 0.303. 

But to check once again, let me use another method. 

Let me compute 7.44 divided by 24.55. 

Let me note that 24.55 * 0.3 = 7.365 

Difference between 7.44 and 7.365 is 0.075. 

So 0.075 / 24.55 = 0.003058. 

Adding to 0.3 gives 0.303058. 

Yes. So the exact value is approximately 0.303058. 

Therefore, depending on rounding conventions, the answer is either 0.303 or 0.3031. 

Since financial calculations often use two decimal places for ratios, but sometimes three. However, since the given numbers have two decimal places for percentages, perhaps the Sharpe Ratio should be presented with three decimal places. 

But I need to check if there's a standard. Typically, the Sharpe Ratio is often reported to two decimal places. For example, 0.30 or 0.31. But given that our calculation is approximately 0.303, which is closer to 0.30 than 0.31. 

Wait, 0.303 is 0.30 when rounded to two decimal places. 

But if the question expects more precision, maybe three decimal places. 

However, since the problem didn't specify, I think it's safe to present it to three decimal places. 

Therefore, the Sharpe Ratio is approximately 0.303. 

Alternatively, if we use more precise calculation, it's approximately 0.3031. 

But let me check if I made any mistake in the initial steps. 

The formula is (R_p - R_f)/σ_p. 

Yes, that's correct. 

R_p is 10.40%, R_f is 2.96%, so 10.40 - 2.96 = 7.44%. 

Standard deviation is 24.55%. 

So 7.44 / 24.55 = 0.303... 

Yes, correct. 

Therefore, the answer is approximately 0.303. 

But to ensure accuracy, let me perform the division using a different approach. 

Let me write 7.44 divided by 24.55. 

Let me convert this to a fraction: 7.44 / 24.55. 

Multiply numerator and denominator by 100 to eliminate decimals: 744 / 2455. 

Now, let me perform the division of 744 by 2455. 

Since 2455 is larger than 744, this is less than 1. 

Let me write it as 744.000 divided by 2455. 

How many times does 2455 go into 7440? 

Well, 2455 * 3 = 7365. 

Subtract 7365 from 7440: 7440 - 7365 = 75. 

Bring down a zero: 750. 

2455 goes into 750 0 times. 

Bring down another zero: 7500. 

2455 goes into 7500 three times (2455 * 3 = 7365). 

Subtract: 7500 - 7365 = 135. 

Bring down a zero: 1350. 

2455 goes into 1350 0 times. 

Bring down another zero: 13500. 

2455 goes into 13500 five times (2455 * 5 = 12275). 

Subtract: 13500 - 12275 = 1225. 

Bring down a zero: 12250. 

2455 goes into 12250 four times (2455 * 4 = 9820). 

Subtract: 12250 - 9820 = 2430. 

Bring down a zero: 24300. 

2455 goes into 24300 nine times (2455 * 9 = 22095). 

Subtract: 24300 - 22095 = 2205. 

So putting it all together, we have 0.30305... So the decimal expansion is 0.30305... 

So, up to four decimal places, it's 0.3031. 

Therefore, the Sharpe Ratio is approximately 0.3031. 

But since the question might expect rounding to two or three decimal places, but as the calculation is precise to four decimal places, I think it's safe to present it as 0.303. 

Alternatively, maybe the answer is expected to be in two decimal places. 

But without specific instructions, I think providing three decimal places is better. 

However, in finance, Sharpe Ratios are often presented with two decimal places. For example, 0.30 or 0.31. 

But since our calculation is approximately 0.303, which is 0.30 when rounded to two decimal places. 

But I need to check if there's a standard practice. 

Upon checking, the Sharpe Ratio is usually reported to two decimal places. For example, if it's 0.303, it's often rounded to 0.30 or 0.30. 

But in this case, the exact value is approximately 0.303, so depending on the convention, it might be 0.30 or 0.303. 

But since the problem gives percentages with two decimal places, perhaps the answer should be given with three decimal places. 

Alternatively, maybe the answer is expected to be exact. Let me check the exact value using the precise calculation. 

Let me use the exact numbers: 

Numerator: 7.44% = 0.0744

Denominator: 24.55% = 0.2455

So 0.0744 / 0.2455 = 0.303058...

So the exact value is approximately 0.303058. 

If I round this to three decimal places, it's 0.303, since the fourth decimal is 0. 

Wait, no. Wait, 0.303058 is 0.3030 when rounded to four decimal places. So to three decimal places, it's 0.303. 

Yes, because the fourth decimal is 0, which is less than 5, so we don't round up. 

Wait, no. Wait, the number is 0.303058. 

Breaking it down:

- 0.303058 = 0.303 (first three decimals) + 0.000058. 

So when rounding to three decimal places, we look at the fourth decimal, which is 0. 

Wait, no. Wait, the number is 0.303058. Let's write it as 0.303058. 

Decimal places:

1st: 3 (tenths)

2nd: 0 (hundredths)

3rd: 3 (thousandths)

4th: 0 (ten-thousandths)

5th: 5 (hundred-thousandths)

6th: 8 (millionths)

So when rounding to three decimal places, we look at the fourth decimal place, which is 0. Since 0 < 5, we leave the third decimal as is. So 0.303. 

Therefore, the Sharpe Ratio is 0.303 when rounded to three decimal places. 

Thus, the final answer is 0.303. 

But let me check once more. 

Yes, the exact value is approximately 0.303058. So, to three decimal places, it's 0.303. 

Therefore, the Sharpe Ratio is 0.303. 

Final Answer: 0.303
",word,eos,retokenized,False,,,"Okay, let me try to figure out how to calculate the Sharpe Ratio for this portfolio. Hmm, I remember the Sharpe Ratio is a measure of risk-adjusted return. It helps investors understand the return of an investment compared to its risk. The formula, if I recall correctly, is the difference between the portfolio's return and the risk-free rate, divided by the standard deviation of the portfolio's excess return. 

So, the problem gives me the expected annual return of the portfolio as 10.40%, the standard deviation as 24.55%, and the risk-free rate is 2.96%. Let me write those down:

- Expected return (R_p) = 10.40%
- Standard deviation (σ_p) = 24.55%
- Risk-free rate (R_f) = 2.96%

The Sharpe Ratio formula is (R_p - R_f) / σ_p. Right? So I need to subtract the risk-free rate from the portfolio's return and then divide by the standard deviation. Let me check if I have all the numbers right. Yes, those are the given values. 

First, let me compute the numerator: 10.40% minus 2.96%. Let me do that subtraction. 10.40 minus 2.96. Let me calculate that. 10.40 - 2.96 equals... Hmm, 10.40 minus 2 is 8.40, then minus 0.96 more would be 8.40 - 0.96 = 7.44. So the numerator is 7.44%. 

Wait, but percentages can sometimes be tricky. Let me confirm. If the portfolio return is 10.40% and the risk-free is 2.96%, subtracting them gives 7.44%. Yes, that seems right. 

Now, the denominator is the standard deviation, which is 24.55%. So the Sharpe Ratio is 7.44 divided by 24.55. Let me compute that. 

Let me convert these percentages to decimals for calculation. 7.44% is 0.0744 and 24.55% is 0.2455. So dividing 0.0744 by 0.2455. Let me do that division. 

Hmm, 0.0744 divided by 0.2455. Let me approximate. Let me think of this as 7.44 / 24.55. Maybe I can simplify this fraction. Let me try dividing both numerator and denominator by something. Alternatively, use a calculator approach. 

Alternatively, let me do decimal division. Let me write it as 7.44 ÷ 24.55. Let me estimate. 24.55 goes into 7.44 how many times? Since 24.55 is larger than 7.44, it's less than 1. Let me multiply numerator and denominator by 100 to eliminate decimals. So 744 divided by 2455. Let me compute that. 

Alternatively, maybe approximate. Let me see. 24.55 multiplied by 0.3 is 7.365. Because 24.55 * 0.3 = 7.365. The numerator is 7.44. So 0.3 gives 7.365. The difference between 7.44 and 7.365 is 0.075. So how much more do I need to add to 0.3 to get the remaining 0.075?

So, 0.075 divided by 24.55. Let me calculate that. 0.075 / 24.55 ≈ 0.003058. So total Sharpe Ratio ≈ 0.3 + 0.003058 ≈ 0.303058. So approximately 0.303. 

But let me check with a calculator method. Let me do 7.44 divided by 24.55. Let me use cross multiplication. Let me write this as:

Let me consider 7.44 / 24.55 = x. Let me multiply numerator and denominator by 1000 to eliminate decimals: 7440 / 24550. Let me simplify this fraction. 

Divide numerator and denominator by 5: 7440 ÷5 = 1488; 24550 ÷5 = 4910. So 1488 / 4910. Let me divide numerator and denominator by 2: 744 / 2455. Hmm, same as before. 

Alternatively, let me do decimal division. Let me write 7.44 ÷ 24.55. Let me move the decimal to make it easier. Let me write this as 7.44 ÷ 24.55 = (7.44 ÷ 24.55). Let me approximate this. 

Alternatively, since I know that 24.55 * 0.3 = 7.365 as before. So 0.3 gives 7.365, which is very close to 7.44. The difference is 7.44 - 7.365 = 0.075. So how much more is that? 

So 0.075 / 24.55 ≈ 0.003058 as before. So total is approximately 0.303058. So approximately 0.303. 

But maybe I should do more precise calculation. Let me try using a calculator-like approach. Let me consider that 24.55 * 0.303 = ?

Let me compute 24.55 * 0.3 = 7.365

24.55 * 0.003 = 0.07365

So total 0.3 + 0.003 = 0.303, and 7.365 + 0.07365 = 7.43865. 

So 24.55 * 0.303 ≈ 7.43865. Which is very close to 7.44. The difference is 7.44 - 7.43865 = 0.00135. 

So to get the exact value, we can add a little more. Let me compute how much more. 

So 0.00135 / 24.55 ≈ 0.000055. So total Sharpe Ratio is approximately 0.303 + 0.000055 ≈ 0.303055. So approximately 0.3031. 

So rounding to four decimal places, it's approximately 0.3031. 

But maybe the exact value is needed. Let me use another approach. Let me use the original numbers in decimal form. 

Numerator: 7.44% = 0.0744

Denominator: 24.55% = 0.2455

So 0.0744 / 0.2455 ≈ ?

Let me compute this division. 

Let me write 0.0744 ÷ 0.2455. Let me multiply numerator and denominator by 10,000 to eliminate decimals. Wait, maybe that's overcomplicating. 

Alternatively, use the fact that 0.0744 / 0.2455 = (7.44 / 24.55) ≈ ?

Alternatively, let me use a calculator here. Wait, since I can't use a calculator, but I can approximate. 

Alternatively, think of 7.44 / 24.55. Let me divide numerator and denominator by 7.44 to get 1 / (24.55 / 7.44). 

Compute 24.55 / 7.44. Let me approximate that. 

Well, 7.44 * 3 = 22.32

7.44 * 3.3 = 22.32 + 7.44 * 0.3 = 22.32 + 2.232 = 24.552. 

Oh! Wait, that's exactly the denominator. 

So 24.55 / 7.44 ≈ 3.3 (since 7.44 * 3.3 = 24.552). Therefore, 7.44 / 24.55 ≈ 1 / 3.3 ≈ 0.30303... 

So approximately 0.3030. 

Therefore, the Sharpe Ratio is approximately 0.303. 

But let me check the exactness. Since 7.44 * 3.3 = 24.552, which is very close to 24.55. So the difference is 24.552 - 24.55 = 0.002. 

So, 24.55 is 0.002 less than 24.552. Therefore, 24.55 / 7.44 = 3.3 - (0.002 / 7.44). 

So, 0.002 / 7.44 ≈ 0.00027. So 24.55 / 7.44 ≈ 3.3 - 0.00027 ≈ 3.29973. Therefore, 1 / 3.29973 ≈ 0.30303. 

So the Sharpe Ratio is approximately 0.3030. 

Therefore, rounding to four decimal places, it's 0.3030. 

But depending on the required precision, maybe we need to round to two or three decimal places. However, the question doesn't specify, so perhaps we can present it as 0.303. 

Alternatively, let me check if my initial calculation was correct. 

The Sharpe Ratio is (R_p - R_f)/σ_p. 

So, 10.40% - 2.96% = 7.44%. 

Then divide by 24.55% gives 7.44 / 24.55 ≈ 0.303. 

Yes, that seems correct. 

Therefore, the Sharpe Ratio is approximately 0.303. 

Wait, but let me confirm once more. If I do 7.44 divided by 24.55, let me do this division step by step. 

Let me write 7.44 ÷ 24.55. 

Since 24.55 goes into 74.4 (moving decimal one place) 3 times (since 24.55*3=73.65). 

So 3 times 24.55 is 73.65. Subtract that from 74.4, we get 74.4 - 73.65 = 0.75. Bring down a zero, making it 7.50. 

Now, 24.55 goes into 7.50 zero times. So we add a decimal point. 

So far, we have 0.3... 

Bring down another zero, making it 75.0. 

24.55 goes into 75.0 three times (24.55*3=73.65). Subtract that from 75.0, we get 1.35. Bring down another zero, making it 13.50. 

24.55 goes into 13.50 zero times. Bring down another zero, making it 135.0. 

24.55 goes into 135.0 five times (24.55*5=122.75). Subtract that from 135.0, we get 12.25. Bring down another zero, making it 122.5. 

24.55 goes into 122.5 four times (24.55*4=98.2). Subtract that, we get 122.5 - 98.2 = 24.3. Bring down another zero, making it 243.0. 

24.55 goes into 243.0 nine times (24.55*9=220.95). Subtract that, we get 243.0 - 220.95 = 22.05. 

So putting it all together, the division gives us 0.30305... So approximately 0.30305. 

So rounding to four decimal places, it's 0.3031. 

But depending on the required precision, maybe the answer expects more decimal places. However, typically, the Sharpe Ratio is often reported to two or three decimal places. 

But since the question doesn't specify, I think providing it to three decimal places is acceptable. 

Alternatively, maybe I should present it as 0.303. 

But to be precise, let me check the exact value using the initial numbers. 

Let me use the exact values:

Numerator: 7.44 (as a decimal, 0.0744)

Denominator: 24.55 (as a decimal, 0.2455)

So 0.0744 / 0.2455. 

Let me compute this using cross multiplication. 

Let me consider that 0.0744 / 0.2455 = x. 

Multiply numerator and denominator by 10000 to eliminate decimals:

744 / 2455 = x. 

Now, let me perform the division of 744 by 2455. 

Since 2455 * 0.3 = 736.5 

Subtract that from 744: 744 - 736.5 = 7.5 

So now, we have 0.3 + (7.5 / 2455). 

7.5 / 2455 ≈ 0.003058. 

So total x ≈ 0.3 + 0.003058 = 0.303058. 

So approximately 0.303058, which rounds to 0.3031 when rounded to four decimal places. 

Therefore, the Sharpe Ratio is approximately 0.3031. 

But perhaps the answer expects rounding to two decimal places. If so, it would be 0.30. However, given that the calculation is approximately 0.303, which is closer to 0.30 than 0.31? Wait, no. 0.303 is 0.30 when rounded to two decimal places? No, wait. 

Wait, 0.303 rounded to two decimal places is 0.30 because the third decimal is 3, which is less than 5. Wait, no. Wait, 0.303 is 0.30 (two decimal places) if we round to two decimal places. Wait, no. 

Wait, the third decimal is 3, so when rounding to two decimal places, you look at the third decimal. If it's 5 or higher, you round up. Since it's 3, you leave it as is. So 0.303 rounded to two decimal places is 0.30. 

But if the question expects more precision, maybe three decimal places. 

But since the original numbers are given to two decimal places (percentages), maybe we should present the Sharpe Ratio to three decimal places. 

Alternatively, perhaps the answer is expected to be in three decimal places. 

But given that the exact value is approximately 0.303058, which is approximately 0.303 when rounded to three decimal places. 

Therefore, the Sharpe Ratio is approximately 0.303. 

But to check once again, let me use another method. 

Let me compute 7.44 divided by 24.55. 

Let me note that 24.55 * 0.3 = 7.365 

Difference between 7.44 and 7.365 is 0.075. 

So 0.075 / 24.55 = 0.003058. 

Adding to 0.3 gives 0.303058. 

Yes. So the exact value is approximately 0.303058. 

Therefore, depending on rounding conventions, the answer is either 0.303 or 0.3031. 

Since financial calculations often use two decimal places for ratios, but sometimes three. However, since the given numbers have two decimal places for percentages, perhaps the Sharpe Ratio should be presented with three decimal places. 

But I need to check if there's a standard. Typically, the Sharpe Ratio is often reported to two decimal places. For example, 0.30 or 0.31. But given that our calculation is approximately 0.303, which is closer to 0.30 than 0.31. 

Wait, 0.303 is 0.30 when rounded to two decimal places. 

But if the question expects more precision, maybe three decimal places. 

However, since the problem didn't specify, I think it's safe to present it to three decimal places. 

Therefore, the Sharpe Ratio is approximately 0.303. 

Alternatively, if we use more precise calculation, it's approximately 0.3031. 

But let me check if I made any mistake in the initial steps. 

The formula is (R_p - R_f)/σ_p. 

Yes, that's correct. 

R_p is 10.40%, R_f is 2.96%, so 10.40 - 2.96 = 7.44%. 

Standard deviation is 24.55%. 

So 7.44 / 24.55 = 0.303... 

Yes, correct. 

Therefore, the answer is approximately 0.303. 

But to ensure accuracy, let me perform the division using a different approach. 

Let me write 7.44 divided by 24.55. 

Let me convert this to a fraction: 7.44 / 24.55. 

Multiply numerator and denominator by 100 to eliminate decimals: 744 / 2455. 

Now, let me perform the division of 744 by 2455. 

Since 2455 is larger than 744, this is less than 1. 

Let me write it as 744.000 divided by 2455. 

How many times does 2455 go into 7440? 

Well, 2455 * 3 = 7365. 

Subtract 7365 from 7440: 7440 - 7365 = 75. 

Bring down a zero: 750. 

2455 goes into 750 0 times. 

Bring down another zero: 7500. 

2455 goes into 7500 three times (2455 * 3 = 7365). 

Subtract: 7500 - 7365 = 135. 

Bring down a zero: 1350. 

2455 goes into 1350 0 times. 

Bring down another zero: 13500. 

2455 goes into 13500 five times (2455 * 5 = 12275). 

Subtract: 13500 - 12275 = 1225. 

Bring down a zero: 12250. 

2455 goes into 12250 four times (2455 * 4 = 9820). 

Subtract: 12250 - 9820 = 2430. 

Bring down a zero: 24300. 

2455 goes into 24300 nine times (2455 * 9 = 22095). 

Subtract: 24300 - 22095 = 2205. 

So putting it all together, we have 0.30305... So the decimal expansion is 0.30305... 

So, up to four decimal places, it's 0.3031. 

Therefore, the Sharpe Ratio is approximately 0.3031. 

But since the question might expect rounding to two or three decimal places, but as the calculation is precise to four decimal places, I think it's safe to present it as 0.303. 

Alternatively, maybe the answer is expected to be in two decimal places. 

But without specific instructions, I think providing three decimal places is better. 

However, in finance, Sharpe Ratios are often presented with two decimal places. For example, 0.30 or 0.31. 

But since our calculation is approximately 0.303, which is 0.30 when rounded to two decimal places. 

But I need to check if there's a standard practice. 

Upon checking, the Sharpe Ratio is usually reported to two decimal places. For example, if it's 0.303, it's often rounded to 0.30 or 0.30. 

But in this case, the exact value is approximately 0.303, so depending on the convention, it might be 0.30 or 0.303. 

But since the problem gives percentages with two decimal places, perhaps the answer should be given with three decimal places. 

Alternatively, maybe the answer is expected to be exact. Let me check the exact value using the precise calculation. 

Let me use the exact numbers: 

Numerator: 7.44% = 0.0744

Denominator: 24.55% = 0.2455

So 0.0744 / 0.2455 = 0.303058...

So the exact value is approximately 0.303058. 

If I round this to three decimal places, it's 0.303, since the fourth decimal is 0. 

Wait, no. Wait, 0.303058 is 0.3030 when rounded to four decimal places. So to three decimal places, it's 0.303. 

Yes, because the fourth decimal is 0, which is less than 5, so we don't round up. 

Wait, no. Wait, the number is 0.303058. 

Breaking it down:

- 0.303058 = 0.303 (first three decimals) + 0.000058. 

So when rounding to three decimal places, we look at the fourth decimal, which is 0. 

Wait, no. Wait, the number is 0.303058. Let's write it as 0.303058. 

Decimal places:

1st: 3 (tenths)

2nd: 0 (hundredths)

3rd: 3 (thousandths)

4th: 0 (ten-thousandths)

5th: 5 (hundred-thousandths)

6th: 8 (millionths)

So when rounding to three decimal places, we look at the fourth decimal place, which is 0. Since 0 < 5, we leave the third decimal as is. So 0.303. 

Therefore, the Sharpe Ratio is 0.303 when rounded to three decimal places. 

Thus, the final answer is 0.303. 

But let me check once more. 

Yes, the exact value is approximately 0.303058. So, to three decimal places, it's 0.303. 

Therefore, the Sharpe Ratio is 0.303. 

Final Answer: 0.303

---FINAL---


To calculate the **Sharpe Ratio**, we use the following formula:

$$
\text{Sharpe Ratio} = \frac{R_p - R_f}{\sigma_p}
$$

Where:

- $ R_p $ is the expected return of the portfolio
- $ R_f $ is the risk-free rate
- $ \sigma_p $ is the standard deviation (volatility) of the portfolio returns

---

### Step 1: Gather the given values

- Portfolio expected return ($ R_p $) = 10.40%  
- Risk-free rate ($ R_f $) = 2.96%  
- Standard deviation ($ \sigma_p $) = 24.55%  

---

### Step 2: Calculate the numerator

$$
R_p - R_f = 10.40\% - 2.96\% = 7.44\%
$$

---

### Step 3: Divide by the standard deviation

$$
\text{Sharpe Ratio} = \frac{7.44\%}{24.55\%} = \frac{7.44}{24.55}
$$

Now convert percentages to decimals for calculation:

$$
\text{Sharpe Ratio} = \frac{0.0744}{0.2455} \approx 0.303058
$$

---

### Step 4: Round to three decimal places

$$
\text{Sharpe Ratio} \approx 0.303
$$

---

### Final Answer:

$$
\boxed{0.303}
$$"
Q4_K_M,portfolio_return_002,einfach,portfolio_return,E_financial_budget512,512,0,941925547,False,0.0526,0.053,True,Final Answer: 0.0526,512,520,9.508258300000307,0,"Okay, let's see. The investor has a portfolio divided between two assets, A and B. They put 73% in Asset A, which has an expected return of 5.38%, and 27% in Asset B with an expected return of 5.07%. I need to calculate the expected portfolio return as a decimal.

First, I remember that the expected return of a portfolio is the weighted average of the returns of the individual assets. The weights are the proportions of each asset in the portfolio. So, the formula should be something like: (Weight of A * Return of A) + (Weight of B * Return of B).

Wait, let me make sure. Yes, that's right. Each asset's contribution to the portfolio return is its weight multiplied by its expected return. Then you add those two contributions together.

So, converting the percentages to decimals first. The weights are 73% and 27%, which are 0.73 and 0.27 in decimal form. The returns are 5.38% and 5.07%, so converting those to decimals would be 0.0538 and 0.0507.

Now, multiplying each weight by their respective returns. Let me do that step by step.

First, 0.73 * 0.0538. Let me calculate that. Hmm, 0.73 times 0.05 is 0.0365, and 0.73 times 0.0038 is... Well, maybe it's easier to just multiply 0.73 * 0.0538 directly.

Alternatively, maybe I can compute 0.73 * 5.38% and 0.27 * 5.07%, then add them. Wait, but since the percentages are already converted, maybe it's better to just do the decimal multiplication.

Alternatively, perhaps I can do it in percentages first and then convert to decimal? Let me think. If I keep everything in percentages, then the weights are 73% and 27%, and returns are 5.38% and 5.07%. So the calculation would be:

(73% * 5.38%) + (27% * 5.07%). But then I have to convert that result to decimal. Wait, but that might be confusing.",limit,eos,server,False,,,"Okay, let's see. The investor has a portfolio divided between two assets, A and B. They put 73% in Asset A, which has an expected return of 5.38%, and 27% in Asset B with an expected return of 5.07%. I need to calculate the expected portfolio return as a decimal.

First, I remember that the expected return of a portfolio is the weighted average of the returns of the individual assets. The weights are the proportions of each asset in the portfolio. So, the formula should be something like: (Weight of A * Return of A) + (Weight of B * Return of B).

Wait, let me make sure. Yes, that's right. Each asset's contribution to the portfolio return is its weight multiplied by its expected return. Then you add those two contributions together.

So, converting the percentages to decimals first. The weights are 73% and 27%, which are 0.73 and 0.27 in decimal form. The returns are 5.38% and 5.07%, so converting those to decimals would be 0.0538 and 0.0507.

Now, multiplying each weight by their respective returns. Let me do that step by step.

First, 0.73 * 0.0538. Let me calculate that. Hmm, 0.73 times 0.05 is 0.0365, and 0.73 times 0.0038 is... Well, maybe it's easier to just multiply 0.73 * 0.0538 directly.

Alternatively, maybe I can compute 0.73 * 5.38% and 0.27 * 5.07%, then add them. Wait, but since the percentages are already converted, maybe it's better to just do the decimal multiplication.

Alternatively, perhaps I can do it in percentages first and then convert to decimal? Let me think. If I keep everything in percentages, then the weights are 73% and 27%, and returns are 5.38% and 5.07%. So the calculation would be:

(73% * 5.38%) + (27% * 5.07%). But then I have to convert that result to decimal. Wait, but that might be confusing.
---FINAL---
Final Answer: 0.0526"
Q4_K_M,correlation_003,mittel,correlation,E_financial_budget512,512,0,1427340939,False,-0.2999,-0.30907153054373127,False,Final Answer: -0.2999,512,520,9.492303299999548,0,"Okay, let's see. I need to calculate the correlation coefficient between Asset A and Asset B. Hmm, I remember that the correlation coefficient is related to covariance and the standard deviations of the two assets. Let me recall the formula.

I think the formula for the correlation coefficient (usually denoted as ρ) is the covariance of the two assets divided by the product of their standard deviations. So, ρ = Cov(A,B) / (σ_A * σ_B). Right? Let me make sure. Yeah, that seems right. Because covariance measures how the two assets move together, but it's in units that depend on the assets' variances. To make it a dimensionless quantity between -1 and 1, you divide by the product of their standard deviations.

Alright, so the problem gives me the standard deviations of Asset A and Asset B. Asset A has a standard deviation of 8.57%, and Asset B has 14.32%. The covariance between them is -0.003793. Wait, the units here might be important. The standard deviations are percentages, but the covariance is given as a decimal. Let me check if I need to convert them or if they are already in the right units.

Wait, standard deviation is usually expressed as a decimal or a percentage. If they are percentages, then converting them to decimals would be necessary. Let me think. For example, 8.57% is 0.0857 in decimal. Similarly, 14.32% is 0.1432. But the covariance is given as -0.003793. Let me check the units. If the covariance is in terms of squared decimals, then the standard deviations should be in decimals. So, if I use the percentages as decimals, that should be okay.

So, let me convert the standard deviations to decimals. Asset A's standard deviation is 8.57% = 0.0857. Asset B's standard deviation is 14.32% = 0.1432. The covariance is -0.003793. So plugging into the formula: ρ = -0.003793 / (0.0857 * 0.1432). Let me compute the denominator first. 0.0857 multiplied by 0.1432. Let me calculate",limit,eos,server,False,,unklar_manuell_pruefen,"Okay, let's see. I need to calculate the correlation coefficient between Asset A and Asset B. Hmm, I remember that the correlation coefficient is related to covariance and the standard deviations of the two assets. Let me recall the formula.

I think the formula for the correlation coefficient (usually denoted as ρ) is the covariance of the two assets divided by the product of their standard deviations. So, ρ = Cov(A,B) / (σ_A * σ_B). Right? Let me make sure. Yeah, that seems right. Because covariance measures how the two assets move together, but it's in units that depend on the assets' variances. To make it a dimensionless quantity between -1 and 1, you divide by the product of their standard deviations.

Alright, so the problem gives me the standard deviations of Asset A and Asset B. Asset A has a standard deviation of 8.57%, and Asset B has 14.32%. The covariance between them is -0.003793. Wait, the units here might be important. The standard deviations are percentages, but the covariance is given as a decimal. Let me check if I need to convert them or if they are already in the right units.

Wait, standard deviation is usually expressed as a decimal or a percentage. If they are percentages, then converting them to decimals would be necessary. Let me think. For example, 8.57% is 0.0857 in decimal. Similarly, 14.32% is 0.1432. But the covariance is given as -0.003793. Let me check the units. If the covariance is in terms of squared decimals, then the standard deviations should be in decimals. So, if I use the percentages as decimals, that should be okay.

So, let me convert the standard deviations to decimals. Asset A's standard deviation is 8.57% = 0.0857. Asset B's standard deviation is 14.32% = 0.1432. The covariance is -0.003793. So plugging into the formula: ρ = -0.003793 / (0.0857 * 0.1432). Let me compute the denominator first. 0.0857 multiplied by 0.1432. Let me calculate
---FINAL---
Final Answer: -0.2999"
Q4_K_M,correlation_003,mittel,correlation,D_generic_budget512,512,0,1427340939,False,-0.2999,-0.30907153054373127,False,Final Answer: -0.2999,512,520,9.524719999997615,0,"Okay, let's see. I need to calculate the correlation coefficient between Asset A and Asset B. Hmm, I remember that the correlation coefficient is related to covariance and the standard deviations of the two assets. Let me recall the formula.

I think the formula for the correlation coefficient (usually denoted as ρ) is the covariance of the two assets divided by the product of their standard deviations. So, ρ = Cov(A,B) / (σ_A * σ_B). Right? Let me make sure. Yeah, that seems right. Because covariance measures how the two assets move together, but it's in units that depend on the assets' variances. To make it a dimensionless quantity between -1 and 1, you divide by the product of their standard deviations.

Alright, so the problem gives me the standard deviations of Asset A and Asset B. Asset A has a standard deviation of 8.57%, and Asset B has 14.32%. The covariance between them is -0.003793. Wait, the units here might be important. The standard deviations are percentages, but the covariance is given as a decimal. Let me check if I need to convert them or if they are already in the right units.

Wait, standard deviation is usually expressed as a decimal or a percentage. If they are percentages, then converting them to decimals would be necessary. Let me think. For example, 8.57% is 0.0857 in decimal. Similarly, 14.32% is 0.1432. But the covariance is given as -0.003793. Let me check the units. If the covariance is in terms of squared decimals, then the standard deviations should be in decimals. So, if I use the percentages as decimals, that should be okay.

So, let me convert the standard deviations to decimals. Asset A's standard deviation is 8.57% = 0.0857. Asset B's standard deviation is 14.32% = 0.1432. The covariance is -0.003793. So plugging into the formula: ρ = -0.003793 / (0.0857 * 0.1432). Let me compute the denominator first. 0.0857 multiplied by 0.1432. Let me calculate",limit,eos,server,False,,unklar_manuell_pruefen,"Okay, let's see. I need to calculate the correlation coefficient between Asset A and Asset B. Hmm, I remember that the correlation coefficient is related to covariance and the standard deviations of the two assets. Let me recall the formula.

I think the formula for the correlation coefficient (usually denoted as ρ) is the covariance of the two assets divided by the product of their standard deviations. So, ρ = Cov(A,B) / (σ_A * σ_B). Right? Let me make sure. Yeah, that seems right. Because covariance measures how the two assets move together, but it's in units that depend on the assets' variances. To make it a dimensionless quantity between -1 and 1, you divide by the product of their standard deviations.

Alright, so the problem gives me the standard deviations of Asset A and Asset B. Asset A has a standard deviation of 8.57%, and Asset B has 14.32%. The covariance between them is -0.003793. Wait, the units here might be important. The standard deviations are percentages, but the covariance is given as a decimal. Let me check if I need to convert them or if they are already in the right units.

Wait, standard deviation is usually expressed as a decimal or a percentage. If they are percentages, then converting them to decimals would be necessary. Let me think. For example, 8.57% is 0.0857 in decimal. Similarly, 14.32% is 0.1432. But the covariance is given as -0.003793. Let me check the units. If the covariance is in terms of squared decimals, then the standard deviations should be in decimals. So, if I use the percentages as decimals, that should be okay.

So, let me convert the standard deviations to decimals. Asset A's standard deviation is 8.57% = 0.0857. Asset B's standard deviation is 14.32% = 0.1432. The covariance is -0.003793. So plugging into the formula: ρ = -0.003793 / (0.0857 * 0.1432). Let me compute the denominator first. 0.0857 multiplied by 0.1432. Let me calculate
---FINAL---
Final Answer: -0.2999"
Q4_K_M,sharpe_ratio_001,einfach,sharpe_ratio,E_financial_budget256,256,0,431451577,False,0.3,0.3031,False,Final Answer: 0.30,256,262,4.781582799999342,0,"Okay, let's see. I need to calculate the Sharpe Ratio for this portfolio. Hmm, what's the formula again? I think the Sharpe Ratio measures the excess return per unit of risk. So, it's the difference between the portfolio's return and the risk-free rate, divided by the standard deviation of the portfolio's returns. Let me make sure I remember that right.

So the formula should be: Sharpe Ratio = (Expected Portfolio Return - Risk-Free Rate) / Standard Deviation. Yeah, that sounds familiar. Let me check the units. The expected return and risk-free rate are both annual percentages, and the standard deviation is also annual, so the units should cancel out, giving a dimensionless ratio. That makes sense.

Alright, the problem gives the expected annual return as 10.40%, the standard deviation is 24.55%, and the risk-free rate is 2.96%. So I need to plug these numbers into the formula. Let me write that down step by step.

First, calculate the excess return: Expected Return minus Risk-Free Rate. That would be 10.40% minus 2.96%. Let me do that subtraction. 10.40 minus ",limit,eos,server,False,,unklar_manuell_pruefen,"Okay, let's see. I need to calculate the Sharpe Ratio for this portfolio. Hmm, what's the formula again? I think the Sharpe Ratio measures the excess return per unit of risk. So, it's the difference between the portfolio's return and the risk-free rate, divided by the standard deviation of the portfolio's returns. Let me make sure I remember that right.

So the formula should be: Sharpe Ratio = (Expected Portfolio Return - Risk-Free Rate) / Standard Deviation. Yeah, that sounds familiar. Let me check the units. The expected return and risk-free rate are both annual percentages, and the standard deviation is also annual, so the units should cancel out, giving a dimensionless ratio. That makes sense.

Alright, the problem gives the expected annual return as 10.40%, the standard deviation is 24.55%, and the risk-free rate is 2.96%. So I need to plug these numbers into the formula. Let me write that down step by step.

First, calculate the excess return: Expected Return minus Risk-Free Rate. That would be 10.40% minus 2.96%. Let me do that subtraction. 10.40 minus 
---FINAL---
Final Answer: 0.30"
Q4_K_M,portfolio_return_002,einfach,portfolio_return,E_financial_budget256,256,0,1681576244,False,0.0526,0.053,True,Final Answer: 0.0526,256,264,4.823924899998019,0,"Okay, let's see. The problem is about calculating the expected portfolio return based on the weights of two assets and their respective expected returns. The investor has allocated 73% to Asset A and 27% to Asset B. The expected returns for Asset A and B are 5.38% and 5.07% respectively. I need to find the expected portfolio return as a decimal.

First, I remember that the expected return of a portfolio is calculated by taking the weighted average of the returns of the individual assets. The weights are the proportions of each asset in the portfolio. So, the formula should be something like: Expected Portfolio Return = (Weight of A * Return of A) + (Weight of B * Return of B).

Let me confirm that. Yes, that's right. Each asset's contribution to the portfolio return is its weight multiplied by its expected return, and then you sum those contributions. 

Now, converting the percentages to decimals. The weights are 73% and 27%, so that's 0.73 and 0.27. The returns are 5.38% and 5.07%, which as decimals would be 0.0538 and 0",limit,eos,server,False,,,"Okay, let's see. The problem is about calculating the expected portfolio return based on the weights of two assets and their respective expected returns. The investor has allocated 73% to Asset A and 27% to Asset B. The expected returns for Asset A and B are 5.38% and 5.07% respectively. I need to find the expected portfolio return as a decimal.

First, I remember that the expected return of a portfolio is calculated by taking the weighted average of the returns of the individual assets. The weights are the proportions of each asset in the portfolio. So, the formula should be something like: Expected Portfolio Return = (Weight of A * Return of A) + (Weight of B * Return of B).

Let me confirm that. Yes, that's right. Each asset's contribution to the portfolio return is its weight multiplied by its expected return, and then you sum those contributions. 

Now, converting the percentages to decimals. The weights are 73% and 27%, so that's 0.73 and 0.27. The returns are 5.38% and 5.07%, which as decimals would be 0.0538 and 0
---FINAL---
Final Answer: 0.0526"
Q4_K_M,sharpe_ratio_001,einfach,sharpe_ratio,D_generic_budget512,512,0,1371054473,False,0.3033,0.3031,True,Final Answer: 0.3033,512,520,9.539633799999137,0,"Okay, let me try to figure out how to calculate the Sharpe Ratio for this portfolio. Hmm, I remember the Sharpe Ratio is a measure of risk-adjusted return. It helps investors understand the return of an investment compared to its risk. The formula, if I recall correctly, is the difference between the portfolio's return and the risk-free rate, divided by the standard deviation of the portfolio's excess return. 

So, the given values are: expected annual return of 10.40%, standard deviation of 24.55%, and the risk-free rate is 2.96%. Let me write those down to keep track.

Portfolio return (Rp) = 10.40%
Risk-free rate (Rf) = 2.96%
Standard deviation (σp) = 24.55%

The Sharpe Ratio formula is (Rp - Rf) / σp. Right? So first, I need to subtract the risk-free rate from the portfolio's return. Let me do that calculation. 

10.40% minus 2.96%. Let me convert those percentages to decimals to make the calculation easier. 10.40% is 0.1040 and 2.96% is 0.0296. Subtracting them gives 0.1040 - 0.0296. Let me compute that. 

0.1040 minus 0.0296 equals... 0.0744. So that's 7.44% excess return. 

Now, I need to divide this by the standard deviation, which is 24.55%. Converting that to decimal, it's 0.2455. So the Sharpe Ratio would be 0.0744 divided by 0.2455. Let me do that division. 

Hmm, 0.0744 divided by 0.2455. Let me use a calculator for precision. Let me compute 0.0744 / 0.2455. 

First, maybe I can simplify the numbers. Let me multiply numerator and denominator by 1000 to eliminate decimals. That gives 74.4 / 245.5. Let me compute that. 

Alternatively, I can approximate. Let me think. 0.2",limit,eos,server,False,,,"Okay, let me try to figure out how to calculate the Sharpe Ratio for this portfolio. Hmm, I remember the Sharpe Ratio is a measure of risk-adjusted return. It helps investors understand the return of an investment compared to its risk. The formula, if I recall correctly, is the difference between the portfolio's return and the risk-free rate, divided by the standard deviation of the portfolio's excess return. 

So, the given values are: expected annual return of 10.40%, standard deviation of 24.55%, and the risk-free rate is 2.96%. Let me write those down to keep track.

Portfolio return (Rp) = 10.40%
Risk-free rate (Rf) = 2.96%
Standard deviation (σp) = 24.55%

The Sharpe Ratio formula is (Rp - Rf) / σp. Right? So first, I need to subtract the risk-free rate from the portfolio's return. Let me do that calculation. 

10.40% minus 2.96%. Let me convert those percentages to decimals to make the calculation easier. 10.40% is 0.1040 and 2.96% is 0.0296. Subtracting them gives 0.1040 - 0.0296. Let me compute that. 

0.1040 minus 0.0296 equals... 0.0744. So that's 7.44% excess return. 

Now, I need to divide this by the standard deviation, which is 24.55%. Converting that to decimal, it's 0.2455. So the Sharpe Ratio would be 0.0744 divided by 0.2455. Let me do that division. 

Hmm, 0.0744 divided by 0.2455. Let me use a calculator for precision. Let me compute 0.0744 / 0.2455. 

First, maybe I can simplify the numbers. Let me multiply numerator and denominator by 1000 to eliminate decimals. That gives 74.4 / 245.5. Let me compute that. 

Alternatively, I can approximate. Let me think. 0.2
---FINAL---
Final Answer: 0.3033"
Q4_K_M,sharpe_ratio_001,einfach,sharpe_ratio,D_generic_budget1024,1024,0,212521714,False,0.303,0.3031,True,Final Answer: 0.303,1024,1031,18.937360299999455,0,"Okay, let me try to figure out how to calculate the Sharpe Ratio for this portfolio. So, the problem says the portfolio has an expected annual return of 10.40%, a standard deviation of 24.55%, and the risk-free rate is 2.96%. I need to find the Sharpe Ratio. 

First, I remember that the Sharpe Ratio is a measure of risk-adjusted return. It helps investors understand the return of an investment compared to its risk. The formula, if I recall correctly, is the difference between the portfolio's return and the risk-free rate, divided by the standard deviation of the portfolio's excess return. 

Let me write that down to be sure. The formula should be:

Sharpe Ratio = (Expected Return of Portfolio - Risk-Free Rate) / Standard Deviation of Portfolio Returns

So, plugging in the numbers given here. The expected return is 10.40%, the risk-free rate is 2.96%, and the standard deviation is 24.55%. 

Wait, I need to make sure all the percentages are in the same units. Since they are all annual figures, I don't need to convert anything. So, subtracting the risk-free rate from the portfolio's return first. Let me compute that.

10.40% minus 2.96% equals... let me do the subtraction. 10.40 minus 2.96. Let me calculate that. 10.40 minus 2 is 8.40, then minus 0.96 more would be 8.40 - 0.96 = 7.44. So that gives 7.44%. 

Then, divide that by the standard deviation, which is 24.55%. So the Sharpe Ratio would be 7.44 divided by 24.55. Let me compute that. 

Hmm, 7.44 divided by 24.55. Let me get a calculator for that. Wait, if I can't use a calculator, I can approximate. Let me think. 24.55 times 0.3 is 7.365. So 0.3 times 24.55 is 7.365. The numerator is 7.44, which is slightly higher than 7.365. So the Sharpe Ratio would be approximately 0.3 plus (7.44 - 7.365)/24.55. 

The difference between 7.44 and 7.365 is 0.075. So 0.075 divided by 24.55 is approximately 0.003057. So adding that to 0.3 gives approximately 0.303057. So roughly 0.303. 

But let me check if I did that correctly. Alternatively, maybe I should just do the division properly. Let me try to divide 7.44 by 24.55. 

Alternatively, converting them to decimal form. 7.44% is 0.0744 and 24.55% is 0.2455. So the Sharpe Ratio is 0.0744 / 0.2455. Let me compute that. 

Dividing 0.0744 by 0.2455. Let me multiply numerator and denominator by 1000 to eliminate decimals. That gives 74.4 / 245.5. Let me do that division. 

Well, 245.5 goes into 74.4 how many times? Since 245.5 is larger than 74.4, it's less than 1. Let me compute 74.4 divided by 245.5. 

Alternatively, maybe I can invert the denominator. 1/245.5 is approximately 0.004077. Multiply that by 74.4. Let me compute 74.4 * 0.004077. 

First, 70 * 0.004077 = 0.28539. Then 4.4 * 0.004077. Let's see, 4 * 0.004077 is 0.016308, and 0.4 * 0.004077 is 0.0016308. Adding those together: 0.016308 + 0.0016308",limit,eos,server,False,,,"Okay, let me try to figure out how to calculate the Sharpe Ratio for this portfolio. So, the problem says the portfolio has an expected annual return of 10.40%, a standard deviation of 24.55%, and the risk-free rate is 2.96%. I need to find the Sharpe Ratio. 

First, I remember that the Sharpe Ratio is a measure of risk-adjusted return. It helps investors understand the return of an investment compared to its risk. The formula, if I recall correctly, is the difference between the portfolio's return and the risk-free rate, divided by the standard deviation of the portfolio's excess return. 

Let me write that down to be sure. The formula should be:

Sharpe Ratio = (Expected Return of Portfolio - Risk-Free Rate) / Standard Deviation of Portfolio Returns

So, plugging in the numbers given here. The expected return is 10.40%, the risk-free rate is 2.96%, and the standard deviation is 24.55%. 

Wait, I need to make sure all the percentages are in the same units. Since they are all annual figures, I don't need to convert anything. So, subtracting the risk-free rate from the portfolio's return first. Let me compute that.

10.40% minus 2.96% equals... let me do the subtraction. 10.40 minus 2.96. Let me calculate that. 10.40 minus 2 is 8.40, then minus 0.96 more would be 8.40 - 0.96 = 7.44. So that gives 7.44%. 

Then, divide that by the standard deviation, which is 24.55%. So the Sharpe Ratio would be 7.44 divided by 24.55. Let me compute that. 

Hmm, 7.44 divided by 24.55. Let me get a calculator for that. Wait, if I can't use a calculator, I can approximate. Let me think. 24.55 times 0.3 is 7.365. So 0.3 times 24.55 is 7.365. The numerator is 7.44, which is slightly higher than 7.365. So the Sharpe Ratio would be approximately 0.3 plus (7.44 - 7.365)/24.55. 

The difference between 7.44 and 7.365 is 0.075. So 0.075 divided by 24.55 is approximately 0.003057. So adding that to 0.3 gives approximately 0.303057. So roughly 0.303. 

But let me check if I did that correctly. Alternatively, maybe I should just do the division properly. Let me try to divide 7.44 by 24.55. 

Alternatively, converting them to decimal form. 7.44% is 0.0744 and 24.55% is 0.2455. So the Sharpe Ratio is 0.0744 / 0.2455. Let me compute that. 

Dividing 0.0744 by 0.2455. Let me multiply numerator and denominator by 1000 to eliminate decimals. That gives 74.4 / 245.5. Let me do that division. 

Well, 245.5 goes into 74.4 how many times? Since 245.5 is larger than 74.4, it's less than 1. Let me compute 74.4 divided by 245.5. 

Alternatively, maybe I can invert the denominator. 1/245.5 is approximately 0.004077. Multiply that by 74.4. Let me compute 74.4 * 0.004077. 

First, 70 * 0.004077 = 0.28539. Then 4.4 * 0.004077. Let's see, 4 * 0.004077 is 0.016308, and 0.4 * 0.004077 is 0.0016308. Adding those together: 0.016308 + 0.0016308
---FINAL---
Final Answer: 0.303"
Q4_K_M,sharpe_ratio_001,einfach,sharpe_ratio,C_fixed_budget512,512,0,1371054473,False,0.303,0.3031,True,Final Answer: 0.303,512,519,9.440467599999465,0,"Okay, let me try to figure out how to calculate the Sharpe Ratio for this portfolio. Hmm, I remember the Sharpe Ratio is a measure of risk-adjusted return. It helps investors understand the return of an investment compared to its risk. The formula, if I recall correctly, is the difference between the portfolio's return and the risk-free rate, divided by the standard deviation of the portfolio's excess return. 

So, the given values are: expected annual return of 10.40%, standard deviation of 24.55%, and the risk-free rate is 2.96%. Let me write those down to keep track.

Portfolio return (Rp) = 10.40%
Risk-free rate (Rf) = 2.96%
Standard deviation (σp) = 24.55%

The Sharpe Ratio formula is (Rp - Rf) / σp. Right? So first, I need to subtract the risk-free rate from the portfolio's return. Let me do that calculation. 

10.40% minus 2.96%. Let me convert those percentages to decimals to make the calculation easier. 10.40% is 0.1040 and 2.96% is 0.0296. Subtracting them gives 0.1040 - 0.0296. Let me compute that. 

0.1040 minus 0.0296 equals... 0.0744. So that's 7.44% excess return. 

Now, I need to divide this by the standard deviation, which is 24.55%. Converting that to decimal, it's 0.2455. So the Sharpe Ratio would be 0.0744 divided by 0.2455. Let me do that division. 

Hmm, 0.0744 divided by 0.2455. Let me use a calculator for precision. Let me compute 0.0744 / 0.2455. 

First, maybe I can simplify the numbers. Let me multiply numerator and denominator by 1000 to eliminate decimals. That gives 74.4 / 245.5. Let me compute that. 

Alternatively, I can approximate. Let me think. 0.2",limit,eos,server,False,,,"Okay, let me try to figure out how to calculate the Sharpe Ratio for this portfolio. Hmm, I remember the Sharpe Ratio is a measure of risk-adjusted return. It helps investors understand the return of an investment compared to its risk. The formula, if I recall correctly, is the difference between the portfolio's return and the risk-free rate, divided by the standard deviation of the portfolio's excess return. 

So, the given values are: expected annual return of 10.40%, standard deviation of 24.55%, and the risk-free rate is 2.96%. Let me write those down to keep track.

Portfolio return (Rp) = 10.40%
Risk-free rate (Rf) = 2.96%
Standard deviation (σp) = 24.55%

The Sharpe Ratio formula is (Rp - Rf) / σp. Right? So first, I need to subtract the risk-free rate from the portfolio's return. Let me do that calculation. 

10.40% minus 2.96%. Let me convert those percentages to decimals to make the calculation easier. 10.40% is 0.1040 and 2.96% is 0.0296. Subtracting them gives 0.1040 - 0.0296. Let me compute that. 

0.1040 minus 0.0296 equals... 0.0744. So that's 7.44% excess return. 

Now, I need to divide this by the standard deviation, which is 24.55%. Converting that to decimal, it's 0.2455. So the Sharpe Ratio would be 0.0744 divided by 0.2455. Let me do that division. 

Hmm, 0.0744 divided by 0.2455. Let me use a calculator for precision. Let me compute 0.0744 / 0.2455. 

First, maybe I can simplify the numbers. Let me multiply numerator and denominator by 1000 to eliminate decimals. That gives 74.4 / 245.5. Let me compute that. 

Alternatively, I can approximate. Let me think. 0.2
---FINAL---
Final Answer: 0.303"
Q4_K_M,sharpe_ratio_001,einfach,sharpe_ratio,F_adaptive,,0,534296379,False,0.3012,0.3031,True,Final Answer: 0.3012,512,520,9.505397199999607,1,"Okay, let me try to figure out how to calculate the Sharpe Ratio for this portfolio. Hmm, I remember the Sharpe Ratio is a measure of risk-adjusted return. It helps investors understand the return of an investment compared to its risk. The formula, if I recall correctly, is the difference between the portfolio's return and the risk-free rate, divided by the standard deviation of the portfolio's excess return. 

So, the problem gives me the expected annual return of the portfolio as 10.40%, the standard deviation as 24.55%, and the risk-free rate is 2.96%. Let me write down the formula first to make sure I have it right. The Sharpe Ratio (S) is calculated as:

S = (Rp - Rf) / σp

Where:
- Rp is the portfolio's expected return
- Rf is the risk-free rate
- σp is the standard deviation of the portfolio's excess return

Alright, so plugging in the numbers. First, I need to subtract the risk-free rate from the portfolio's return. Let me do that calculation. 

Rp is 10.40%, and Rf is 2.96%. So subtracting those gives me 10.40% - 2.96%. Let me compute that. 10.40 minus 2.96... Let me do the math. 10.40 minus 2 is 8.40, then minus 0.96 more would be 8.40 - 0.96 = 7.44. So that's 7.44%. 

Wait, but I need to make sure I'm handling the percentages correctly. Since both are percentages, I can just subtract them as decimals or keep them as percentages. But when I divide by the standard deviation, which is also a percentage, the units should cancel out. So, maybe I should convert them to decimals to avoid confusion. Let me check.

Alternatively, since the Sharpe Ratio is unitless, the percentages can be treated as decimals. For example, 10.40% is 0.1040, 2.96% is 0.0296, and 24.55% is 0.2455. But maybe I can just keep them as percentages since the units will cancel. Let me think. If I",limit,eos,server,False,hmm,,"Okay, let me try to figure out how to calculate the Sharpe Ratio for this portfolio. Hmm, I remember the Sharpe Ratio is a measure of risk-adjusted return. It helps investors understand the return of an investment compared to its risk. The formula, if I recall correctly, is the difference between the portfolio's return and the risk-free rate, divided by the standard deviation of the portfolio's excess return. 

So, the problem gives me the expected annual return of the portfolio as 10.40%, the standard deviation as 24.55%, and the risk-free rate is 2.96%. Let me write down the formula first to make sure I have it right. The Sharpe Ratio (S) is calculated as:

S = (Rp - Rf) / σp

Where:
- Rp is the portfolio's expected return
- Rf is the risk-free rate
- σp is the standard deviation of the portfolio's excess return

Alright, so plugging in the numbers. First, I need to subtract the risk-free rate from the portfolio's return. Let me do that calculation. 

Rp is 10.40%, and Rf is 2.96%. So subtracting those gives me 10.40% - 2.96%. Let me compute that. 10.40 minus 2.96... Let me do the math. 10.40 minus 2 is 8.40, then minus 0.96 more would be 8.40 - 0.96 = 7.44. So that's 7.44%. 

Wait, but I need to make sure I'm handling the percentages correctly. Since both are percentages, I can just subtract them as decimals or keep them as percentages. But when I divide by the standard deviation, which is also a percentage, the units should cancel out. So, maybe I should convert them to decimals to avoid confusion. Let me check.

Alternatively, since the Sharpe Ratio is unitless, the percentages can be treated as decimals. For example, 10.40% is 0.1040, 2.96% is 0.0296, and 24.55% is 0.2455. But maybe I can just keep them as percentages since the units will cancel. Let me think. If I
---FINAL---
Final Answer: 0.3012"
Q4_K_M,multi_step_sharpe_004,mehrstufig,multi_step_sharpe,D_generic_budget512,512,0,426707377,False,0.1884,1.5823780743321973,False,Final Answer: 0.1884,512,520,9.501792099999875,0,"Okay, let's see. I need to calculate the annual return of the stock first and then the Sharpe Ratio. Alright, starting with the annual return. The stock price started at $140.88 and ended at $167.38. Since there were no dividends, the return should just be the capital gain over the initial price, right?

So the formula for return is (Ending Price - Beginning Price) / Beginning Price. Let me plug in the numbers. That would be (167.38 - 140.88) divided by 140.88. Let me calculate that. 

First, subtract the beginning price from the ending price: 167.38 minus 140.88. Let me do that subtraction. 167.38 minus 140.88. Hmm, 167 minus 140 is 27, and 0.38 minus 0.88 would be negative 0.50. Wait, no, that's not right. Wait, 167.38 minus 140.88. Let me write it out:

167.38
-140.88
--------
Subtracting the cents first: 38 - 88. Since 38 is less than 88, borrow a dollar. So 138 cents minus 88 cents is 50 cents. Then subtract the dollars: 167 - 140 is 27, but since we borrowed a dollar earlier, it's 26 dollars and 50 cents. So total is 26.50. Wait, that seems right. So the difference is $26.50.

So then, the return is 26.50 divided by 140.88. Let me calculate that. Let's see, 26.50 divided by 140.88. Let me do this division. Let me approximate. 140.88 times 0.18 is 25.3584. Hmm, 0.18 times 140.88 is approximately 25.36. But the numerator is 26.50. So maybe around 0.188? Let me check.",limit,eos,server,False,,unklar_manuell_pruefen,"Okay, let's see. I need to calculate the annual return of the stock first and then the Sharpe Ratio. Alright, starting with the annual return. The stock price started at $140.88 and ended at $167.38. Since there were no dividends, the return should just be the capital gain over the initial price, right?

So the formula for return is (Ending Price - Beginning Price) / Beginning Price. Let me plug in the numbers. That would be (167.38 - 140.88) divided by 140.88. Let me calculate that. 

First, subtract the beginning price from the ending price: 167.38 minus 140.88. Let me do that subtraction. 167.38 minus 140.88. Hmm, 167 minus 140 is 27, and 0.38 minus 0.88 would be negative 0.50. Wait, no, that's not right. Wait, 167.38 minus 140.88. Let me write it out:

167.38
-140.88
--------
Subtracting the cents first: 38 - 88. Since 38 is less than 88, borrow a dollar. So 138 cents minus 88 cents is 50 cents. Then subtract the dollars: 167 - 140 is 27, but since we borrowed a dollar earlier, it's 26 dollars and 50 cents. So total is 26.50. Wait, that seems right. So the difference is $26.50.

So then, the return is 26.50 divided by 140.88. Let me calculate that. Let's see, 26.50 divided by 140.88. Let me do this division. Let me approximate. 140.88 times 0.18 is 25.3584. Hmm, 0.18 times 140.88 is approximately 25.36. But the numerator is 26.50. So maybe around 0.188? Let me check.
---FINAL---
Final Answer: 0.1884"
Q4_K_M,multi_step_sharpe_004,mehrstufig,multi_step_sharpe,D_generic_budget1024,1024,0,818330154,False,1.58,1.5823780743321973,True,Final Answer: 1.58,1024,1030,18.935494200000903,0,"Okay, let's see. I need to calculate the annual return of the stock first and then the Sharpe Ratio. The stock started at $140.88 and ended at $167.38. No dividends were paid, so that simplifies things. 

First, the annual return. I remember that the formula for return is (Ending Price - Beginning Price) / Beginning Price. Let me check that. Yes, that's the formula for the holding period return. Since it's annual, I don't need to adjust for time periods here. So plugging in the numbers: (167.38 - 140.88) divided by 140.88. Let me calculate that. 

167.38 minus 140.88 is... let me subtract. 167.38 - 140.88. 167.38 minus 140 is 27.38, then minus 0.88 more would be 26.50. So the numerator is 26.50. Then divide by 140.88. Let me do that division. 26.50 / 140.88. Let me get a calculator or do it step by step. 

Well, 140.88 times 0.18 is approximately 25.3584. Because 140.88 * 0.1 = 14.088, 0.08 would be 11.2704, so 0.18 is 14.088 + 11.2704 = 25.3584. But the numerator is 26.50, which is a bit higher. So maybe around 0.188? Let me check. 140.88 * 0.188. Let me compute 140.88 * 0.18 = 25.3584, then 140.88 * 0.008 = 1.12704. Adding those gives 25.3584 + 1.12704 = 26.4854. That's very close to 26.50. So the return is approximately 18.8%. So the annual return is about 18.8%. 

Wait, let me make sure I didn't make a mistake in the subtraction. The starting price is 140.88, ending is 167.38. So 167.38 minus 140.88. Let me subtract 140 from both: 167.38 - 140 = 27.38. Then subtract the remaining 0.88: 27.38 - 0.88 = 26.50. Yes, that's correct. So the numerator is indeed 26.50. So 26.50 divided by 140.88 equals approximately 0.188, which is 18.8%. 

So the annual return is 18.8%. Now, the next part is the Sharpe Ratio. The Sharpe Ratio is calculated as (Return - Risk-Free Rate) divided by the standard deviation of returns. 

The risk-free rate is given as 1.42%, so that's 0.0142 in decimal. The return we just calculated is 18.8%, which is 0.188. The standard deviation is given as 10.99%, which is 0.1099. 

So first, subtract the risk-free rate from the return: 0.188 - 0.0142. Let me compute that. 0.188 minus 0.0142 is 0.1738. Then divide that by the standard deviation, which is 0.1099. 

So 0.1738 divided by 0.1099. Let me calculate that. Let me approximate. 0.1099 times 1.58 is approximately? Let me see. 0.1099 * 1.5 = 0.16485. 0.1099 * 1.58 = 0.16485 + (0.1099 * 0.08). 0.1099 * 0.08 is about 0",limit,eos,server,False,,,"Okay, let's see. I need to calculate the annual return of the stock first and then the Sharpe Ratio. The stock started at $140.88 and ended at $167.38. No dividends were paid, so that simplifies things. 

First, the annual return. I remember that the formula for return is (Ending Price - Beginning Price) / Beginning Price. Let me check that. Yes, that's the formula for the holding period return. Since it's annual, I don't need to adjust for time periods here. So plugging in the numbers: (167.38 - 140.88) divided by 140.88. Let me calculate that. 

167.38 minus 140.88 is... let me subtract. 167.38 - 140.88. 167.38 minus 140 is 27.38, then minus 0.88 more would be 26.50. So the numerator is 26.50. Then divide by 140.88. Let me do that division. 26.50 / 140.88. Let me get a calculator or do it step by step. 

Well, 140.88 times 0.18 is approximately 25.3584. Because 140.88 * 0.1 = 14.088, 0.08 would be 11.2704, so 0.18 is 14.088 + 11.2704 = 25.3584. But the numerator is 26.50, which is a bit higher. So maybe around 0.188? Let me check. 140.88 * 0.188. Let me compute 140.88 * 0.18 = 25.3584, then 140.88 * 0.008 = 1.12704. Adding those gives 25.3584 + 1.12704 = 26.4854. That's very close to 26.50. So the return is approximately 18.8%. So the annual return is about 18.8%. 

Wait, let me make sure I didn't make a mistake in the subtraction. The starting price is 140.88, ending is 167.38. So 167.38 minus 140.88. Let me subtract 140 from both: 167.38 - 140 = 27.38. Then subtract the remaining 0.88: 27.38 - 0.88 = 26.50. Yes, that's correct. So the numerator is indeed 26.50. So 26.50 divided by 140.88 equals approximately 0.188, which is 18.8%. 

So the annual return is 18.8%. Now, the next part is the Sharpe Ratio. The Sharpe Ratio is calculated as (Return - Risk-Free Rate) divided by the standard deviation of returns. 

The risk-free rate is given as 1.42%, so that's 0.0142 in decimal. The return we just calculated is 18.8%, which is 0.188. The standard deviation is given as 10.99%, which is 0.1099. 

So first, subtract the risk-free rate from the return: 0.188 - 0.0142. Let me compute that. 0.188 minus 0.0142 is 0.1738. Then divide that by the standard deviation, which is 0.1099. 

So 0.1738 divided by 0.1099. Let me calculate that. Let me approximate. 0.1099 times 1.58 is approximately? Let me see. 0.1099 * 1.5 = 0.16485. 0.1099 * 1.58 = 0.16485 + (0.1099 * 0.08). 0.1099 * 0.08 is about 0
---FINAL---
Final Answer: 1.58"
Q4_K_M,multi_step_sharpe_004,mehrstufig,multi_step_sharpe,E_financial_budget1024,1024,0,818330154,False,1.58,1.5823780743321973,True,Final Answer: 1.58,1024,1030,18.985853500000303,0,"Okay, let's see. I need to calculate the annual return of the stock first and then the Sharpe Ratio. The stock started at $140.88 and ended at $167.38. No dividends were paid, so that simplifies things. 

First, the annual return. I remember that the formula for return is (Ending Price - Beginning Price) / Beginning Price. Let me check that. Yes, that's the formula for the holding period return. Since it's annual, I don't need to adjust for time periods here. So plugging in the numbers: (167.38 - 140.88) divided by 140.88. Let me calculate that. 

167.38 minus 140.88 is... let me subtract. 167.38 - 140.88. 167.38 minus 140 is 27.38, then minus 0.88 more would be 26.50. So the numerator is 26.50. Then divide by 140.88. Let me do that division. 26.50 / 140.88. Let me get a calculator or do it step by step. 

Well, 140.88 times 0.18 is approximately 25.3584. Because 140.88 * 0.1 = 14.088, 0.08 would be 11.2704, so 0.18 is 14.088 + 11.2704 = 25.3584. But the numerator is 26.50, which is a bit higher. So maybe around 0.188? Let me check. 140.88 * 0.188. Let me compute 140.88 * 0.18 = 25.3584, then 140.88 * 0.008 = 1.12704. Adding those gives 25.3584 + 1.12704 = 26.4854. That's very close to 26.50. So the return is approximately 18.8%. So the annual return is about 18.8%. 

Wait, let me make sure I didn't make a mistake in the subtraction. The starting price is 140.88, ending is 167.38. So 167.38 minus 140.88. Let me subtract 140 from both: 167.38 - 140 = 27.38. Then subtract the remaining 0.88: 27.38 - 0.88 = 26.50. Yes, that's correct. So the numerator is indeed 26.50. So 26.50 divided by 140.88 equals approximately 0.188, which is 18.8%. 

So the annual return is 18.8%. Now, the next part is the Sharpe Ratio. The Sharpe Ratio is calculated as (Return - Risk-Free Rate) divided by the standard deviation of returns. 

The risk-free rate is given as 1.42%, so that's 0.0142 in decimal. The return we just calculated is 18.8%, which is 0.188. The standard deviation is given as 10.99%, which is 0.1099. 

So first, subtract the risk-free rate from the return: 0.188 - 0.0142. Let me compute that. 0.188 minus 0.0142 is 0.1738. Then divide that by the standard deviation, which is 0.1099. 

So 0.1738 divided by 0.1099. Let me calculate that. Let me approximate. 0.1099 times 1.58 is approximately? Let me see. 0.1099 * 1.5 = 0.16485. 0.1099 * 1.58 = 0.16485 + (0.1099 * 0.08). 0.1099 * 0.08 is about 0",limit,eos,server,False,,,"Okay, let's see. I need to calculate the annual return of the stock first and then the Sharpe Ratio. The stock started at $140.88 and ended at $167.38. No dividends were paid, so that simplifies things. 

First, the annual return. I remember that the formula for return is (Ending Price - Beginning Price) / Beginning Price. Let me check that. Yes, that's the formula for the holding period return. Since it's annual, I don't need to adjust for time periods here. So plugging in the numbers: (167.38 - 140.88) divided by 140.88. Let me calculate that. 

167.38 minus 140.88 is... let me subtract. 167.38 - 140.88. 167.38 minus 140 is 27.38, then minus 0.88 more would be 26.50. So the numerator is 26.50. Then divide by 140.88. Let me do that division. 26.50 / 140.88. Let me get a calculator or do it step by step. 

Well, 140.88 times 0.18 is approximately 25.3584. Because 140.88 * 0.1 = 14.088, 0.08 would be 11.2704, so 0.18 is 14.088 + 11.2704 = 25.3584. But the numerator is 26.50, which is a bit higher. So maybe around 0.188? Let me check. 140.88 * 0.188. Let me compute 140.88 * 0.18 = 25.3584, then 140.88 * 0.008 = 1.12704. Adding those gives 25.3584 + 1.12704 = 26.4854. That's very close to 26.50. So the return is approximately 18.8%. So the annual return is about 18.8%. 

Wait, let me make sure I didn't make a mistake in the subtraction. The starting price is 140.88, ending is 167.38. So 167.38 minus 140.88. Let me subtract 140 from both: 167.38 - 140 = 27.38. Then subtract the remaining 0.88: 27.38 - 0.88 = 26.50. Yes, that's correct. So the numerator is indeed 26.50. So 26.50 divided by 140.88 equals approximately 0.188, which is 18.8%. 

So the annual return is 18.8%. Now, the next part is the Sharpe Ratio. The Sharpe Ratio is calculated as (Return - Risk-Free Rate) divided by the standard deviation of returns. 

The risk-free rate is given as 1.42%, so that's 0.0142 in decimal. The return we just calculated is 18.8%, which is 0.188. The standard deviation is given as 10.99%, which is 0.1099. 

So first, subtract the risk-free rate from the return: 0.188 - 0.0142. Let me compute that. 0.188 minus 0.0142 is 0.1738. Then divide that by the standard deviation, which is 0.1099. 

So 0.1738 divided by 0.1099. Let me calculate that. Let me approximate. 0.1099 times 1.58 is approximately? Let me see. 0.1099 * 1.5 = 0.16485. 0.1099 * 1.58 = 0.16485 + (0.1099 * 0.08). 0.1099 * 0.08 is about 0
---FINAL---
Final Answer: 1.58"
Q4_K_M,correlation_003,mittel,correlation,C_fixed_budget512,512,0,1427340939,False,-0.295,-0.30907153054373127,False,Final Answer: -0.295,512,519,9.466016900001705,0,"Okay, let's see. I need to calculate the correlation coefficient between Asset A and Asset B. Hmm, I remember that the correlation coefficient is related to covariance and the standard deviations of the two assets. Let me recall the formula.

I think the formula for the correlation coefficient (usually denoted as ρ) is the covariance of the two assets divided by the product of their standard deviations. So, ρ = Cov(A,B) / (σ_A * σ_B). Right? Let me make sure. Yeah, that seems right. Because covariance measures how the two assets move together, but it's in units that depend on the assets' variances. To make it a dimensionless quantity between -1 and 1, you divide by the product of their standard deviations.

Alright, so the problem gives me the standard deviations of Asset A and Asset B. Asset A has a standard deviation of 8.57%, and Asset B has 14.32%. The covariance between them is -0.003793. Wait, the units here might be important. The standard deviations are percentages, but the covariance is given as a decimal. Let me check if I need to convert them or if they are already in the right units.

Wait, standard deviation is usually expressed as a decimal or a percentage. If they are percentages, then converting them to decimals would be necessary. Let me think. For example, 8.57% is 0.0857 in decimal. Similarly, 14.32% is 0.1432. But the covariance is given as -0.003793. Let me check the units. If the covariance is in terms of squared decimals, then the standard deviations should be in decimals. So, if I use the percentages as decimals, that should be okay.

So, let me convert the standard deviations to decimals. Asset A's standard deviation is 8.57% = 0.0857. Asset B's standard deviation is 14.32% = 0.1432. The covariance is -0.003793. So plugging into the formula: ρ = -0.003793 / (0.0857 * 0.1432). Let me compute the denominator first. 0.0857 multiplied by 0.1432. Let me calculate",limit,eos,server,False,,unklar_manuell_pruefen,"Okay, let's see. I need to calculate the correlation coefficient between Asset A and Asset B. Hmm, I remember that the correlation coefficient is related to covariance and the standard deviations of the two assets. Let me recall the formula.

I think the formula for the correlation coefficient (usually denoted as ρ) is the covariance of the two assets divided by the product of their standard deviations. So, ρ = Cov(A,B) / (σ_A * σ_B). Right? Let me make sure. Yeah, that seems right. Because covariance measures how the two assets move together, but it's in units that depend on the assets' variances. To make it a dimensionless quantity between -1 and 1, you divide by the product of their standard deviations.

Alright, so the problem gives me the standard deviations of Asset A and Asset B. Asset A has a standard deviation of 8.57%, and Asset B has 14.32%. The covariance between them is -0.003793. Wait, the units here might be important. The standard deviations are percentages, but the covariance is given as a decimal. Let me check if I need to convert them or if they are already in the right units.

Wait, standard deviation is usually expressed as a decimal or a percentage. If they are percentages, then converting them to decimals would be necessary. Let me think. For example, 8.57% is 0.0857 in decimal. Similarly, 14.32% is 0.1432. But the covariance is given as -0.003793. Let me check the units. If the covariance is in terms of squared decimals, then the standard deviations should be in decimals. So, if I use the percentages as decimals, that should be okay.

So, let me convert the standard deviations to decimals. Asset A's standard deviation is 8.57% = 0.0857. Asset B's standard deviation is 14.32% = 0.1432. The covariance is -0.003793. So plugging into the formula: ρ = -0.003793 / (0.0857 * 0.1432). Let me compute the denominator first. 0.0857 multiplied by 0.1432. Let me calculate
---FINAL---
Final Answer: -0.295"
Q4_K_M,multi_step_sharpe_004,mehrstufig,multi_step_sharpe,C_fixed_budget256,256,0,85136640,False,1.88,1.5823780743321973,False,Final Answer: 1.88,256,262,4.9911990000000515,0,"Okay, let me try to figure out how to solve this problem. So, the question is about calculating the annual return of a stock and then the Sharpe Ratio. Let me start by recalling what I know about these concepts.

First, the annual return. Since the stock price started at $140.88 and ended at $167.38, I think the return is calculated by the change in price divided by the initial price. But wait, there are no dividends paid, so I don't have to worry about that. The formula for return should be (Ending Price - Beginning Price) / Beginning Price. Let me check that. Yes, that makes sense. So plugging in the numbers: (167.38 - 140.88) divided by 140.88. Let me compute that.

First, subtract 140.88 from 167.38. Let me do the math: 167.38 minus 140.88. Let's see, 167.38 minus 140 is 27.38, then minus 0.88 more would be 26",limit,eos,server,False,,unklar_manuell_pruefen,"Okay, let me try to figure out how to solve this problem. So, the question is about calculating the annual return of a stock and then the Sharpe Ratio. Let me start by recalling what I know about these concepts.

First, the annual return. Since the stock price started at $140.88 and ended at $167.38, I think the return is calculated by the change in price divided by the initial price. But wait, there are no dividends paid, so I don't have to worry about that. The formula for return should be (Ending Price - Beginning Price) / Beginning Price. Let me check that. Yes, that makes sense. So plugging in the numbers: (167.38 - 140.88) divided by 140.88. Let me compute that.

First, subtract 140.88 from 167.38. Let me do the math: 167.38 minus 140.88. Let's see, 167.38 minus 140 is 27.38, then minus 0.88 more would be 26
---FINAL---
Final Answer: 1.88"
Q4_K_M,multi_step_sharpe_004,mehrstufig,multi_step_sharpe,C_fixed_budget512,512,0,426707377,False,0.1885,1.5823780743321973,False,Final Answer: 0.1885,512,520,9.508462399999189,0,"Okay, let's see. I need to calculate the annual return of the stock first and then the Sharpe Ratio. Alright, starting with the annual return. The stock price started at $140.88 and ended at $167.38. Since there were no dividends, the return should just be the capital gain over the initial price, right?

So the formula for return is (Ending Price - Beginning Price) / Beginning Price. Let me plug in the numbers. That would be (167.38 - 140.88) divided by 140.88. Let me calculate that. 

First, subtract the beginning price from the ending price: 167.38 minus 140.88. Let me do that subtraction. 167.38 minus 140.88. Hmm, 167 minus 140 is 27, and 0.38 minus 0.88 would be negative 0.50. Wait, no, that's not right. Wait, 167.38 minus 140.88. Let me write it out:

167.38
-140.88
--------
Subtracting the cents first: 38 - 88. Since 38 is less than 88, borrow a dollar. So 138 cents minus 88 cents is 50 cents. Then subtract the dollars: 167 - 140 is 27, but since we borrowed a dollar earlier, it's 26 dollars and 50 cents. So total is 26.50. Wait, that seems right. So the difference is $26.50.

So then, the return is 26.50 divided by 140.88. Let me calculate that. Let's see, 26.50 divided by 140.88. Let me do this division. Let me approximate. 140.88 times 0.18 is 25.3584. Hmm, 0.18 times 140.88 is approximately 25.36. But the numerator is 26.50. So maybe around 0.188? Let me check.",limit,eos,server,False,,unklar_manuell_pruefen,"Okay, let's see. I need to calculate the annual return of the stock first and then the Sharpe Ratio. Alright, starting with the annual return. The stock price started at $140.88 and ended at $167.38. Since there were no dividends, the return should just be the capital gain over the initial price, right?

So the formula for return is (Ending Price - Beginning Price) / Beginning Price. Let me plug in the numbers. That would be (167.38 - 140.88) divided by 140.88. Let me calculate that. 

First, subtract the beginning price from the ending price: 167.38 minus 140.88. Let me do that subtraction. 167.38 minus 140.88. Hmm, 167 minus 140 is 27, and 0.38 minus 0.88 would be negative 0.50. Wait, no, that's not right. Wait, 167.38 minus 140.88. Let me write it out:

167.38
-140.88
--------
Subtracting the cents first: 38 - 88. Since 38 is less than 88, borrow a dollar. So 138 cents minus 88 cents is 50 cents. Then subtract the dollars: 167 - 140 is 27, but since we borrowed a dollar earlier, it's 26 dollars and 50 cents. So total is 26.50. Wait, that seems right. So the difference is $26.50.

So then, the return is 26.50 divided by 140.88. Let me calculate that. Let's see, 26.50 divided by 140.88. Let me do this division. Let me approximate. 140.88 times 0.18 is 25.3584. Hmm, 0.18 times 140.88 is approximately 25.36. But the numerator is 26.50. So maybe around 0.188? Let me check.
---FINAL---
Final Answer: 0.1885"
Q4_K_M,multi_step_sharpe_004,mehrstufig,multi_step_sharpe,E_financial_budget256,256,0,85136640,False,1.88,1.5823780743321973,False,Final Answer: 1.88,256,262,4.79269209999984,0,"Okay, let me try to figure out how to solve this problem. So, the question is about calculating the annual return of a stock and then the Sharpe Ratio. Let me start by recalling what I know about these concepts.

First, the annual return. Since the stock price started at $140.88 and ended at $167.38, I think the return is calculated by the change in price divided by the initial price. But wait, there are no dividends paid, so I don't have to worry about that. The formula for return should be (Ending Price - Beginning Price) / Beginning Price. Let me check that. Yes, that makes sense. So plugging in the numbers: (167.38 - 140.88) divided by 140.88. Let me compute that.

First, subtract 140.88 from 167.38. Let me do the math: 167.38 minus 140.88. Let's see, 167.38 minus 140 is 27.38, then minus 0.88 more would be 26",limit,eos,server,False,,unklar_manuell_pruefen,"Okay, let me try to figure out how to solve this problem. So, the question is about calculating the annual return of a stock and then the Sharpe Ratio. Let me start by recalling what I know about these concepts.

First, the annual return. Since the stock price started at $140.88 and ended at $167.38, I think the return is calculated by the change in price divided by the initial price. But wait, there are no dividends paid, so I don't have to worry about that. The formula for return should be (Ending Price - Beginning Price) / Beginning Price. Let me check that. Yes, that makes sense. So plugging in the numbers: (167.38 - 140.88) divided by 140.88. Let me compute that.

First, subtract 140.88 from 167.38. Let me do the math: 167.38 minus 140.88. Let's see, 167.38 minus 140 is 27.38, then minus 0.88 more would be 26
---FINAL---
Final Answer: 1.88"
Q4_K_M,correlation_003,mittel,correlation,C_fixed_budget1024,1024,0,2011638886,False,-0.2999,-0.30907153054373127,False,Final Answer: -0.2999,1024,1032,18.951408599999922,0,"Okay, let's see. I need to calculate the correlation coefficient between Asset A and Asset B. Hmm, I remember that the correlation coefficient is related to covariance and the standard deviations of the two assets. Let me recall the formula.

I think the formula for the correlation coefficient (ρ) is the covariance of A and B divided by the product of their standard deviations. So, ρ = Cov(A,B) / (σ_A * σ_B). Right? Let me check that. Yeah, covariance measures how the two assets move together, but it's in units that depend on the assets' variances. To get the correlation, which is a unitless measure, you divide by the product of their standard deviations.

Alright, so the covariance given is -0.003793. The standard deviation of Asset A is 8.57%, and Asset B is 14.32%. Wait, but percentages... do I need to convert them to decimals? Let me think. The covariance is usually in decimal form, right? For example, if the standard deviation is 8.57%, that's 0.0857 in decimal. Similarly, 14.32% is 0.1432. So I should convert those percentages to decimals before calculating.

So first, converting the standard deviations:

σ_A = 8.57% = 0.0857

σ_B = 14.32% = 0.1432

Then, the covariance is given as -0.003793. Let me make sure that the units are consistent. If the standard deviations are in decimal form, then covariance should be in the same units as the product of the standard deviations. But since the covariance is already given as a decimal number, I think it's okay.

So plugging into the formula:

ρ = Cov(A,B) / (σ_A * σ_B) = -0.003793 / (0.0857 * 0.1432)

Let me calculate the denominator first. 0.0857 multiplied by 0.1432. Let me compute that.

First, 0.08 * 0.14 = 0.0112, but more accurately:

0.0857 * 0.1432. Let me use a calculator approach here.

Multiplying 0.0857 by 0.1432:

Let me write it out:

0.0857 × 0.1432

Well, 0.0857 × 0.1 = 0.00857

0.0857 × 0.04 = 0.003428

0.0857 × 0.003 = 0.0002571

0.0857 × 0.0002 = 0.00001714

Adding them up:

0.00857 + 0.003428 = 0.011998

Plus 0.0002571 = 0.0122551

Plus 0.00001714 ≈ 0.01227224

Wait, but maybe I should do a more precise calculation. Alternatively, maybe use decimal multiplication:

Let me think of 0.0857 × 0.1432.

Alternatively, approximate it:

Let me use a calculator-like method. Let's convert them to fractions? No, that might be complicated. Alternatively, use approximate decimal multiplication.

Alternatively, use the exact numbers:

0.0857 × 0.1432.

Let me compute 857 × 1432 first, then adjust the decimal places.

But that might be tedious. Alternatively, use approximate values.

Alternatively, note that 0.0857 * 0.1432 ≈ ?

Well, 0.08 * 0.14 = 0.0112

But 0.0857 is a bit more than 0.08, and 0.1432 is a bit more than 0.14. Let me compute:

Let me use a calculator here. Wait, since I can't actually use a calculator, maybe approximate.

Alternatively, use the formula for multiplication:

Let me think of 0.0857 × 0.1432.

First, multiply 0.0857 by 0.1, which is 0.00857.

Then, 0.",limit,eos,server,False,,unklar_manuell_pruefen,"Okay, let's see. I need to calculate the correlation coefficient between Asset A and Asset B. Hmm, I remember that the correlation coefficient is related to covariance and the standard deviations of the two assets. Let me recall the formula.

I think the formula for the correlation coefficient (ρ) is the covariance of A and B divided by the product of their standard deviations. So, ρ = Cov(A,B) / (σ_A * σ_B). Right? Let me check that. Yeah, covariance measures how the two assets move together, but it's in units that depend on the assets' variances. To get the correlation, which is a unitless measure, you divide by the product of their standard deviations.

Alright, so the covariance given is -0.003793. The standard deviation of Asset A is 8.57%, and Asset B is 14.32%. Wait, but percentages... do I need to convert them to decimals? Let me think. The covariance is usually in decimal form, right? For example, if the standard deviation is 8.57%, that's 0.0857 in decimal. Similarly, 14.32% is 0.1432. So I should convert those percentages to decimals before calculating.

So first, converting the standard deviations:

σ_A = 8.57% = 0.0857

σ_B = 14.32% = 0.1432

Then, the covariance is given as -0.003793. Let me make sure that the units are consistent. If the standard deviations are in decimal form, then covariance should be in the same units as the product of the standard deviations. But since the covariance is already given as a decimal number, I think it's okay.

So plugging into the formula:

ρ = Cov(A,B) / (σ_A * σ_B) = -0.003793 / (0.0857 * 0.1432)

Let me calculate the denominator first. 0.0857 multiplied by 0.1432. Let me compute that.

First, 0.08 * 0.14 = 0.0112, but more accurately:

0.0857 * 0.1432. Let me use a calculator approach here.

Multiplying 0.0857 by 0.1432:

Let me write it out:

0.0857 × 0.1432

Well, 0.0857 × 0.1 = 0.00857

0.0857 × 0.04 = 0.003428

0.0857 × 0.003 = 0.0002571

0.0857 × 0.0002 = 0.00001714

Adding them up:

0.00857 + 0.003428 = 0.011998

Plus 0.0002571 = 0.0122551

Plus 0.00001714 ≈ 0.01227224

Wait, but maybe I should do a more precise calculation. Alternatively, maybe use decimal multiplication:

Let me think of 0.0857 × 0.1432.

Alternatively, approximate it:

Let me use a calculator-like method. Let's convert them to fractions? No, that might be complicated. Alternatively, use approximate decimal multiplication.

Alternatively, use the exact numbers:

0.0857 × 0.1432.

Let me compute 857 × 1432 first, then adjust the decimal places.

But that might be tedious. Alternatively, use approximate values.

Alternatively, note that 0.0857 * 0.1432 ≈ ?

Well, 0.08 * 0.14 = 0.0112

But 0.0857 is a bit more than 0.08, and 0.1432 is a bit more than 0.14. Let me compute:

Let me use a calculator here. Wait, since I can't actually use a calculator, maybe approximate.

Alternatively, use the formula for multiplication:

Let me think of 0.0857 × 0.1432.

First, multiply 0.0857 by 0.1, which is 0.00857.

Then, 0.
---FINAL---
Final Answer: -0.2999"
Q4_K_M,multi_step_sharpe_004,mehrstufig,multi_step_sharpe,D_generic_budget256,256,0,85136640,False,1.88,1.5823780743321973,False,Final Answer: 1.88,256,262,4.802627800001574,0,"Okay, let me try to figure out how to solve this problem. So, the question is about calculating the annual return of a stock and then the Sharpe Ratio. Let me start by recalling what I know about these concepts.

First, the annual return. Since the stock price started at $140.88 and ended at $167.38, I think the return is calculated by the change in price divided by the initial price. But wait, there are no dividends paid, so I don't have to worry about that. The formula for return should be (Ending Price - Beginning Price) / Beginning Price. Let me check that. Yes, that makes sense. So plugging in the numbers: (167.38 - 140.88) divided by 140.88. Let me compute that.

First, subtract 140.88 from 167.38. Let me do the math: 167.38 minus 140.88. Let's see, 167.38 minus 140 is 27.38, then minus 0.88 more would be 26",limit,eos,server,False,,unklar_manuell_pruefen,"Okay, let me try to figure out how to solve this problem. So, the question is about calculating the annual return of a stock and then the Sharpe Ratio. Let me start by recalling what I know about these concepts.

First, the annual return. Since the stock price started at $140.88 and ended at $167.38, I think the return is calculated by the change in price divided by the initial price. But wait, there are no dividends paid, so I don't have to worry about that. The formula for return should be (Ending Price - Beginning Price) / Beginning Price. Let me check that. Yes, that makes sense. So plugging in the numbers: (167.38 - 140.88) divided by 140.88. Let me compute that.

First, subtract 140.88 from 167.38. Let me do the math: 167.38 minus 140.88. Let's see, 167.38 minus 140 is 27.38, then minus 0.88 more would be 26
---FINAL---
Final Answer: 1.88"
Q4_K_M,correlation_003,mittel,correlation,D_generic_budget1024,1024,0,2011638886,False,-0.2999,-0.30907153054373127,False,Final Answer: -0.2999,1024,1032,18.958719599999313,0,"Okay, let's see. I need to calculate the correlation coefficient between Asset A and Asset B. Hmm, I remember that the correlation coefficient is related to covariance and the standard deviations of the two assets. Let me recall the formula.

I think the formula for the correlation coefficient (ρ) is the covariance of A and B divided by the product of their standard deviations. So, ρ = Cov(A,B) / (σ_A * σ_B). Right? Let me check that. Yeah, covariance measures how the two assets move together, but it's in units that depend on the assets' variances. To get the correlation, which is a unitless measure, you divide by the product of their standard deviations.

Alright, so the covariance given is -0.003793. The standard deviation of Asset A is 8.57%, and Asset B is 14.32%. Wait, but percentages... do I need to convert them to decimals? Let me think. The covariance is usually in decimal form, right? For example, if the standard deviation is 8.57%, that's 0.0857 in decimal. Similarly, 14.32% is 0.1432. So I should convert those percentages to decimals before calculating.

So first, converting the standard deviations:

σ_A = 8.57% = 0.0857

σ_B = 14.32% = 0.1432

Then, the covariance is given as -0.003793. Let me make sure that the units are consistent. If the standard deviations are in decimal form, then covariance should be in the same units as the product of the standard deviations. But since the covariance is already given as a decimal number, I think it's okay.

So plugging into the formula:

ρ = Cov(A,B) / (σ_A * σ_B) = -0.003793 / (0.0857 * 0.1432)

Let me calculate the denominator first. 0.0857 multiplied by 0.1432. Let me compute that.

First, 0.08 * 0.14 = 0.0112, but more accurately:

0.0857 * 0.1432. Let me use a calculator approach here.

Multiplying 0.0857 by 0.1432:

Let me write it out:

0.0857 × 0.1432

Well, 0.0857 × 0.1 = 0.00857

0.0857 × 0.04 = 0.003428

0.0857 × 0.003 = 0.0002571

0.0857 × 0.0002 = 0.00001714

Adding them up:

0.00857 + 0.003428 = 0.011998

Plus 0.0002571 = 0.0122551

Plus 0.00001714 ≈ 0.01227224

Wait, but maybe I should do a more precise calculation. Alternatively, maybe use decimal multiplication:

Let me think of 0.0857 × 0.1432.

Alternatively, approximate it:

Let me use a calculator-like method. Let's convert them to fractions? No, that might be complicated. Alternatively, use approximate decimal multiplication.

Alternatively, use the exact numbers:

0.0857 × 0.1432.

Let me compute 857 × 1432 first, then adjust the decimal places.

But that might be tedious. Alternatively, use approximate values.

Alternatively, note that 0.0857 * 0.1432 ≈ ?

Well, 0.08 * 0.14 = 0.0112

But 0.0857 is a bit more than 0.08, and 0.1432 is a bit more than 0.14. Let me compute:

Let me use a calculator here. Wait, since I can't actually use a calculator, maybe approximate.

Alternatively, use the formula for multiplication:

Let me think of 0.0857 × 0.1432.

First, multiply 0.0857 by 0.1, which is 0.00857.

Then, 0.",limit,eos,server,False,,unklar_manuell_pruefen,"Okay, let's see. I need to calculate the correlation coefficient between Asset A and Asset B. Hmm, I remember that the correlation coefficient is related to covariance and the standard deviations of the two assets. Let me recall the formula.

I think the formula for the correlation coefficient (ρ) is the covariance of A and B divided by the product of their standard deviations. So, ρ = Cov(A,B) / (σ_A * σ_B). Right? Let me check that. Yeah, covariance measures how the two assets move together, but it's in units that depend on the assets' variances. To get the correlation, which is a unitless measure, you divide by the product of their standard deviations.

Alright, so the covariance given is -0.003793. The standard deviation of Asset A is 8.57%, and Asset B is 14.32%. Wait, but percentages... do I need to convert them to decimals? Let me think. The covariance is usually in decimal form, right? For example, if the standard deviation is 8.57%, that's 0.0857 in decimal. Similarly, 14.32% is 0.1432. So I should convert those percentages to decimals before calculating.

So first, converting the standard deviations:

σ_A = 8.57% = 0.0857

σ_B = 14.32% = 0.1432

Then, the covariance is given as -0.003793. Let me make sure that the units are consistent. If the standard deviations are in decimal form, then covariance should be in the same units as the product of the standard deviations. But since the covariance is already given as a decimal number, I think it's okay.

So plugging into the formula:

ρ = Cov(A,B) / (σ_A * σ_B) = -0.003793 / (0.0857 * 0.1432)

Let me calculate the denominator first. 0.0857 multiplied by 0.1432. Let me compute that.

First, 0.08 * 0.14 = 0.0112, but more accurately:

0.0857 * 0.1432. Let me use a calculator approach here.

Multiplying 0.0857 by 0.1432:

Let me write it out:

0.0857 × 0.1432

Well, 0.0857 × 0.1 = 0.00857

0.0857 × 0.04 = 0.003428

0.0857 × 0.003 = 0.0002571

0.0857 × 0.0002 = 0.00001714

Adding them up:

0.00857 + 0.003428 = 0.011998

Plus 0.0002571 = 0.0122551

Plus 0.00001714 ≈ 0.01227224

Wait, but maybe I should do a more precise calculation. Alternatively, maybe use decimal multiplication:

Let me think of 0.0857 × 0.1432.

Alternatively, approximate it:

Let me use a calculator-like method. Let's convert them to fractions? No, that might be complicated. Alternatively, use approximate decimal multiplication.

Alternatively, use the exact numbers:

0.0857 × 0.1432.

Let me compute 857 × 1432 first, then adjust the decimal places.

But that might be tedious. Alternatively, use approximate values.

Alternatively, note that 0.0857 * 0.1432 ≈ ?

Well, 0.08 * 0.14 = 0.0112

But 0.0857 is a bit more than 0.08, and 0.1432 is a bit more than 0.14. Let me compute:

Let me use a calculator here. Wait, since I can't actually use a calculator, maybe approximate.

Alternatively, use the formula for multiplication:

Let me think of 0.0857 × 0.1432.

First, multiply 0.0857 by 0.1, which is 0.00857.

Then, 0.
---FINAL---
Final Answer: -0.2999"
Q4_K_M,portfolio_return_002,einfach,portfolio_return,D_generic_budget512,512,0,941925547,False,0.0523,0.053,False,Final Answer: 0.0523,512,520,9.475047100002485,0,"Okay, let's see. The investor has a portfolio divided between two assets, A and B. They put 73% in Asset A, which has an expected return of 5.38%, and 27% in Asset B with an expected return of 5.07%. I need to calculate the expected portfolio return as a decimal.

First, I remember that the expected return of a portfolio is the weighted average of the returns of the individual assets. The weights are the proportions of each asset in the portfolio. So, the formula should be something like: (Weight of A * Return of A) + (Weight of B * Return of B).

Wait, let me make sure. Yes, that's right. Each asset's contribution to the portfolio return is its weight multiplied by its expected return. Then you add those two contributions together.

So, converting the percentages to decimals first. The weights are 73% and 27%, which are 0.73 and 0.27 in decimal form. The returns are 5.38% and 5.07%, so converting those to decimals would be 0.0538 and 0.0507.

Now, multiplying each weight by their respective returns. Let me do that step by step.

First, 0.73 * 0.0538. Let me calculate that. Hmm, 0.73 times 0.05 is 0.0365, and 0.73 times 0.0038 is... Well, maybe it's easier to just multiply 0.73 * 0.0538 directly.

Alternatively, maybe I can compute 0.73 * 5.38% and 0.27 * 5.07%, then add them. Wait, but since the percentages are already converted, maybe it's better to just do the decimal multiplication.

Alternatively, perhaps I can do it in percentages first and then convert to decimal? Let me think. If I keep everything in percentages, then the weights are 73% and 27%, and returns are 5.38% and 5.07%. So the calculation would be:

(73% * 5.38%) + (27% * 5.07%). But then I have to convert that result to decimal. Wait, but that might be confusing.",limit,eos,server,False,,unklar_manuell_pruefen,"Okay, let's see. The investor has a portfolio divided between two assets, A and B. They put 73% in Asset A, which has an expected return of 5.38%, and 27% in Asset B with an expected return of 5.07%. I need to calculate the expected portfolio return as a decimal.

First, I remember that the expected return of a portfolio is the weighted average of the returns of the individual assets. The weights are the proportions of each asset in the portfolio. So, the formula should be something like: (Weight of A * Return of A) + (Weight of B * Return of B).

Wait, let me make sure. Yes, that's right. Each asset's contribution to the portfolio return is its weight multiplied by its expected return. Then you add those two contributions together.

So, converting the percentages to decimals first. The weights are 73% and 27%, which are 0.73 and 0.27 in decimal form. The returns are 5.38% and 5.07%, so converting those to decimals would be 0.0538 and 0.0507.

Now, multiplying each weight by their respective returns. Let me do that step by step.

First, 0.73 * 0.0538. Let me calculate that. Hmm, 0.73 times 0.05 is 0.0365, and 0.73 times 0.0038 is... Well, maybe it's easier to just multiply 0.73 * 0.0538 directly.

Alternatively, maybe I can compute 0.73 * 5.38% and 0.27 * 5.07%, then add them. Wait, but since the percentages are already converted, maybe it's better to just do the decimal multiplication.

Alternatively, perhaps I can do it in percentages first and then convert to decimal? Let me think. If I keep everything in percentages, then the weights are 73% and 27%, and returns are 5.38% and 5.07%. So the calculation would be:

(73% * 5.38%) + (27% * 5.07%). But then I have to convert that result to decimal. Wait, but that might be confusing.
---FINAL---
Final Answer: 0.0523"
Q4_K_M,multi_step_sharpe_004,mehrstufig,multi_step_sharpe,C_fixed_budget1024,1024,0,818330154,False,1.58,1.5823780743321973,True,Final Answer: 1.58,1024,1030,18.921168799999577,0,"Okay, let's see. I need to calculate the annual return of the stock first and then the Sharpe Ratio. The stock started at $140.88 and ended at $167.38. No dividends were paid, so that simplifies things. 

First, the annual return. I remember that the formula for return is (Ending Price - Beginning Price) / Beginning Price. Let me check that. Yes, that's the formula for the holding period return. Since it's annual, I don't need to adjust for time periods here. So plugging in the numbers: (167.38 - 140.88) divided by 140.88. Let me calculate that. 

167.38 minus 140.88 is... let me subtract. 167.38 - 140.88. 167.38 minus 140 is 27.38, then minus 0.88 more would be 26.50. So the numerator is 26.50. Then divide by 140.88. Let me do that division. 26.50 / 140.88. Let me get a calculator or do it step by step. 

Well, 140.88 times 0.18 is approximately 25.3584. Because 140.88 * 0.1 = 14.088, 0.08 would be 11.2704, so 0.18 is 14.088 + 11.2704 = 25.3584. But the numerator is 26.50, which is a bit higher. So maybe around 0.188? Let me check. 140.88 * 0.188. Let me compute 140.88 * 0.18 = 25.3584, then 140.88 * 0.008 = 1.12704. Adding those gives 25.3584 + 1.12704 = 26.4854. That's very close to 26.50. So the return is approximately 18.8%. So the annual return is about 18.8%. 

Wait, let me make sure I didn't make a mistake in the subtraction. The starting price is 140.88, ending is 167.38. So 167.38 minus 140.88. Let me subtract 140 from both: 167.38 - 140 = 27.38. Then subtract the remaining 0.88: 27.38 - 0.88 = 26.50. Yes, that's correct. So the numerator is indeed 26.50. So 26.50 divided by 140.88 equals approximately 0.188, which is 18.8%. 

So the annual return is 18.8%. Now, the next part is the Sharpe Ratio. The Sharpe Ratio is calculated as (Return - Risk-Free Rate) divided by the standard deviation of returns. 

The risk-free rate is given as 1.42%, so that's 0.0142 in decimal. The return we just calculated is 18.8%, which is 0.188. The standard deviation is given as 10.99%, which is 0.1099. 

So first, subtract the risk-free rate from the return: 0.188 - 0.0142. Let me compute that. 0.188 minus 0.0142 is 0.1738. Then divide that by the standard deviation, which is 0.1099. 

So 0.1738 divided by 0.1099. Let me calculate that. Let me approximate. 0.1099 times 1.58 is approximately? Let me see. 0.1099 * 1.5 = 0.16485. 0.1099 * 1.58 = 0.16485 + (0.1099 * 0.08). 0.1099 * 0.08 is about 0",limit,eos,server,False,,,"Okay, let's see. I need to calculate the annual return of the stock first and then the Sharpe Ratio. The stock started at $140.88 and ended at $167.38. No dividends were paid, so that simplifies things. 

First, the annual return. I remember that the formula for return is (Ending Price - Beginning Price) / Beginning Price. Let me check that. Yes, that's the formula for the holding period return. Since it's annual, I don't need to adjust for time periods here. So plugging in the numbers: (167.38 - 140.88) divided by 140.88. Let me calculate that. 

167.38 minus 140.88 is... let me subtract. 167.38 - 140.88. 167.38 minus 140 is 27.38, then minus 0.88 more would be 26.50. So the numerator is 26.50. Then divide by 140.88. Let me do that division. 26.50 / 140.88. Let me get a calculator or do it step by step. 

Well, 140.88 times 0.18 is approximately 25.3584. Because 140.88 * 0.1 = 14.088, 0.08 would be 11.2704, so 0.18 is 14.088 + 11.2704 = 25.3584. But the numerator is 26.50, which is a bit higher. So maybe around 0.188? Let me check. 140.88 * 0.188. Let me compute 140.88 * 0.18 = 25.3584, then 140.88 * 0.008 = 1.12704. Adding those gives 25.3584 + 1.12704 = 26.4854. That's very close to 26.50. So the return is approximately 18.8%. So the annual return is about 18.8%. 

Wait, let me make sure I didn't make a mistake in the subtraction. The starting price is 140.88, ending is 167.38. So 167.38 minus 140.88. Let me subtract 140 from both: 167.38 - 140 = 27.38. Then subtract the remaining 0.88: 27.38 - 0.88 = 26.50. Yes, that's correct. So the numerator is indeed 26.50. So 26.50 divided by 140.88 equals approximately 0.188, which is 18.8%. 

So the annual return is 18.8%. Now, the next part is the Sharpe Ratio. The Sharpe Ratio is calculated as (Return - Risk-Free Rate) divided by the standard deviation of returns. 

The risk-free rate is given as 1.42%, so that's 0.0142 in decimal. The return we just calculated is 18.8%, which is 0.188. The standard deviation is given as 10.99%, which is 0.1099. 

So first, subtract the risk-free rate from the return: 0.188 - 0.0142. Let me compute that. 0.188 minus 0.0142 is 0.1738. Then divide that by the standard deviation, which is 0.1099. 

So 0.1738 divided by 0.1099. Let me calculate that. Let me approximate. 0.1099 times 1.58 is approximately? Let me see. 0.1099 * 1.5 = 0.16485. 0.1099 * 1.58 = 0.16485 + (0.1099 * 0.08). 0.1099 * 0.08 is about 0
---FINAL---
Final Answer: 1.58"
Q4_K_M,correlation_003,mittel,correlation,E_financial_budget1024,1024,0,2011638886,False,-0.2999,-0.30907153054373127,False,Final Answer: -0.2999,1024,1032,18.963641199999984,0,"Okay, let's see. I need to calculate the correlation coefficient between Asset A and Asset B. Hmm, I remember that the correlation coefficient is related to covariance and the standard deviations of the two assets. Let me recall the formula.

I think the formula for the correlation coefficient (ρ) is the covariance of A and B divided by the product of their standard deviations. So, ρ = Cov(A,B) / (σ_A * σ_B). Right? Let me check that. Yeah, covariance measures how the two assets move together, but it's in units that depend on the assets' variances. To get the correlation, which is a unitless measure, you divide by the product of their standard deviations.

Alright, so the covariance given is -0.003793. The standard deviation of Asset A is 8.57%, and Asset B is 14.32%. Wait, but percentages... do I need to convert them to decimals? Let me think. The covariance is usually in decimal form, right? For example, if the standard deviation is 8.57%, that's 0.0857 in decimal. Similarly, 14.32% is 0.1432. So I should convert those percentages to decimals before calculating.

So first, converting the standard deviations:

σ_A = 8.57% = 0.0857

σ_B = 14.32% = 0.1432

Then, the covariance is given as -0.003793. Let me make sure that the units are consistent. If the standard deviations are in decimal form, then covariance should be in the same units as the product of the standard deviations. But since the covariance is already given as a decimal number, I think it's okay.

So plugging into the formula:

ρ = Cov(A,B) / (σ_A * σ_B) = -0.003793 / (0.0857 * 0.1432)

Let me calculate the denominator first. 0.0857 multiplied by 0.1432. Let me compute that.

First, 0.08 * 0.14 = 0.0112, but more accurately:

0.0857 * 0.1432. Let me use a calculator approach here.

Multiplying 0.0857 by 0.1432:

Let me write it out:

0.0857 × 0.1432

Well, 0.0857 × 0.1 = 0.00857

0.0857 × 0.04 = 0.003428

0.0857 × 0.003 = 0.0002571

0.0857 × 0.0002 = 0.00001714

Adding them up:

0.00857 + 0.003428 = 0.011998

Plus 0.0002571 = 0.0122551

Plus 0.00001714 ≈ 0.01227224

Wait, but maybe I should do a more precise calculation. Alternatively, maybe use decimal multiplication:

Let me think of 0.0857 × 0.1432.

Alternatively, approximate it:

Let me use a calculator-like method. Let's convert them to fractions? No, that might be complicated. Alternatively, use approximate decimal multiplication.

Alternatively, use the exact numbers:

0.0857 × 0.1432.

Let me compute 857 × 1432 first, then adjust the decimal places.

But that might be tedious. Alternatively, use approximate values.

Alternatively, note that 0.0857 * 0.1432 ≈ ?

Well, 0.08 * 0.14 = 0.0112

But 0.0857 is a bit more than 0.08, and 0.1432 is a bit more than 0.14. Let me compute:

Let me use a calculator here. Wait, since I can't actually use a calculator, maybe approximate.

Alternatively, use the formula for multiplication:

Let me think of 0.0857 × 0.1432.

First, multiply 0.0857 by 0.1, which is 0.00857.

Then, 0.",limit,eos,server,False,,unklar_manuell_pruefen,"Okay, let's see. I need to calculate the correlation coefficient between Asset A and Asset B. Hmm, I remember that the correlation coefficient is related to covariance and the standard deviations of the two assets. Let me recall the formula.

I think the formula for the correlation coefficient (ρ) is the covariance of A and B divided by the product of their standard deviations. So, ρ = Cov(A,B) / (σ_A * σ_B). Right? Let me check that. Yeah, covariance measures how the two assets move together, but it's in units that depend on the assets' variances. To get the correlation, which is a unitless measure, you divide by the product of their standard deviations.

Alright, so the covariance given is -0.003793. The standard deviation of Asset A is 8.57%, and Asset B is 14.32%. Wait, but percentages... do I need to convert them to decimals? Let me think. The covariance is usually in decimal form, right? For example, if the standard deviation is 8.57%, that's 0.0857 in decimal. Similarly, 14.32% is 0.1432. So I should convert those percentages to decimals before calculating.

So first, converting the standard deviations:

σ_A = 8.57% = 0.0857

σ_B = 14.32% = 0.1432

Then, the covariance is given as -0.003793. Let me make sure that the units are consistent. If the standard deviations are in decimal form, then covariance should be in the same units as the product of the standard deviations. But since the covariance is already given as a decimal number, I think it's okay.

So plugging into the formula:

ρ = Cov(A,B) / (σ_A * σ_B) = -0.003793 / (0.0857 * 0.1432)

Let me calculate the denominator first. 0.0857 multiplied by 0.1432. Let me compute that.

First, 0.08 * 0.14 = 0.0112, but more accurately:

0.0857 * 0.1432. Let me use a calculator approach here.

Multiplying 0.0857 by 0.1432:

Let me write it out:

0.0857 × 0.1432

Well, 0.0857 × 0.1 = 0.00857

0.0857 × 0.04 = 0.003428

0.0857 × 0.003 = 0.0002571

0.0857 × 0.0002 = 0.00001714

Adding them up:

0.00857 + 0.003428 = 0.011998

Plus 0.0002571 = 0.0122551

Plus 0.00001714 ≈ 0.01227224

Wait, but maybe I should do a more precise calculation. Alternatively, maybe use decimal multiplication:

Let me think of 0.0857 × 0.1432.

Alternatively, approximate it:

Let me use a calculator-like method. Let's convert them to fractions? No, that might be complicated. Alternatively, use approximate decimal multiplication.

Alternatively, use the exact numbers:

0.0857 × 0.1432.

Let me compute 857 × 1432 first, then adjust the decimal places.

But that might be tedious. Alternatively, use approximate values.

Alternatively, note that 0.0857 * 0.1432 ≈ ?

Well, 0.08 * 0.14 = 0.0112

But 0.0857 is a bit more than 0.08, and 0.1432 is a bit more than 0.14. Let me compute:

Let me use a calculator here. Wait, since I can't actually use a calculator, maybe approximate.

Alternatively, use the formula for multiplication:

Let me think of 0.0857 × 0.1432.

First, multiply 0.0857 by 0.1, which is 0.00857.

Then, 0.
---FINAL---
Final Answer: -0.2999"
Q4_K_M,portfolio_return_002,einfach,portfolio_return,F_adaptive,,0,716729983,False,0.0524,0.053,False,Final Answer: 0.0524,512,520,9.521778800000902,1,"Okay, let's see. The problem is about calculating the expected portfolio return based on the weights of two assets and their respective expected returns. So the investor has allocated 73% to Asset A and 27% to Asset B. The expected returns for Asset A and B are 5.38% and 5.07% respectively. I need to find the expected portfolio return as a decimal.

First, I remember that the expected return of a portfolio is calculated by multiplying the weight of each asset by its expected return and then summing those products. So the formula should be something like: Expected Return = (Weight of A * Return of A) + (Weight of B * Return of B).

Let me make sure I got that right. Yes, that seems correct. Each asset's contribution to the portfolio return is its weight times its expected return. Then you add them up. So, converting the percentages to decimals first might be necessary. Wait, the weights are already given in percentages, but when calculating, I should convert them to decimals. For example, 73% is 0.73 and 27% is 0.27. Similarly, the returns are given as percentages, so 5.38% is 0.0538 and 5.07% is 0.0507.

So plugging the numbers in: (0.73 * 0.0538) + (0.27 * 0.0507). Let me calculate each part step by step.

First, calculate 0.73 multiplied by 0.0538. Let me do that. Let me think, 0.73 times 0.05 is 0.0365, and 0.73 times 0.0038 is... Hmm, maybe it's easier to just multiply them directly. Alternatively, use calculator steps. Wait, since I need to do this manually, let me break it down.

Alternatively, maybe I can convert them to fractions or something, but that might complicate. Let me just do decimal multiplication.

So 0.73 * 0.0538. Let me write it out:

First, 0.73 * 0.05 = 0.0365

Then, 0.73 * 0.0038 = ?

Well, 0",limit,eos,server,False,wait,unklar_manuell_pruefen,"Okay, let's see. The problem is about calculating the expected portfolio return based on the weights of two assets and their respective expected returns. So the investor has allocated 73% to Asset A and 27% to Asset B. The expected returns for Asset A and B are 5.38% and 5.07% respectively. I need to find the expected portfolio return as a decimal.

First, I remember that the expected return of a portfolio is calculated by multiplying the weight of each asset by its expected return and then summing those products. So the formula should be something like: Expected Return = (Weight of A * Return of A) + (Weight of B * Return of B).

Let me make sure I got that right. Yes, that seems correct. Each asset's contribution to the portfolio return is its weight times its expected return. Then you add them up. So, converting the percentages to decimals first might be necessary. Wait, the weights are already given in percentages, but when calculating, I should convert them to decimals. For example, 73% is 0.73 and 27% is 0.27. Similarly, the returns are given as percentages, so 5.38% is 0.0538 and 5.07% is 0.0507.

So plugging the numbers in: (0.73 * 0.0538) + (0.27 * 0.0507). Let me calculate each part step by step.

First, calculate 0.73 multiplied by 0.0538. Let me do that. Let me think, 0.73 times 0.05 is 0.0365, and 0.73 times 0.0038 is... Hmm, maybe it's easier to just multiply them directly. Alternatively, use calculator steps. Wait, since I need to do this manually, let me break it down.

Alternatively, maybe I can convert them to fractions or something, but that might complicate. Let me just do decimal multiplication.

So 0.73 * 0.0538. Let me write it out:

First, 0.73 * 0.05 = 0.0365

Then, 0.73 * 0.0038 = ?

Well, 0
---FINAL---
Final Answer: 0.0524"
Q4_K_M,correlation_003,mittel,correlation,A_direct,,0,1153236387,False,-0.3333,-0.30907153054373127,False,Final Answer: -0.3333,0,11,0.24557160000040312,0,,,eos,server,False,,unklar_manuell_pruefen,"
---FINAL---
Final Answer: -0.3333"
Q4_K_M,sharpe_ratio_001,einfach,sharpe_ratio,C_fixed_budget256,256,0,431451577,False,0.3,0.3031,False,Final Answer: 0.30,256,262,4.967400499999712,0,"Okay, let's see. I need to calculate the Sharpe Ratio for this portfolio. Hmm, what's the formula again? I think the Sharpe Ratio measures the excess return per unit of risk. So, it's the difference between the portfolio's return and the risk-free rate, divided by the standard deviation of the portfolio's returns. Let me make sure I remember that right.

So the formula should be: Sharpe Ratio = (Expected Portfolio Return - Risk-Free Rate) / Standard Deviation. Yeah, that sounds familiar. Let me check the units. The expected return and risk-free rate are both annual percentages, and the standard deviation is also annual, so the units should cancel out, giving a dimensionless ratio. That makes sense.

Alright, the problem gives the expected annual return as 10.40%, the standard deviation is 24.55%, and the risk-free rate is 2.96%. So I need to plug these numbers into the formula. Let me write that down step by step.

First, calculate the excess return: Expected Return minus Risk-Free Rate. That would be 10.40% minus 2.96%. Let me do that subtraction. 10.40 minus ",limit,eos,server,False,,unklar_manuell_pruefen,"Okay, let's see. I need to calculate the Sharpe Ratio for this portfolio. Hmm, what's the formula again? I think the Sharpe Ratio measures the excess return per unit of risk. So, it's the difference between the portfolio's return and the risk-free rate, divided by the standard deviation of the portfolio's returns. Let me make sure I remember that right.

So the formula should be: Sharpe Ratio = (Expected Portfolio Return - Risk-Free Rate) / Standard Deviation. Yeah, that sounds familiar. Let me check the units. The expected return and risk-free rate are both annual percentages, and the standard deviation is also annual, so the units should cancel out, giving a dimensionless ratio. That makes sense.

Alright, the problem gives the expected annual return as 10.40%, the standard deviation is 24.55%, and the risk-free rate is 2.96%. So I need to plug these numbers into the formula. Let me write that down step by step.

First, calculate the excess return: Expected Return minus Risk-Free Rate. That would be 10.40% minus 2.96%. Let me do that subtraction. 10.40 minus 
---FINAL---
Final Answer: 0.30"
Q4_K_M,multi_step_sharpe_004,mehrstufig,multi_step_sharpe,E_financial_budget512,512,0,426707377,False,0.1884,1.5823780743321973,False,Final Answer: 0.1884,512,520,9.51028359999873,0,"Okay, let's see. I need to calculate the annual return of the stock first and then the Sharpe Ratio. Alright, starting with the annual return. The stock price started at $140.88 and ended at $167.38. Since there were no dividends, the return should just be the capital gain over the initial price, right?

So the formula for return is (Ending Price - Beginning Price) / Beginning Price. Let me plug in the numbers. That would be (167.38 - 140.88) divided by 140.88. Let me calculate that. 

First, subtract the beginning price from the ending price: 167.38 minus 140.88. Let me do that subtraction. 167.38 minus 140.88. Hmm, 167 minus 140 is 27, and 0.38 minus 0.88 would be negative 0.50. Wait, no, that's not right. Wait, 167.38 minus 140.88. Let me write it out:

167.38
-140.88
--------
Subtracting the cents first: 38 - 88. Since 38 is less than 88, borrow a dollar. So 138 cents minus 88 cents is 50 cents. Then subtract the dollars: 167 - 140 is 27, but since we borrowed a dollar earlier, it's 26 dollars and 50 cents. So total is 26.50. Wait, that seems right. So the difference is $26.50.

So then, the return is 26.50 divided by 140.88. Let me calculate that. Let's see, 26.50 divided by 140.88. Let me do this division. Let me approximate. 140.88 times 0.18 is 25.3584. Hmm, 0.18 times 140.88 is approximately 25.36. But the numerator is 26.50. So maybe around 0.188? Let me check.",limit,eos,server,False,,unklar_manuell_pruefen,"Okay, let's see. I need to calculate the annual return of the stock first and then the Sharpe Ratio. Alright, starting with the annual return. The stock price started at $140.88 and ended at $167.38. Since there were no dividends, the return should just be the capital gain over the initial price, right?

So the formula for return is (Ending Price - Beginning Price) / Beginning Price. Let me plug in the numbers. That would be (167.38 - 140.88) divided by 140.88. Let me calculate that. 

First, subtract the beginning price from the ending price: 167.38 minus 140.88. Let me do that subtraction. 167.38 minus 140.88. Hmm, 167 minus 140 is 27, and 0.38 minus 0.88 would be negative 0.50. Wait, no, that's not right. Wait, 167.38 minus 140.88. Let me write it out:

167.38
-140.88
--------
Subtracting the cents first: 38 - 88. Since 38 is less than 88, borrow a dollar. So 138 cents minus 88 cents is 50 cents. Then subtract the dollars: 167 - 140 is 27, but since we borrowed a dollar earlier, it's 26 dollars and 50 cents. So total is 26.50. Wait, that seems right. So the difference is $26.50.

So then, the return is 26.50 divided by 140.88. Let me calculate that. Let's see, 26.50 divided by 140.88. Let me do this division. Let me approximate. 140.88 times 0.18 is 25.3584. Hmm, 0.18 times 140.88 is approximately 25.36. But the numerator is 26.50. So maybe around 0.188? Let me check.
---FINAL---
Final Answer: 0.1884"
Q4_K_M,portfolio_return_002,einfach,portfolio_return,C_fixed_budget256,256,0,1681576244,False,0.0524,0.053,False,Final Answer: 0.0524,256,264,5.066972199998418,0,"Okay, let's see. The problem is about calculating the expected portfolio return based on the weights of two assets and their respective expected returns. The investor has allocated 73% to Asset A and 27% to Asset B. The expected returns for Asset A and B are 5.38% and 5.07% respectively. I need to find the expected portfolio return as a decimal.

First, I remember that the expected return of a portfolio is calculated by taking the weighted average of the returns of the individual assets. The weights are the proportions of each asset in the portfolio. So, the formula should be something like: Expected Portfolio Return = (Weight of A * Return of A) + (Weight of B * Return of B).

Let me confirm that. Yes, that's right. Each asset's contribution to the portfolio return is its weight multiplied by its expected return, and then you sum those contributions. 

Now, converting the percentages to decimals. The weights are 73% and 27%, so that's 0.73 and 0.27. The returns are 5.38% and 5.07%, which as decimals would be 0.0538 and 0",limit,eos,server,False,,unklar_manuell_pruefen,"Okay, let's see. The problem is about calculating the expected portfolio return based on the weights of two assets and their respective expected returns. The investor has allocated 73% to Asset A and 27% to Asset B. The expected returns for Asset A and B are 5.38% and 5.07% respectively. I need to find the expected portfolio return as a decimal.

First, I remember that the expected return of a portfolio is calculated by taking the weighted average of the returns of the individual assets. The weights are the proportions of each asset in the portfolio. So, the formula should be something like: Expected Portfolio Return = (Weight of A * Return of A) + (Weight of B * Return of B).

Let me confirm that. Yes, that's right. Each asset's contribution to the portfolio return is its weight multiplied by its expected return, and then you sum those contributions. 

Now, converting the percentages to decimals. The weights are 73% and 27%, so that's 0.73 and 0.27. The returns are 5.38% and 5.07%, which as decimals would be 0.0538 and 0
---FINAL---
Final Answer: 0.0524"
Q4_K_M,sharpe_ratio_001,einfach,sharpe_ratio,D_generic_budget256,256,0,431451577,False,0.3,0.3031,False,Final Answer: 0.30,256,262,4.791196199999831,0,"Okay, let's see. I need to calculate the Sharpe Ratio for this portfolio. Hmm, what's the formula again? I think the Sharpe Ratio measures the excess return per unit of risk. So, it's the difference between the portfolio's return and the risk-free rate, divided by the standard deviation of the portfolio's returns. Let me make sure I remember that right.

So the formula should be: Sharpe Ratio = (Expected Portfolio Return - Risk-Free Rate) / Standard Deviation. Yeah, that sounds familiar. Let me check the units. The expected return and risk-free rate are both annual percentages, and the standard deviation is also annual, so the units should cancel out, giving a dimensionless ratio. That makes sense.

Alright, the problem gives the expected annual return as 10.40%, the standard deviation is 24.55%, and the risk-free rate is 2.96%. So I need to plug these numbers into the formula. Let me write that down step by step.

First, calculate the excess return: Expected Return minus Risk-Free Rate. That would be 10.40% minus 2.96%. Let me do that subtraction. 10.40 minus ",limit,eos,server,False,,unklar_manuell_pruefen,"Okay, let's see. I need to calculate the Sharpe Ratio for this portfolio. Hmm, what's the formula again? I think the Sharpe Ratio measures the excess return per unit of risk. So, it's the difference between the portfolio's return and the risk-free rate, divided by the standard deviation of the portfolio's returns. Let me make sure I remember that right.

So the formula should be: Sharpe Ratio = (Expected Portfolio Return - Risk-Free Rate) / Standard Deviation. Yeah, that sounds familiar. Let me check the units. The expected return and risk-free rate are both annual percentages, and the standard deviation is also annual, so the units should cancel out, giving a dimensionless ratio. That makes sense.

Alright, the problem gives the expected annual return as 10.40%, the standard deviation is 24.55%, and the risk-free rate is 2.96%. So I need to plug these numbers into the formula. Let me write that down step by step.

First, calculate the excess return: Expected Return minus Risk-Free Rate. That would be 10.40% minus 2.96%. Let me do that subtraction. 10.40 minus 
---FINAL---
Final Answer: 0.30"
Q4_K_M,portfolio_return_002,einfach,portfolio_return,C_fixed_budget1024,1024,0,361705497,False,0.0518,0.053,False,Final Answer: 0.0518,1024,1032,18.915321100001165,0,"Okay, let's see. The investor has a portfolio with two assets, A and B. They allocated 73% to Asset A and 27% to Asset B. The expected returns for A and B are 5.38% and 5.07% respectively. I need to calculate the expected portfolio return as a decimal.

First, I remember that the expected return of a portfolio is the weighted average of the returns of the individual assets. The weights are the proportions of each asset in the portfolio. So, the formula should be: Expected Return = (Weight of A * Return of A) + (Weight of B * Return of B).

Let me convert the percentages to decimals first. The weights are 73% and 27%, so that's 0.73 and 0.27. The returns are 5.38% and 5.07%, which as decimals are 0.0538 and 0.0507.

Now plug those numbers into the formula. So, 0.73 multiplied by 0.0538 plus 0.27 multiplied by 0.0507. Let me calculate each part separately.

First part: 0.73 * 0.0538. Let me do that multiplication. Hmm, 0.73 times 0.05 is 0.0365, and 0.73 times 0.0038 is... Let me think. Alternatively, maybe I should just multiply them directly. 0.73 * 0.0538. Let me use a calculator approach here. 0.73 * 0.0538. Well, 0.7 * 0.0538 is 0.03766, and 0.03 * 0.0538 is 0.001614. Adding them together gives 0.03766 + 0.001614 = 0.039274. Wait, but that's if I split 0.73 into 0.7 and 0.03. Alternatively, maybe I should just do 0.73 * 5.38% but converted to decimal. Wait, maybe I should just do 0.73 * 0.0538. Let me compute that:

Multiply 0.73 by 0.0538:

First, 0.73 * 0.05 = 0.0365

Then 0.73 * 0.0038 = ?

Well, 0.73 * 0.003 = 0.00219

And 0.73 * 0.0008 = 0.000584

Adding those two gives 0.00219 + 0.000584 = 0.002774

So total for the first part is 0.0365 + 0.002774 = 0.039274

Okay, so that's approximately 0.039274.

Now the second part: 0.27 * 0.0507

Let me calculate that. 0.27 * 0.05 = 0.0135, and 0.27 * 0.0007 = 0.000189. Adding those gives 0.0135 + 0.000189 = 0.013689. Wait, but actually 0.0507 is 0.05 + 0.0007? Wait no, 0.0507 is 0.05 + 0.0007? Wait, 0.0507 is 0.05 + 0.0007? No, that's not right. Wait, 0.05 is 0.05, and 0.0007 is 0.0007. So 0.05 + 0.0007 = 0.0507. So yes, splitting into 0.05 and 0.0007. So 0.27 * 0.05 = 0.0135, and 0.27 * 0.0007 = 0.000189. Adding them gives 0.0135 + 0.",limit,eos,server,False,,unklar_manuell_pruefen,"Okay, let's see. The investor has a portfolio with two assets, A and B. They allocated 73% to Asset A and 27% to Asset B. The expected returns for A and B are 5.38% and 5.07% respectively. I need to calculate the expected portfolio return as a decimal.

First, I remember that the expected return of a portfolio is the weighted average of the returns of the individual assets. The weights are the proportions of each asset in the portfolio. So, the formula should be: Expected Return = (Weight of A * Return of A) + (Weight of B * Return of B).

Let me convert the percentages to decimals first. The weights are 73% and 27%, so that's 0.73 and 0.27. The returns are 5.38% and 5.07%, which as decimals are 0.0538 and 0.0507.

Now plug those numbers into the formula. So, 0.73 multiplied by 0.0538 plus 0.27 multiplied by 0.0507. Let me calculate each part separately.

First part: 0.73 * 0.0538. Let me do that multiplication. Hmm, 0.73 times 0.05 is 0.0365, and 0.73 times 0.0038 is... Let me think. Alternatively, maybe I should just multiply them directly. 0.73 * 0.0538. Let me use a calculator approach here. 0.73 * 0.0538. Well, 0.7 * 0.0538 is 0.03766, and 0.03 * 0.0538 is 0.001614. Adding them together gives 0.03766 + 0.001614 = 0.039274. Wait, but that's if I split 0.73 into 0.7 and 0.03. Alternatively, maybe I should just do 0.73 * 5.38% but converted to decimal. Wait, maybe I should just do 0.73 * 0.0538. Let me compute that:

Multiply 0.73 by 0.0538:

First, 0.73 * 0.05 = 0.0365

Then 0.73 * 0.0038 = ?

Well, 0.73 * 0.003 = 0.00219

And 0.73 * 0.0008 = 0.000584

Adding those two gives 0.00219 + 0.000584 = 0.002774

So total for the first part is 0.0365 + 0.002774 = 0.039274

Okay, so that's approximately 0.039274.

Now the second part: 0.27 * 0.0507

Let me calculate that. 0.27 * 0.05 = 0.0135, and 0.27 * 0.0007 = 0.000189. Adding those gives 0.0135 + 0.000189 = 0.013689. Wait, but actually 0.0507 is 0.05 + 0.0007? Wait no, 0.0507 is 0.05 + 0.0007? Wait, 0.0507 is 0.05 + 0.0007? No, that's not right. Wait, 0.05 is 0.05, and 0.0007 is 0.0007. So 0.05 + 0.0007 = 0.0507. So yes, splitting into 0.05 and 0.0007. So 0.27 * 0.05 = 0.0135, and 0.27 * 0.0007 = 0.000189. Adding them gives 0.0135 + 0.
---FINAL---
Final Answer: 0.0518"
Q4_K_M,correlation_003,mittel,correlation,C_fixed_budget256,256,0,689133170,False,-0.4312,-0.30907153054373127,False,Final Answer: -0.4312,256,264,5.103824699999677,0,"Okay, let's see. I need to calculate the correlation coefficient between Asset A and Asset B. Hmm, I remember that the correlation coefficient is related to covariance and the standard deviations of the two assets. Let me recall the formula.

I think the formula for the correlation coefficient (ρ) is covariance divided by the product of the standard deviations of the two assets. So, ρ = Cov(A,B) / (σ_A * σ_B). Let me check if that's right. Yes, covariance measures how the two assets move together, but it's in units that depend on the assets' variances. To make it a dimensionless number between -1 and 1, we divide by the product of their standard deviations.

Alright, so the covariance given is -0.003793. The standard deviation of Asset A is 8.57%, which I should convert to decimal form. Wait, percentages can be tricky. Let me make sure. If the standard deviation is 8.57%, that's 0.0857 in decimal. Similarly, Asset B's standard deviation is 14.32%, so that's 0.1432. 

Wait, but the covariance is given as -",limit,eos,server,False,,unklar_manuell_pruefen,"Okay, let's see. I need to calculate the correlation coefficient between Asset A and Asset B. Hmm, I remember that the correlation coefficient is related to covariance and the standard deviations of the two assets. Let me recall the formula.

I think the formula for the correlation coefficient (ρ) is covariance divided by the product of the standard deviations of the two assets. So, ρ = Cov(A,B) / (σ_A * σ_B). Let me check if that's right. Yes, covariance measures how the two assets move together, but it's in units that depend on the assets' variances. To make it a dimensionless number between -1 and 1, we divide by the product of their standard deviations.

Alright, so the covariance given is -0.003793. The standard deviation of Asset A is 8.57%, which I should convert to decimal form. Wait, percentages can be tricky. Let me make sure. If the standard deviation is 8.57%, that's 0.0857 in decimal. Similarly, Asset B's standard deviation is 14.32%, so that's 0.1432. 

Wait, but the covariance is given as -
---FINAL---
Final Answer: -0.4312"
Q4_K_M,portfolio_return_002,einfach,portfolio_return,D_generic_budget1024,1024,0,361705497,False,0.0522,0.053,False,Final Answer: 0.0522,1024,1032,18.92433170000004,0,"Okay, let's see. The investor has a portfolio with two assets, A and B. They allocated 73% to Asset A and 27% to Asset B. The expected returns for A and B are 5.38% and 5.07% respectively. I need to calculate the expected portfolio return as a decimal.

First, I remember that the expected return of a portfolio is the weighted average of the returns of the individual assets. The weights are the proportions of each asset in the portfolio. So, the formula should be: Expected Return = (Weight of A * Return of A) + (Weight of B * Return of B).

Let me convert the percentages to decimals first. The weights are 73% and 27%, so that's 0.73 and 0.27. The returns are 5.38% and 5.07%, which as decimals are 0.0538 and 0.0507.

Now plug those numbers into the formula. So, 0.73 multiplied by 0.0538 plus 0.27 multiplied by 0.0507. Let me calculate each part separately.

First part: 0.73 * 0.0538. Let me do that multiplication. Hmm, 0.73 times 0.05 is 0.0365, and 0.73 times 0.0038 is... Let me think. Alternatively, maybe I should just multiply them directly. 0.73 * 0.0538. Let me use a calculator approach here. 0.73 * 0.0538. Well, 0.7 * 0.0538 is 0.03766, and 0.03 * 0.0538 is 0.001614. Adding them together gives 0.03766 + 0.001614 = 0.039274. Wait, but that's if I split 0.73 into 0.7 and 0.03. Alternatively, maybe I should just do 0.73 * 5.38% but converted to decimal. Wait, maybe I should just do 0.73 * 0.0538. Let me compute that:

Multiply 0.73 by 0.0538:

First, 0.73 * 0.05 = 0.0365

Then 0.73 * 0.0038 = ?

Well, 0.73 * 0.003 = 0.00219

And 0.73 * 0.0008 = 0.000584

Adding those two gives 0.00219 + 0.000584 = 0.002774

So total for the first part is 0.0365 + 0.002774 = 0.039274

Okay, so that's approximately 0.039274.

Now the second part: 0.27 * 0.0507

Let me calculate that. 0.27 * 0.05 = 0.0135, and 0.27 * 0.0007 = 0.000189. Adding those gives 0.0135 + 0.000189 = 0.013689. Wait, but actually 0.0507 is 0.05 + 0.0007? Wait no, 0.0507 is 0.05 + 0.0007? Wait, 0.0507 is 0.05 + 0.0007? No, that's not right. Wait, 0.05 is 0.05, and 0.0007 is 0.0007. So 0.05 + 0.0007 = 0.0507. So yes, splitting into 0.05 and 0.0007. So 0.27 * 0.05 = 0.0135, and 0.27 * 0.0007 = 0.000189. Adding them gives 0.0135 + 0.",limit,eos,server,False,,unklar_manuell_pruefen,"Okay, let's see. The investor has a portfolio with two assets, A and B. They allocated 73% to Asset A and 27% to Asset B. The expected returns for A and B are 5.38% and 5.07% respectively. I need to calculate the expected portfolio return as a decimal.

First, I remember that the expected return of a portfolio is the weighted average of the returns of the individual assets. The weights are the proportions of each asset in the portfolio. So, the formula should be: Expected Return = (Weight of A * Return of A) + (Weight of B * Return of B).

Let me convert the percentages to decimals first. The weights are 73% and 27%, so that's 0.73 and 0.27. The returns are 5.38% and 5.07%, which as decimals are 0.0538 and 0.0507.

Now plug those numbers into the formula. So, 0.73 multiplied by 0.0538 plus 0.27 multiplied by 0.0507. Let me calculate each part separately.

First part: 0.73 * 0.0538. Let me do that multiplication. Hmm, 0.73 times 0.05 is 0.0365, and 0.73 times 0.0038 is... Let me think. Alternatively, maybe I should just multiply them directly. 0.73 * 0.0538. Let me use a calculator approach here. 0.73 * 0.0538. Well, 0.7 * 0.0538 is 0.03766, and 0.03 * 0.0538 is 0.001614. Adding them together gives 0.03766 + 0.001614 = 0.039274. Wait, but that's if I split 0.73 into 0.7 and 0.03. Alternatively, maybe I should just do 0.73 * 5.38% but converted to decimal. Wait, maybe I should just do 0.73 * 0.0538. Let me compute that:

Multiply 0.73 by 0.0538:

First, 0.73 * 0.05 = 0.0365

Then 0.73 * 0.0038 = ?

Well, 0.73 * 0.003 = 0.00219

And 0.73 * 0.0008 = 0.000584

Adding those two gives 0.00219 + 0.000584 = 0.002774

So total for the first part is 0.0365 + 0.002774 = 0.039274

Okay, so that's approximately 0.039274.

Now the second part: 0.27 * 0.0507

Let me calculate that. 0.27 * 0.05 = 0.0135, and 0.27 * 0.0007 = 0.000189. Adding those gives 0.0135 + 0.000189 = 0.013689. Wait, but actually 0.0507 is 0.05 + 0.0007? Wait no, 0.0507 is 0.05 + 0.0007? Wait, 0.0507 is 0.05 + 0.0007? No, that's not right. Wait, 0.05 is 0.05, and 0.0007 is 0.0007. So 0.05 + 0.0007 = 0.0507. So yes, splitting into 0.05 and 0.0007. So 0.27 * 0.05 = 0.0135, and 0.27 * 0.0007 = 0.000189. Adding them gives 0.0135 + 0.
---FINAL---
Final Answer: 0.0522"
Q4_K_M,sharpe_ratio_001,einfach,sharpe_ratio,C_fixed_budget1024,1024,0,212521714,False,0.303,0.3031,True,Final Answer: 0.303,1024,1031,18.895472700000028,0,"Okay, let me try to figure out how to calculate the Sharpe Ratio for this portfolio. So, the problem says the portfolio has an expected annual return of 10.40%, a standard deviation of 24.55%, and the risk-free rate is 2.96%. I need to find the Sharpe Ratio. 

First, I remember that the Sharpe Ratio is a measure of risk-adjusted return. It helps investors understand the return of an investment compared to its risk. The formula, if I recall correctly, is the difference between the portfolio's return and the risk-free rate, divided by the standard deviation of the portfolio's excess return. 

Let me write that down to be sure. The formula should be:

Sharpe Ratio = (Expected Return of Portfolio - Risk-Free Rate) / Standard Deviation of Portfolio Returns

So, plugging in the numbers given here. The expected return is 10.40%, the risk-free rate is 2.96%, and the standard deviation is 24.55%. 

Wait, I need to make sure all the percentages are in the same units. Since they are all annual figures, I don't need to convert anything. So, subtracting the risk-free rate from the portfolio's return first. Let me compute that.

10.40% minus 2.96% equals... let me do the subtraction. 10.40 minus 2.96. Let me calculate that. 10.40 minus 2 is 8.40, then minus 0.96 more would be 8.40 - 0.96 = 7.44. So that gives 7.44%. 

Then, divide that by the standard deviation, which is 24.55%. So the Sharpe Ratio would be 7.44 divided by 24.55. Let me compute that. 

Hmm, 7.44 divided by 24.55. Let me get a calculator for that. Wait, if I can't use a calculator, I can approximate. Let me think. 24.55 times 0.3 is 7.365. So 0.3 times 24.55 is 7.365. The numerator is 7.44, which is slightly higher than 7.365. So the Sharpe Ratio would be approximately 0.3 plus (7.44 - 7.365)/24.55. 

The difference between 7.44 and 7.365 is 0.075. So 0.075 divided by 24.55 is approximately 0.003057. So adding that to 0.3 gives approximately 0.303057. So roughly 0.303. 

But let me check if I did that correctly. Alternatively, maybe I should just do the division properly. Let me try to divide 7.44 by 24.55. 

Alternatively, converting them to decimal form. 7.44% is 0.0744 and 24.55% is 0.2455. So the Sharpe Ratio is 0.0744 / 0.2455. Let me compute that. 

Dividing 0.0744 by 0.2455. Let me multiply numerator and denominator by 1000 to eliminate decimals. That gives 74.4 / 245.5. Let me do that division. 

Well, 245.5 goes into 74.4 how many times? Since 245.5 is larger than 74.4, it's less than 1. Let me compute 74.4 divided by 245.5. 

Alternatively, maybe I can invert the denominator. 1/245.5 is approximately 0.004077. Multiply that by 74.4. Let me compute 74.4 * 0.004077. 

First, 70 * 0.004077 = 0.28539. Then 4.4 * 0.004077. Let's see, 4 * 0.004077 is 0.016308, and 0.4 * 0.004077 is 0.0016308. Adding those together: 0.016308 + 0.0016308",limit,eos,server,False,,,"Okay, let me try to figure out how to calculate the Sharpe Ratio for this portfolio. So, the problem says the portfolio has an expected annual return of 10.40%, a standard deviation of 24.55%, and the risk-free rate is 2.96%. I need to find the Sharpe Ratio. 

First, I remember that the Sharpe Ratio is a measure of risk-adjusted return. It helps investors understand the return of an investment compared to its risk. The formula, if I recall correctly, is the difference between the portfolio's return and the risk-free rate, divided by the standard deviation of the portfolio's excess return. 

Let me write that down to be sure. The formula should be:

Sharpe Ratio = (Expected Return of Portfolio - Risk-Free Rate) / Standard Deviation of Portfolio Returns

So, plugging in the numbers given here. The expected return is 10.40%, the risk-free rate is 2.96%, and the standard deviation is 24.55%. 

Wait, I need to make sure all the percentages are in the same units. Since they are all annual figures, I don't need to convert anything. So, subtracting the risk-free rate from the portfolio's return first. Let me compute that.

10.40% minus 2.96% equals... let me do the subtraction. 10.40 minus 2.96. Let me calculate that. 10.40 minus 2 is 8.40, then minus 0.96 more would be 8.40 - 0.96 = 7.44. So that gives 7.44%. 

Then, divide that by the standard deviation, which is 24.55%. So the Sharpe Ratio would be 7.44 divided by 24.55. Let me compute that. 

Hmm, 7.44 divided by 24.55. Let me get a calculator for that. Wait, if I can't use a calculator, I can approximate. Let me think. 24.55 times 0.3 is 7.365. So 0.3 times 24.55 is 7.365. The numerator is 7.44, which is slightly higher than 7.365. So the Sharpe Ratio would be approximately 0.3 plus (7.44 - 7.365)/24.55. 

The difference between 7.44 and 7.365 is 0.075. So 0.075 divided by 24.55 is approximately 0.003057. So adding that to 0.3 gives approximately 0.303057. So roughly 0.303. 

But let me check if I did that correctly. Alternatively, maybe I should just do the division properly. Let me try to divide 7.44 by 24.55. 

Alternatively, converting them to decimal form. 7.44% is 0.0744 and 24.55% is 0.2455. So the Sharpe Ratio is 0.0744 / 0.2455. Let me compute that. 

Dividing 0.0744 by 0.2455. Let me multiply numerator and denominator by 1000 to eliminate decimals. That gives 74.4 / 245.5. Let me do that division. 

Well, 245.5 goes into 74.4 how many times? Since 245.5 is larger than 74.4, it's less than 1. Let me compute 74.4 divided by 245.5. 

Alternatively, maybe I can invert the denominator. 1/245.5 is approximately 0.004077. Multiply that by 74.4. Let me compute 74.4 * 0.004077. 

First, 70 * 0.004077 = 0.28539. Then 4.4 * 0.004077. Let's see, 4 * 0.004077 is 0.016308, and 0.4 * 0.004077 is 0.0016308. Adding those together: 0.016308 + 0.0016308
---FINAL---
Final Answer: 0.303"
Q4_K_M,portfolio_return_002,einfach,portfolio_return,C_fixed_budget512,512,0,941925547,False,0.0523,0.053,False,Final Answer: 0.0523,512,520,9.496878100000686,0,"Okay, let's see. The investor has a portfolio divided between two assets, A and B. They put 73% in Asset A, which has an expected return of 5.38%, and 27% in Asset B with an expected return of 5.07%. I need to calculate the expected portfolio return as a decimal.

First, I remember that the expected return of a portfolio is the weighted average of the returns of the individual assets. The weights are the proportions of each asset in the portfolio. So, the formula should be something like: (Weight of A * Return of A) + (Weight of B * Return of B).

Wait, let me make sure. Yes, that's right. Each asset's contribution to the portfolio return is its weight multiplied by its expected return. Then you add those two contributions together.

So, converting the percentages to decimals first. The weights are 73% and 27%, which are 0.73 and 0.27 in decimal form. The returns are 5.38% and 5.07%, so converting those to decimals would be 0.0538 and 0.0507.

Now, multiplying each weight by their respective returns. Let me do that step by step.

First, 0.73 * 0.0538. Let me calculate that. Hmm, 0.73 times 0.05 is 0.0365, and 0.73 times 0.0038 is... Well, maybe it's easier to just multiply 0.73 * 0.0538 directly.

Alternatively, maybe I can compute 0.73 * 5.38% and 0.27 * 5.07%, then add them. Wait, but since the percentages are already converted, maybe it's better to just do the decimal multiplication.

Alternatively, perhaps I can do it in percentages first and then convert to decimal? Let me think. If I keep everything in percentages, then the weights are 73% and 27%, and returns are 5.38% and 5.07%. So the calculation would be:

(73% * 5.38%) + (27% * 5.07%). But then I have to convert that result to decimal. Wait, but that might be confusing.",limit,eos,server,False,,unklar_manuell_pruefen,"Okay, let's see. The investor has a portfolio divided between two assets, A and B. They put 73% in Asset A, which has an expected return of 5.38%, and 27% in Asset B with an expected return of 5.07%. I need to calculate the expected portfolio return as a decimal.

First, I remember that the expected return of a portfolio is the weighted average of the returns of the individual assets. The weights are the proportions of each asset in the portfolio. So, the formula should be something like: (Weight of A * Return of A) + (Weight of B * Return of B).

Wait, let me make sure. Yes, that's right. Each asset's contribution to the portfolio return is its weight multiplied by its expected return. Then you add those two contributions together.

So, converting the percentages to decimals first. The weights are 73% and 27%, which are 0.73 and 0.27 in decimal form. The returns are 5.38% and 5.07%, so converting those to decimals would be 0.0538 and 0.0507.

Now, multiplying each weight by their respective returns. Let me do that step by step.

First, 0.73 * 0.0538. Let me calculate that. Hmm, 0.73 times 0.05 is 0.0365, and 0.73 times 0.0038 is... Well, maybe it's easier to just multiply 0.73 * 0.0538 directly.

Alternatively, maybe I can compute 0.73 * 5.38% and 0.27 * 5.07%, then add them. Wait, but since the percentages are already converted, maybe it's better to just do the decimal multiplication.

Alternatively, perhaps I can do it in percentages first and then convert to decimal? Let me think. If I keep everything in percentages, then the weights are 73% and 27%, and returns are 5.38% and 5.07%. So the calculation would be:

(73% * 5.38%) + (27% * 5.07%). But then I have to convert that result to decimal. Wait, but that might be confusing.
---FINAL---
Final Answer: 0.0523"
Q4_K_M,portfolio_return_002,einfach,portfolio_return,D_generic_budget256,256,0,1681576244,False,0.0524,0.053,False,Final Answer: 0.0524,256,264,4.806235600000946,0,"Okay, let's see. The problem is about calculating the expected portfolio return based on the weights of two assets and their respective expected returns. The investor has allocated 73% to Asset A and 27% to Asset B. The expected returns for Asset A and B are 5.38% and 5.07% respectively. I need to find the expected portfolio return as a decimal.

First, I remember that the expected return of a portfolio is calculated by taking the weighted average of the returns of the individual assets. The weights are the proportions of each asset in the portfolio. So, the formula should be something like: Expected Portfolio Return = (Weight of A * Return of A) + (Weight of B * Return of B).

Let me confirm that. Yes, that's right. Each asset's contribution to the portfolio return is its weight multiplied by its expected return, and then you sum those contributions. 

Now, converting the percentages to decimals. The weights are 73% and 27%, so that's 0.73 and 0.27. The returns are 5.38% and 5.07%, which as decimals would be 0.0538 and 0",limit,eos,server,False,,unklar_manuell_pruefen,"Okay, let's see. The problem is about calculating the expected portfolio return based on the weights of two assets and their respective expected returns. The investor has allocated 73% to Asset A and 27% to Asset B. The expected returns for Asset A and B are 5.38% and 5.07% respectively. I need to find the expected portfolio return as a decimal.

First, I remember that the expected return of a portfolio is calculated by taking the weighted average of the returns of the individual assets. The weights are the proportions of each asset in the portfolio. So, the formula should be something like: Expected Portfolio Return = (Weight of A * Return of A) + (Weight of B * Return of B).

Let me confirm that. Yes, that's right. Each asset's contribution to the portfolio return is its weight multiplied by its expected return, and then you sum those contributions. 

Now, converting the percentages to decimals. The weights are 73% and 27%, so that's 0.73 and 0.27. The returns are 5.38% and 5.07%, which as decimals would be 0.0538 and 0
---FINAL---
Final Answer: 0.0524"
Q4_K_M,correlation_003,mittel,correlation,D_generic_budget256,256,0,689133170,False,-0.2999,-0.30907153054373127,False,Final Answer: -0.2999,256,264,4.806242599997859,0,"Okay, let's see. I need to calculate the correlation coefficient between Asset A and Asset B. Hmm, I remember that the correlation coefficient is related to covariance and the standard deviations of the two assets. Let me recall the formula.

I think the formula for the correlation coefficient (ρ) is covariance divided by the product of the standard deviations of the two assets. So, ρ = Cov(A,B) / (σ_A * σ_B). Let me check if that's right. Yes, covariance measures how the two assets move together, but it's in units that depend on the assets' variances. To make it a dimensionless number between -1 and 1, we divide by the product of their standard deviations.

Alright, so the covariance given is -0.003793. The standard deviation of Asset A is 8.57%, which I should convert to decimal form. Wait, percentages can be tricky. Let me make sure. If the standard deviation is 8.57%, that's 0.0857 in decimal. Similarly, Asset B's standard deviation is 14.32%, so that's 0.1432. 

Wait, but the covariance is given as -",limit,eos,server,False,,unklar_manuell_pruefen,"Okay, let's see. I need to calculate the correlation coefficient between Asset A and Asset B. Hmm, I remember that the correlation coefficient is related to covariance and the standard deviations of the two assets. Let me recall the formula.

I think the formula for the correlation coefficient (ρ) is covariance divided by the product of the standard deviations of the two assets. So, ρ = Cov(A,B) / (σ_A * σ_B). Let me check if that's right. Yes, covariance measures how the two assets move together, but it's in units that depend on the assets' variances. To make it a dimensionless number between -1 and 1, we divide by the product of their standard deviations.

Alright, so the covariance given is -0.003793. The standard deviation of Asset A is 8.57%, which I should convert to decimal form. Wait, percentages can be tricky. Let me make sure. If the standard deviation is 8.57%, that's 0.0857 in decimal. Similarly, Asset B's standard deviation is 14.32%, so that's 0.1432. 

Wait, but the covariance is given as -
---FINAL---
Final Answer: -0.2999"
Q4_K_M,sharpe_ratio_001,einfach,sharpe_ratio,E_financial_budget1024,1024,0,212521714,False,0.303,0.3031,True,Final Answer: 0.303,1024,1031,18.93880679999984,0,"Okay, let me try to figure out how to calculate the Sharpe Ratio for this portfolio. So, the problem says the portfolio has an expected annual return of 10.40%, a standard deviation of 24.55%, and the risk-free rate is 2.96%. I need to find the Sharpe Ratio. 

First, I remember that the Sharpe Ratio is a measure of risk-adjusted return. It helps investors understand the return of an investment compared to its risk. The formula, if I recall correctly, is the difference between the portfolio's return and the risk-free rate, divided by the standard deviation of the portfolio's excess return. 

Let me write that down to be sure. The formula should be:

Sharpe Ratio = (Expected Return of Portfolio - Risk-Free Rate) / Standard Deviation of Portfolio Returns

So, plugging in the numbers given here. The expected return is 10.40%, the risk-free rate is 2.96%, and the standard deviation is 24.55%. 

Wait, I need to make sure all the percentages are in the same units. Since they are all annual figures, I don't need to convert anything. So, subtracting the risk-free rate from the portfolio's return first. Let me compute that.

10.40% minus 2.96% equals... let me do the subtraction. 10.40 minus 2.96. Let me calculate that. 10.40 minus 2 is 8.40, then minus 0.96 more would be 8.40 - 0.96 = 7.44. So that gives 7.44%. 

Then, divide that by the standard deviation, which is 24.55%. So the Sharpe Ratio would be 7.44 divided by 24.55. Let me compute that. 

Hmm, 7.44 divided by 24.55. Let me get a calculator for that. Wait, if I can't use a calculator, I can approximate. Let me think. 24.55 times 0.3 is 7.365. So 0.3 times 24.55 is 7.365. The numerator is 7.44, which is slightly higher than 7.365. So the Sharpe Ratio would be approximately 0.3 plus (7.44 - 7.365)/24.55. 

The difference between 7.44 and 7.365 is 0.075. So 0.075 divided by 24.55 is approximately 0.003057. So adding that to 0.3 gives approximately 0.303057. So roughly 0.303. 

But let me check if I did that correctly. Alternatively, maybe I should just do the division properly. Let me try to divide 7.44 by 24.55. 

Alternatively, converting them to decimal form. 7.44% is 0.0744 and 24.55% is 0.2455. So the Sharpe Ratio is 0.0744 / 0.2455. Let me compute that. 

Dividing 0.0744 by 0.2455. Let me multiply numerator and denominator by 1000 to eliminate decimals. That gives 74.4 / 245.5. Let me do that division. 

Well, 245.5 goes into 74.4 how many times? Since 245.5 is larger than 74.4, it's less than 1. Let me compute 74.4 divided by 245.5. 

Alternatively, maybe I can invert the denominator. 1/245.5 is approximately 0.004077. Multiply that by 74.4. Let me compute 74.4 * 0.004077. 

First, 70 * 0.004077 = 0.28539. Then 4.4 * 0.004077. Let's see, 4 * 0.004077 is 0.016308, and 0.4 * 0.004077 is 0.0016308. Adding those together: 0.016308 + 0.0016308",limit,eos,server,False,,,"Okay, let me try to figure out how to calculate the Sharpe Ratio for this portfolio. So, the problem says the portfolio has an expected annual return of 10.40%, a standard deviation of 24.55%, and the risk-free rate is 2.96%. I need to find the Sharpe Ratio. 

First, I remember that the Sharpe Ratio is a measure of risk-adjusted return. It helps investors understand the return of an investment compared to its risk. The formula, if I recall correctly, is the difference between the portfolio's return and the risk-free rate, divided by the standard deviation of the portfolio's excess return. 

Let me write that down to be sure. The formula should be:

Sharpe Ratio = (Expected Return of Portfolio - Risk-Free Rate) / Standard Deviation of Portfolio Returns

So, plugging in the numbers given here. The expected return is 10.40%, the risk-free rate is 2.96%, and the standard deviation is 24.55%. 

Wait, I need to make sure all the percentages are in the same units. Since they are all annual figures, I don't need to convert anything. So, subtracting the risk-free rate from the portfolio's return first. Let me compute that.

10.40% minus 2.96% equals... let me do the subtraction. 10.40 minus 2.96. Let me calculate that. 10.40 minus 2 is 8.40, then minus 0.96 more would be 8.40 - 0.96 = 7.44. So that gives 7.44%. 

Then, divide that by the standard deviation, which is 24.55%. So the Sharpe Ratio would be 7.44 divided by 24.55. Let me compute that. 

Hmm, 7.44 divided by 24.55. Let me get a calculator for that. Wait, if I can't use a calculator, I can approximate. Let me think. 24.55 times 0.3 is 7.365. So 0.3 times 24.55 is 7.365. The numerator is 7.44, which is slightly higher than 7.365. So the Sharpe Ratio would be approximately 0.3 plus (7.44 - 7.365)/24.55. 

The difference between 7.44 and 7.365 is 0.075. So 0.075 divided by 24.55 is approximately 0.003057. So adding that to 0.3 gives approximately 0.303057. So roughly 0.303. 

But let me check if I did that correctly. Alternatively, maybe I should just do the division properly. Let me try to divide 7.44 by 24.55. 

Alternatively, converting them to decimal form. 7.44% is 0.0744 and 24.55% is 0.2455. So the Sharpe Ratio is 0.0744 / 0.2455. Let me compute that. 

Dividing 0.0744 by 0.2455. Let me multiply numerator and denominator by 1000 to eliminate decimals. That gives 74.4 / 245.5. Let me do that division. 

Well, 245.5 goes into 74.4 how many times? Since 245.5 is larger than 74.4, it's less than 1. Let me compute 74.4 divided by 245.5. 

Alternatively, maybe I can invert the denominator. 1/245.5 is approximately 0.004077. Multiply that by 74.4. Let me compute 74.4 * 0.004077. 

First, 70 * 0.004077 = 0.28539. Then 4.4 * 0.004077. Let's see, 4 * 0.004077 is 0.016308, and 0.4 * 0.004077 is 0.0016308. Adding those together: 0.016308 + 0.0016308
---FINAL---
Final Answer: 0.303"
Q4_K_M,sharpe_ratio_001,einfach,sharpe_ratio,E_financial_budget512,512,0,1371054473,False,0.3033,0.3031,True,Final Answer: 0.3033,512,520,9.48730329999944,0,"Okay, let me try to figure out how to calculate the Sharpe Ratio for this portfolio. Hmm, I remember the Sharpe Ratio is a measure of risk-adjusted return. It helps investors understand the return of an investment compared to its risk. The formula, if I recall correctly, is the difference between the portfolio's return and the risk-free rate, divided by the standard deviation of the portfolio's excess return. 

So, the given values are: expected annual return of 10.40%, standard deviation of 24.55%, and the risk-free rate is 2.96%. Let me write those down to keep track.

Portfolio return (Rp) = 10.40%
Risk-free rate (Rf) = 2.96%
Standard deviation (σp) = 24.55%

The Sharpe Ratio formula is (Rp - Rf) / σp. Right? So first, I need to subtract the risk-free rate from the portfolio's return. Let me do that calculation. 

10.40% minus 2.96%. Let me convert those percentages to decimals to make the calculation easier. 10.40% is 0.1040 and 2.96% is 0.0296. Subtracting them gives 0.1040 - 0.0296. Let me compute that. 

0.1040 minus 0.0296 equals... 0.0744. So that's 7.44% excess return. 

Now, I need to divide this by the standard deviation, which is 24.55%. Converting that to decimal, it's 0.2455. So the Sharpe Ratio would be 0.0744 divided by 0.2455. Let me do that division. 

Hmm, 0.0744 divided by 0.2455. Let me use a calculator for precision. Let me compute 0.0744 / 0.2455. 

First, maybe I can simplify the numbers. Let me multiply numerator and denominator by 1000 to eliminate decimals. That gives 74.4 / 245.5. Let me compute that. 

Alternatively, I can approximate. Let me think. 0.2",limit,eos,server,False,,,"Okay, let me try to figure out how to calculate the Sharpe Ratio for this portfolio. Hmm, I remember the Sharpe Ratio is a measure of risk-adjusted return. It helps investors understand the return of an investment compared to its risk. The formula, if I recall correctly, is the difference between the portfolio's return and the risk-free rate, divided by the standard deviation of the portfolio's excess return. 

So, the given values are: expected annual return of 10.40%, standard deviation of 24.55%, and the risk-free rate is 2.96%. Let me write those down to keep track.

Portfolio return (Rp) = 10.40%
Risk-free rate (Rf) = 2.96%
Standard deviation (σp) = 24.55%

The Sharpe Ratio formula is (Rp - Rf) / σp. Right? So first, I need to subtract the risk-free rate from the portfolio's return. Let me do that calculation. 

10.40% minus 2.96%. Let me convert those percentages to decimals to make the calculation easier. 10.40% is 0.1040 and 2.96% is 0.0296. Subtracting them gives 0.1040 - 0.0296. Let me compute that. 

0.1040 minus 0.0296 equals... 0.0744. So that's 7.44% excess return. 

Now, I need to divide this by the standard deviation, which is 24.55%. Converting that to decimal, it's 0.2455. So the Sharpe Ratio would be 0.0744 divided by 0.2455. Let me do that division. 

Hmm, 0.0744 divided by 0.2455. Let me use a calculator for precision. Let me compute 0.0744 / 0.2455. 

First, maybe I can simplify the numbers. Let me multiply numerator and denominator by 1000 to eliminate decimals. That gives 74.4 / 245.5. Let me compute that. 

Alternatively, I can approximate. Let me think. 0.2
---FINAL---
Final Answer: 0.3033"
Q4_K_M,correlation_003,mittel,correlation,B_free,,0,1999557335,False,-0.3091,-0.30907153054373127,True,"

To calculate the correlation coefficient between two assets, we use the formula:

$$
\rho_{AB} = \frac{\text{Cov}(A, B)}{\sigma_A \cdot \sigma_B}
$$

Where:
- $\text{Cov}(A, B)$ is the covariance between the two assets,
- $\sigma_A$ is the standard deviation of asset A,
- $\sigma_B$ is the standard deviation of asset B.

---

### Step 1: Convert Standard Deviations to Decimal Form

The given standard deviations are in percentages, so we convert them to decimals:

$$
\sigma_A = 8.57\% = 0.0857 \\
\sigma_B = 14.32\% = 0.1432
$$

---

### Step 2: Compute the Denominator

$$
\sigma_A \cdot \sigma_B = 0.0857 \times 0.1432 = 0.01227224
$$

---

### Step 3: Plug into the Correlation Formula

$$
\rho_{AB} = \frac{-0.003793}{0.01227224} \approx -0.30907
$$

---

### Step 4: Final Answer

Rounding to four decimal places:

$$
\text{Final Answer: } -0.3091
$$",8213,8526,172.40628470000047,0,"Okay, let's see. I need to calculate the correlation coefficient between Asset A and Asset B. Hmm, I remember that the correlation coefficient is related to covariance and the standard deviations of the two assets. Let me recall the formula.

I think the formula for the correlation coefficient (ρ) is the covariance of A and B divided by the product of their standard deviations. So, ρ = Cov(A,B) / (σ_A * σ_B). Right? Let me double-check that. Yes, that seems correct. The correlation coefficient is a measure of how the two assets move together relative to their individual volatilities.

Alright, so the covariance given here is -0.003793. The standard deviation of Asset A is 8.57%, and Asset B is 14.32%. Wait, but percentages... I need to make sure whether these standard deviations are in decimal form or as percentages. Because if they are given as percentages, I should convert them to decimals by dividing by 100. But actually, in financial calculations, when dealing with covariance and correlation, the standard deviations are usually in decimal form. Let me check the units.

Wait, the covariance is given as -0.003793. Let me think. If the standard deviations are in percentages, then converting them to decimals would be dividing by 100. For example, 8.57% is 0.0857. Similarly, 14.32% is 0.1432. But if the covariance is already in decimal terms, then maybe the standard deviations are in decimal. Wait, but covariance is calculated as the average of the product of deviations, so the units would be in squared decimals. But maybe the numbers here are already in decimal form.

Wait, actually, I think that the standard deviation is usually expressed as a decimal. For example, 8.57% would be 0.0857. Let me confirm. If you have a standard deviation of 8.57%, that's 0.0857 in decimal. So I need to convert those percentages to decimals. Let me write down the numbers:

σ_A = 8.57% = 0.0857

σ_B = 14.32% = 0.1432

Cov(A,B) = -0.003793

So, plugging into the formula:

ρ = Cov(A,B) / (σ_A * σ_B)

So that would be -0.003793 divided by (0.0857 * 0.1432). Let me compute the denominator first.

Calculating 0.0857 * 0.1432. Let me do that step by step. 0.0857 multiplied by 0.1432. Let me approximate this.

First, 0.08 * 0.14 = 0.0112, but since it's more precise, let me do the actual multiplication.

Alternatively, I can use a calculator approach here. Let me compute 0.0857 * 0.1432.

Let me write it out:

0.0857 * 0.1432

First, multiply 0.0857 by 0.1432. Let me convert them to fractions or use decimal multiplication.

Alternatively, think of 0.0857 as approximately 0.0857 and 0.1432 as approximately 0.1432.

Multiplying them:

0.0857 * 0.1432 ≈ ?

Let me compute 0.0857 * 0.1432.

First, multiply 0.0857 * 0.1 = 0.00857

Then 0.0857 * 0.04 = 0.003428

Then 0.0857 * 0.003 = 0.0002571

Then 0.0857 * 0.0002 = 0.00001714

Adding them all together:

0.00857 + 0.003428 = 0.011998

Plus 0.0002571 = 0.0122551

Plus 0.00001714 ≈ 0.01227224

Wait, but that seems like breaking down 0.1432 into 0.1 + 0.04 + 0.003 + 0.0002. Let me check if that's correct. Yes, 0.1 + 0.04 is 0.14, then +0.003 is 0.143, then +0.0002 is 0.1432. So that breakdown is correct.

So the total is approximately 0.01227224. Let me check with another method.

Alternatively, use a calculator-like approach:

Multiply 857 * 1432, then adjust the decimal places.

Wait, 0.0857 is 857 * 10^-4, and 0.1432 is 1432 * 10^-4. So multiplying them gives (857 * 1432) * 10^-8.

But calculating 857 * 1432... That might be tedious. Alternatively, perhaps I can use approximate values.

Alternatively, maybe I can use a calculator here. Wait, but since I need to do this manually, perhaps I can approximate.

Alternatively, use decimal multiplication:

Let me write 0.0857 * 0.1432.

Let me convert them to fractions:

But that might not be helpful. Alternatively, use the standard multiplication:

       0.0857
     × 0.1432
     -----------
Multiply 0.0857 by 0.1432.

Let me consider 0.0857 * 0.1432 = ?

Let me do 857 * 1432 first, then divide by 10^8 (since each number has 4 decimal places).

But 857 * 1432. Let me compute that.

First, 800 * 1432 = 1,145,600

Then 57 * 1432.

Compute 50*1432 = 71,600

7*1432 = 10,024

So total 71,600 + 10,024 = 81,624

Total 857 * 1432 = 1,145,600 + 81,624 = 1,227,224

So then, 0.0857 * 0.1432 = 1,227,224 * 10^-8 = 0.01227224.

So that matches my earlier calculation. So the denominator is approximately 0.01227224.

So then, the correlation coefficient ρ is -0.003793 divided by 0.01227224.

Let me compute that division.

So -0.003793 / 0.01227224 ≈ ?

Let me compute the absolute value first: 0.003793 / 0.01227224.

Let me approximate this division.

Let me write both numbers as decimals:

Numerator: 0.003793

Denominator: 0.01227224

So, dividing numerator by denominator.

Let me multiply numerator and denominator by 1,000,000 to eliminate decimals:

Numerator becomes 3793

Denominator becomes 12272.24

So 3793 / 12272.24 ≈ ?

Let me approximate this. Let me see how many times 12272.24 goes into 3793.

Well, since 12272.24 is about 12,272 and 3793 is about 3,793. So 12,272 goes into 3,793 about 0.3 times? Let me check.

Multiply 12,272.24 by 0.3: 3,681.672

Which is close to 3,793. So the difference is 3,793 - 3,681.672 = 111.328.

So that's approximately 0.3 + (111.328 / 12,272.24). Let me compute that fraction.

111.328 / 12,272.24 ≈ 0.00907.

So total is approximately 0.3 + 0.00907 ≈ 0.30907.

So approximately 0.309. Therefore, the absolute value is approximately 0.309, so the correlation coefficient is approximately -0.309.

Wait, but let me check with more precise calculation.

Alternatively, let me use decimal division.

Let me write 0.003793 divided by 0.01227224.

Let me adjust the decimal to make it easier. Let me multiply numerator and denominator by 10^6 to make them whole numbers.

Wait, numerator is 0.003793 = 3.793 x 10^-3

Denominator is 0.01227224 = 1.227224 x 10^-2

So dividing them gives (3.793 / 1.227224) x 10^(-3 + 2) = (3.793 / 1.227224) x 10^-1.

So compute 3.793 / 1.227224 first.

Let me compute that division. Let's approximate 3.793 ÷ 1.227224.

Let me note that 1.227224 * 3 = 3.681672

Subtract that from 3.793: 3.793 - 3.681672 = 0.111328.

So that's 3 + (0.111328 / 1.227224).

Compute 0.111328 / 1.227224 ≈ 0.0907.

So total is approximately 3.0907. Then multiply by 10^-1: 0.30907.

So approximately 0.309. So the correlation coefficient is approximately -0.309.

But let me check with more precise calculation. Maybe using a calculator-like approach.

Alternatively, let me use cross multiplication.

Let me take the original numbers:

Cov(A,B) = -0.003793

σ_A = 0.0857

σ_B = 0.1432

So ρ = -0.003793 / (0.0857 * 0.1432) = -0.003793 / 0.01227224 ≈ ?

Let me compute 0.003793 / 0.01227224.

Let me use decimal division:

Divide 0.003793 by 0.01227224.

Let me write this as 0.003793 ÷ 0.01227224.

Let me move the decimal to make the divisor a whole number. Multiply numerator and denominator by 10^6 to get rid of decimals:

Numerator: 0.003793 * 10^6 = 3793

Denominator: 0.01227224 * 10^6 = 12272.24

So now, 3793 ÷ 12272.24 ≈ ?

Let me compute this division.

Let me note that 12272.24 × 0.3 = 3681.672

Subtract that from 3793: 3793 - 3681.672 = 111.328

Now, 12272.24 × x = 111.328

So x = 111.328 / 12272.24 ≈ 0.00907

Therefore, total is 0.3 + 0.00907 ≈ 0.30907, so approximately 0.30907.

Thus, the correlation coefficient is approximately -0.30907.

Rounded to, say, four decimal places, it would be -0.3091. But let me check if there's a more precise way.

Alternatively, maybe I can use a calculator here. Wait, since this is a thought process, perhaps I can use more accurate steps.

Alternatively, let me use another approach. Let me use the exact numbers:

Cov(A,B) = -0.003793

σ_A * σ_B = 0.0857 * 0.1432 = 0.01227224

So ρ = -0.003793 / 0.01227224 ≈ ?

Let me do this division using more precise decimal steps.

Let me write it as:

-0.003793 / 0.01227224 ≈ ?

Let me convert both numbers to fractions over 1, but that might not be helpful. Alternatively, approximate decimal.

Let me consider that 0.01227224 * 0.3 = 0.003681672

Which is close to 0.003793.

The difference between 0.003793 and 0.003681672 is 0.000111328.

So how much more than 0.3 is needed?

Let me call the multiplier as 0.3 + x, where x is small.

So (0.3 + x) * 0.01227224 = 0.003793

We know that 0.3 * 0.01227224 = 0.003681672

So adding x * 0.01227224 = 0.000111328

Therefore, x = 0.000111328 / 0.01227224 ≈ 0.00907

So total multiplier is 0.3 + 0.00907 ≈ 0.30907

Thus, the correlation coefficient is approximately -0.30907.

So rounding to four decimal places, it would be -0.3091. However, depending on the required precision, maybe it's better to carry out more precise calculations.

Alternatively, perhaps I can use a calculator for precise calculation. Wait, but since I'm doing this manually, let me check if there's a better way.

Alternatively, let me use the exact value:

Let me compute 0.003793 divided by 0.01227224.

Let me write this as:

Dividend: 0.003793

Divisor: 0.01227224

Let me perform long division.

First, adjust the divisor to a whole number by multiplying numerator and denominator by 10^6, as before, giving 3793 / 12272.24.

Alternatively, let me approximate this as 3793 / 12272.24 ≈ ?

Let me note that 12272.24 × 0.3 = 3681.672

Difference between 3793 and 3681.672 is 111.328.

So now, we have 111.328 / 12272.24 ≈ ?

Dividing 111.328 by 12272.24:

Well, 12272.24 × 0.009 = 110.45016

Which is very close to 111.328.

So 0.009 would give 110.45016

Difference: 111.328 - 110.45016 = 0.87784

So now, 0.87784 / 12272.24 ≈ 0.0000715

So total is approximately 0.009 + 0.0000715 ≈ 0.0090715

Therefore, total multiplier is 0.3 + 0.0090715 ≈ 0.3090715, so approximately 0.30907.

Therefore, the correlation coefficient is approximately -0.30907.

So rounding to four decimal places, it would be -0.3091. But maybe we need more precise decimal places?

Alternatively, maybe the exact value is -0.3091.

But let me check with another method. Let me use the approximate decimal values.

Let me take the numerator: -0.003793

Denominator: 0.01227224

Let me approximate the denominator as 0.012272.

So compute -0.003793 / 0.012272.

Let me use approximate decimal division.

Let me write this as:

-0.003793 ÷ 0.012272 ≈ ?

Let me multiply numerator and denominator by 10^5 to eliminate decimals in the denominator:

Numerator becomes -0.003793 * 10^5 = -379.3

Denominator becomes 0.012272 * 10^5 = 1227.2

So now, it's -379.3 / 1227.2 ≈ ?

Let me compute this division.

Dividing 379.3 by 1227.2.

Well, 1227.2 goes into 379.3 approximately 0.309 times, since 1227.2 * 0.3 = 368.16, and 1227.2 * 0.309 = ?

Let me compute 1227.2 * 0.3 = 368.16

1227.2 * 0.009 = 11.0448

So total 368.16 + 11.0448 = 379.2048

Which is very close to 379.3. The difference is 379.3 - 379.2048 = 0.0952.

So, 0.0952 / 1227.2 ≈ 0.0000776.

So total multiplier is 0.3 + 0.009 + 0.0000776 ≈ 0.3090776.

Therefore, the value is approximately -0.3090776, which rounds to -0.3091.

Therefore, the correlation coefficient is approximately -0.3091.

But let me check if the exact calculation gives a slightly different value. Let me consider more precise steps.

Alternatively, perhaps I can use the exact numbers given. Let me use the exact covariance and standard deviations.

Wait, the covariance is given as -0.003793. Let me check if that's in decimal or percentage. If the standard deviations were in percentages, then converting them to decimals would be dividing by 100. But if the covariance is already in decimal terms, then maybe the standard deviations are in decimal. However, covariance is usually in squared decimal units. For example, if the standard deviations are in decimal, then covariance would be in decimal squared. But given that the covariance is -0.003793, which is a small number, it seems plausible.

But let me confirm with the calculation. Let me suppose that the standard deviations are in decimal form (i.e., 8.57% is 0.0857 and 14.32% is 0.1432). Then the calculation is as above.

Therefore, the correlation coefficient is approximately -0.3091.

But let me check with more precise calculation using the exact numbers.

Let me compute 0.0857 * 0.1432 = ?

As we did earlier, it's 0.01227224.

Then, -0.003793 divided by 0.01227224.

Let me compute this division using a calculator-like approach. Let me assume I can do this step-by-step.

Let me write 0.003793 divided by 0.01227224.

Let me approximate this as follows:

Let me consider that 0.003793 / 0.01227224 = ?

Let me write this as (3.793 × 10^-3) / (1.227224 × 10^-2) = (3.793 / 1.227224) × 10^(-3 + 2) = (3.793 / 1.227224) × 10^-1.

So compute 3.793 / 1.227224.

Let me perform this division.

Let me note that 1.227224 × 3 = 3.681672

Subtract that from 3.793: 3.793 - 3.681672 = 0.111328

Now, bring down zeros (assuming decimal division), so 0.111328 becomes 1.11328 × 10^-1.

Now, 1.227224 goes into 1.11328 approximately 0.9 times (since 1.227224 * 0.9 = 1.1045016).

Subtracting that from 1.11328: 1.11328 - 1.1045016 = 0.0087784.

Now, bring down another zero, making it 0.087784.

1.227224 goes into 0.087784 approximately 0.07 times (since 1.227224 * 0.07 = 0.08590568).

Subtracting that from 0.087784: 0.087784 - 0.08590568 = 0.00187832.

Bring down another zero, making it 0.0187832.

1.227224 goes into that approximately 0.015 times (since 1.227224 * 0.015 = 0.01840836).

Subtracting that gives 0.0187832 - 0.01840836 = 0.00037484.

So so far, we have 3 + 0.9 + 0.07 + 0.015 = 3.985, and the remainder is small.

So the total value is approximately 3.985 × 10^-1 = 0.3985? Wait, no. Wait, the initial division was 3.793 / 1.227224 ≈ 3.09?

Wait, I think I messed up the steps here. Let me clarify.

Wait, the initial division was 3.793 divided by 1.227224. We found that 1.227224 * 3 = 3.681672, which is subtracted from 3.793 to get 0.111328. Then, we are looking for how many times 1.227224 fits into 0.111328. That would be 0.111328 / 1.227224 ≈ 0.0907. So total is 3 + 0.0907 = 3.0907. Then multiplying by 10^-1 gives 0.30907, which is the same as before.

Therefore, the correlation coefficient is approximately -0.3091.

Therefore, rounding to four decimal places, it would be -0.3091. But maybe the exact value is slightly different. Let me check with another approach.

Alternatively, perhaps I can use the exact calculation with more precise decimals.

Let me use the exact numbers:

ρ = -0.003793 / (0.0857 * 0.1432)

First, calculate the denominator:

0.0857 * 0.1432 = ?

As we did earlier, it's 0.01227224.

So ρ = -0.003793 / 0.01227224 ≈ ?

Let me use decimal approximation:

Let me write this as:

ρ ≈ -0.003793 / 0.01227224 ≈ -0.3091

Therefore, the correlation coefficient is approximately -0.3091.

But to ensure accuracy, let me check with a calculator (pretending I have one here). If I compute 0.0857 * 0.1432 = 0.01227224.

Then, 0.003793 divided by 0.01227224 equals approximately 0.30907. So, -0.30907.

Rounded to four decimal places, that's -0.3091. However, sometimes correlation coefficients are reported to three decimal places, so maybe -0.309. But the question doesn't specify, so I should check if there's a more precise calculation.

Alternatively, perhaps the exact value is -0.3091. Let me verify with another method.

Alternatively, let me use fractions.

But that might not be practical. Alternatively, perhaps I can use the exact decimal values.

Let me take the numerator: -0.003793

Denominator: 0.01227224

Let me write this as:

-0.003793 / 0.01227224 = - (0.003793 / 0.01227224)

Let me multiply numerator and denominator by 1,000,000 to eliminate decimals:

Numerator: -0.003793 * 1,000,000 = -3793

Denominator: 0.01227224 * 1,000,000 = 12272.24

So now, it's -3793 / 12272.24 ≈ ?

Let me compute this division:

Let me divide 3793 by 12272.24.

Let me note that 12272.24 × 0.3 = 3681.672

Subtract from 3793: 3793 - 3681.672 = 111.328

Now, 12272.24 × x = 111.328

x = 111.328 / 12272.24 ≈ 0.00907

So total is 0.3 + 0.00907 = 0.30907

So ρ ≈ -0.30907, which is approximately -0.3091 when rounded to four decimal places.

Therefore, the correlation coefficient is approximately -0.3091.

But let me check if the exact value is slightly different due to more precise decimal places. For example, perhaps the exact value is -0.30907, which is -0.3091 when rounded to four decimal places.

Therefore, the final answer should be -0.3091. However, maybe the exact calculation gives a slightly different value. Let me check using more precise decimal places.

Let me compute 0.003793 / 0.01227224 using more precise steps.

Let me use the approximation that 0.003793 / 0.01227224 ≈ 0.30907.

But let me use a calculator-like approach:

Let me take the denominator 0.01227224 and multiply by 0.309 to see what I get:

0.01227224 * 0.309 = ?

First, 0.01227224 * 0.3 = 0.003681672

Then, 0.01227224 * 0.009 = 0.00011045016

Adding them together: 0.003681672 + 0.00011045016 = 0.00379212216

Which is very close to the numerator 0.003793. The difference is 0.003793 - 0.00379212216 = 0.00000087784.

So, to get a more accurate value, we can add a small amount to 0.309.

Let me call the multiplier as 0.309 + x, where x is small.

So, 0.01227224 * (0.309 + x) = 0.003793

We know that 0.01227224 * 0.309 = 0.00379212216

So, 0.00379212216 + 0.01227224 * x = 0.003793

Thus, 0.01227224 * x = 0.003793 - 0.00379212216 = 0.00000087784

Therefore, x = 0.00000087784 / 0.01227224 ≈ 0.0000715

Therefore, total multiplier is 0.309 + 0.0000715 ≈ 0.3090715

So, the exact value is approximately 0.3090715, which is approximately 0.30907. Therefore, the correlation coefficient is approximately -0.30907.

If we round to four decimal places, it would be -0.3091. If rounded to three decimal places, it would be -0.309.

But the question doesn't specify the number of decimal places. However, typically, correlation coefficients are reported to three or four decimal places. Given that the covariance and standard deviations are given to six decimal places (covariance is -0.003793, which is six decimal places?), Wait, let me check:

Wait, the covariance is given as -0.003793. That's six decimal places? Let me count: -0.003793 is -0.003793, which is six decimal places: the digits after the decimal are 0, 0, 3, 7, 9, 3. Wait, no, it's -0.003793. Let me write it as -0.003793. So the decimal places are:

First decimal: 0

Second: 0

Third: 3

Fourth: 7

Fifth: 9

Sixth: 3

Yes, six decimal places. The standard deviations are given as percentages: 8.57% and 14.32%, which are two decimal places. But when converted to decimals, they are 0.0857 (four decimal places) and 0.1432 (four decimal places). So the covariance is given to six decimal places, while the standard deviations are given to four decimal places.

In such cases, the precision of the final answer should be based on the least precise input. But since the question doesn't specify, I think providing the answer to four decimal places is reasonable.

Therefore, the correlation coefficient is approximately -0.3091.

But to ensure correctness, let me check with the exact calculation using all decimal points.

Let me use the exact value of the denominator: 0.0857 * 0.1432 = 0.01227224.

Let me compute 0.003793 / 0.01227224.

Let me use the calculator-like approximation:

Let me write this as 0.003793 ÷ 0.01227224 ≈ ?

Let me note that 0.01227224 × 0.3 = 0.003681672

As before, the difference between this and 0.003793 is 0.000111328.

Let me now compute how many times 0.01227224 fits into 0.000111328.

That is 0.000111328 / 0.01227224 ≈ 0.00907.

So adding that to 0.3 gives 0.30907.

Thus, the exact value is approximately -0.30907.

Rounded to four decimal places, it's -0.3091. Rounded to three decimal places, it's -0.309.

But since the question doesn't specify, I think providing it to four decimal places is acceptable.

Therefore, the correlation coefficient between A and B is approximately -0.3091.

Final Answer: -0.3091
",word,eos,retokenized,False,,,"Okay, let's see. I need to calculate the correlation coefficient between Asset A and Asset B. Hmm, I remember that the correlation coefficient is related to covariance and the standard deviations of the two assets. Let me recall the formula.

I think the formula for the correlation coefficient (ρ) is the covariance of A and B divided by the product of their standard deviations. So, ρ = Cov(A,B) / (σ_A * σ_B). Right? Let me double-check that. Yes, that seems correct. The correlation coefficient is a measure of how the two assets move together relative to their individual volatilities.

Alright, so the covariance given here is -0.003793. The standard deviation of Asset A is 8.57%, and Asset B is 14.32%. Wait, but percentages... I need to make sure whether these standard deviations are in decimal form or as percentages. Because if they are given as percentages, I should convert them to decimals by dividing by 100. But actually, in financial calculations, when dealing with covariance and correlation, the standard deviations are usually in decimal form. Let me check the units.

Wait, the covariance is given as -0.003793. Let me think. If the standard deviations are in percentages, then converting them to decimals would be dividing by 100. For example, 8.57% is 0.0857. Similarly, 14.32% is 0.1432. But if the covariance is already in decimal terms, then maybe the standard deviations are in decimal. Wait, but covariance is calculated as the average of the product of deviations, so the units would be in squared decimals. But maybe the numbers here are already in decimal form.

Wait, actually, I think that the standard deviation is usually expressed as a decimal. For example, 8.57% would be 0.0857. Let me confirm. If you have a standard deviation of 8.57%, that's 0.0857 in decimal. So I need to convert those percentages to decimals. Let me write down the numbers:

σ_A = 8.57% = 0.0857

σ_B = 14.32% = 0.1432

Cov(A,B) = -0.003793

So, plugging into the formula:

ρ = Cov(A,B) / (σ_A * σ_B)

So that would be -0.003793 divided by (0.0857 * 0.1432). Let me compute the denominator first.

Calculating 0.0857 * 0.1432. Let me do that step by step. 0.0857 multiplied by 0.1432. Let me approximate this.

First, 0.08 * 0.14 = 0.0112, but since it's more precise, let me do the actual multiplication.

Alternatively, I can use a calculator approach here. Let me compute 0.0857 * 0.1432.

Let me write it out:

0.0857 * 0.1432

First, multiply 0.0857 by 0.1432. Let me convert them to fractions or use decimal multiplication.

Alternatively, think of 0.0857 as approximately 0.0857 and 0.1432 as approximately 0.1432.

Multiplying them:

0.0857 * 0.1432 ≈ ?

Let me compute 0.0857 * 0.1432.

First, multiply 0.0857 * 0.1 = 0.00857

Then 0.0857 * 0.04 = 0.003428

Then 0.0857 * 0.003 = 0.0002571

Then 0.0857 * 0.0002 = 0.00001714

Adding them all together:

0.00857 + 0.003428 = 0.011998

Plus 0.0002571 = 0.0122551

Plus 0.00001714 ≈ 0.01227224

Wait, but that seems like breaking down 0.1432 into 0.1 + 0.04 + 0.003 + 0.0002. Let me check if that's correct. Yes, 0.1 + 0.04 is 0.14, then +0.003 is 0.143, then +0.0002 is 0.1432. So that breakdown is correct.

So the total is approximately 0.01227224. Let me check with another method.

Alternatively, use a calculator-like approach:

Multiply 857 * 1432, then adjust the decimal places.

Wait, 0.0857 is 857 * 10^-4, and 0.1432 is 1432 * 10^-4. So multiplying them gives (857 * 1432) * 10^-8.

But calculating 857 * 1432... That might be tedious. Alternatively, perhaps I can use approximate values.

Alternatively, maybe I can use a calculator here. Wait, but since I need to do this manually, perhaps I can approximate.

Alternatively, use decimal multiplication:

Let me write 0.0857 * 0.1432.

Let me convert them to fractions:

But that might not be helpful. Alternatively, use the standard multiplication:

       0.0857
     × 0.1432
     -----------
Multiply 0.0857 by 0.1432.

Let me consider 0.0857 * 0.1432 = ?

Let me do 857 * 1432 first, then divide by 10^8 (since each number has 4 decimal places).

But 857 * 1432. Let me compute that.

First, 800 * 1432 = 1,145,600

Then 57 * 1432.

Compute 50*1432 = 71,600

7*1432 = 10,024

So total 71,600 + 10,024 = 81,624

Total 857 * 1432 = 1,145,600 + 81,624 = 1,227,224

So then, 0.0857 * 0.1432 = 1,227,224 * 10^-8 = 0.01227224.

So that matches my earlier calculation. So the denominator is approximately 0.01227224.

So then, the correlation coefficient ρ is -0.003793 divided by 0.01227224.

Let me compute that division.

So -0.003793 / 0.01227224 ≈ ?

Let me compute the absolute value first: 0.003793 / 0.01227224.

Let me approximate this division.

Let me write both numbers as decimals:

Numerator: 0.003793

Denominator: 0.01227224

So, dividing numerator by denominator.

Let me multiply numerator and denominator by 1,000,000 to eliminate decimals:

Numerator becomes 3793

Denominator becomes 12272.24

So 3793 / 12272.24 ≈ ?

Let me approximate this. Let me see how many times 12272.24 goes into 3793.

Well, since 12272.24 is about 12,272 and 3793 is about 3,793. So 12,272 goes into 3,793 about 0.3 times? Let me check.

Multiply 12,272.24 by 0.3: 3,681.672

Which is close to 3,793. So the difference is 3,793 - 3,681.672 = 111.328.

So that's approximately 0.3 + (111.328 / 12,272.24). Let me compute that fraction.

111.328 / 12,272.24 ≈ 0.00907.

So total is approximately 0.3 + 0.00907 ≈ 0.30907.

So approximately 0.309. Therefore, the absolute value is approximately 0.309, so the correlation coefficient is approximately -0.309.

Wait, but let me check with more precise calculation.

Alternatively, let me use decimal division.

Let me write 0.003793 divided by 0.01227224.

Let me adjust the decimal to make it easier. Let me multiply numerator and denominator by 10^6 to make them whole numbers.

Wait, numerator is 0.003793 = 3.793 x 10^-3

Denominator is 0.01227224 = 1.227224 x 10^-2

So dividing them gives (3.793 / 1.227224) x 10^(-3 + 2) = (3.793 / 1.227224) x 10^-1.

So compute 3.793 / 1.227224 first.

Let me compute that division. Let's approximate 3.793 ÷ 1.227224.

Let me note that 1.227224 * 3 = 3.681672

Subtract that from 3.793: 3.793 - 3.681672 = 0.111328.

So that's 3 + (0.111328 / 1.227224).

Compute 0.111328 / 1.227224 ≈ 0.0907.

So total is approximately 3.0907. Then multiply by 10^-1: 0.30907.

So approximately 0.309. So the correlation coefficient is approximately -0.309.

But let me check with more precise calculation. Maybe using a calculator-like approach.

Alternatively, let me use cross multiplication.

Let me take the original numbers:

Cov(A,B) = -0.003793

σ_A = 0.0857

σ_B = 0.1432

So ρ = -0.003793 / (0.0857 * 0.1432) = -0.003793 / 0.01227224 ≈ ?

Let me compute 0.003793 / 0.01227224.

Let me use decimal division:

Divide 0.003793 by 0.01227224.

Let me write this as 0.003793 ÷ 0.01227224.

Let me move the decimal to make the divisor a whole number. Multiply numerator and denominator by 10^6 to get rid of decimals:

Numerator: 0.003793 * 10^6 = 3793

Denominator: 0.01227224 * 10^6 = 12272.24

So now, 3793 ÷ 12272.24 ≈ ?

Let me compute this division.

Let me note that 12272.24 × 0.3 = 3681.672

Subtract that from 3793: 3793 - 3681.672 = 111.328

Now, 12272.24 × x = 111.328

So x = 111.328 / 12272.24 ≈ 0.00907

Therefore, total is 0.3 + 0.00907 ≈ 0.30907, so approximately 0.30907.

Thus, the correlation coefficient is approximately -0.30907.

Rounded to, say, four decimal places, it would be -0.3091. But let me check if there's a more precise way.

Alternatively, maybe I can use a calculator here. Wait, since this is a thought process, perhaps I can use more accurate steps.

Alternatively, let me use another approach. Let me use the exact numbers:

Cov(A,B) = -0.003793

σ_A * σ_B = 0.0857 * 0.1432 = 0.01227224

So ρ = -0.003793 / 0.01227224 ≈ ?

Let me do this division using more precise decimal steps.

Let me write it as:

-0.003793 / 0.01227224 ≈ ?

Let me convert both numbers to fractions over 1, but that might not be helpful. Alternatively, approximate decimal.

Let me consider that 0.01227224 * 0.3 = 0.003681672

Which is close to 0.003793.

The difference between 0.003793 and 0.003681672 is 0.000111328.

So how much more than 0.3 is needed?

Let me call the multiplier as 0.3 + x, where x is small.

So (0.3 + x) * 0.01227224 = 0.003793

We know that 0.3 * 0.01227224 = 0.003681672

So adding x * 0.01227224 = 0.000111328

Therefore, x = 0.000111328 / 0.01227224 ≈ 0.00907

So total multiplier is 0.3 + 0.00907 ≈ 0.30907

Thus, the correlation coefficient is approximately -0.30907.

So rounding to four decimal places, it would be -0.3091. However, depending on the required precision, maybe it's better to carry out more precise calculations.

Alternatively, perhaps I can use a calculator for precise calculation. Wait, but since I'm doing this manually, let me check if there's a better way.

Alternatively, let me use the exact value:

Let me compute 0.003793 divided by 0.01227224.

Let me write this as:

Dividend: 0.003793

Divisor: 0.01227224

Let me perform long division.

First, adjust the divisor to a whole number by multiplying numerator and denominator by 10^6, as before, giving 3793 / 12272.24.

Alternatively, let me approximate this as 3793 / 12272.24 ≈ ?

Let me note that 12272.24 × 0.3 = 3681.672

Difference between 3793 and 3681.672 is 111.328.

So now, we have 111.328 / 12272.24 ≈ ?

Dividing 111.328 by 12272.24:

Well, 12272.24 × 0.009 = 110.45016

Which is very close to 111.328.

So 0.009 would give 110.45016

Difference: 111.328 - 110.45016 = 0.87784

So now, 0.87784 / 12272.24 ≈ 0.0000715

So total is approximately 0.009 + 0.0000715 ≈ 0.0090715

Therefore, total multiplier is 0.3 + 0.0090715 ≈ 0.3090715, so approximately 0.30907.

Therefore, the correlation coefficient is approximately -0.30907.

So rounding to four decimal places, it would be -0.3091. But maybe we need more precise decimal places?

Alternatively, maybe the exact value is -0.3091.

But let me check with another method. Let me use the approximate decimal values.

Let me take the numerator: -0.003793

Denominator: 0.01227224

Let me approximate the denominator as 0.012272.

So compute -0.003793 / 0.012272.

Let me use approximate decimal division.

Let me write this as:

-0.003793 ÷ 0.012272 ≈ ?

Let me multiply numerator and denominator by 10^5 to eliminate decimals in the denominator:

Numerator becomes -0.003793 * 10^5 = -379.3

Denominator becomes 0.012272 * 10^5 = 1227.2

So now, it's -379.3 / 1227.2 ≈ ?

Let me compute this division.

Dividing 379.3 by 1227.2.

Well, 1227.2 goes into 379.3 approximately 0.309 times, since 1227.2 * 0.3 = 368.16, and 1227.2 * 0.309 = ?

Let me compute 1227.2 * 0.3 = 368.16

1227.2 * 0.009 = 11.0448

So total 368.16 + 11.0448 = 379.2048

Which is very close to 379.3. The difference is 379.3 - 379.2048 = 0.0952.

So, 0.0952 / 1227.2 ≈ 0.0000776.

So total multiplier is 0.3 + 0.009 + 0.0000776 ≈ 0.3090776.

Therefore, the value is approximately -0.3090776, which rounds to -0.3091.

Therefore, the correlation coefficient is approximately -0.3091.

But let me check if the exact calculation gives a slightly different value. Let me consider more precise steps.

Alternatively, perhaps I can use the exact numbers given. Let me use the exact covariance and standard deviations.

Wait, the covariance is given as -0.003793. Let me check if that's in decimal or percentage. If the standard deviations were in percentages, then converting them to decimals would be dividing by 100. But if the covariance is already in decimal terms, then maybe the standard deviations are in decimal. However, covariance is usually in squared decimal units. For example, if the standard deviations are in decimal, then covariance would be in decimal squared. But given that the covariance is -0.003793, which is a small number, it seems plausible.

But let me confirm with the calculation. Let me suppose that the standard deviations are in decimal form (i.e., 8.57% is 0.0857 and 14.32% is 0.1432). Then the calculation is as above.

Therefore, the correlation coefficient is approximately -0.3091.

But let me check with more precise calculation using the exact numbers.

Let me compute 0.0857 * 0.1432 = ?

As we did earlier, it's 0.01227224.

Then, -0.003793 divided by 0.01227224.

Let me compute this division using a calculator-like approach. Let me assume I can do this step-by-step.

Let me write 0.003793 divided by 0.01227224.

Let me approximate this as follows:

Let me consider that 0.003793 / 0.01227224 = ?

Let me write this as (3.793 × 10^-3) / (1.227224 × 10^-2) = (3.793 / 1.227224) × 10^(-3 + 2) = (3.793 / 1.227224) × 10^-1.

So compute 3.793 / 1.227224.

Let me perform this division.

Let me note that 1.227224 × 3 = 3.681672

Subtract that from 3.793: 3.793 - 3.681672 = 0.111328

Now, bring down zeros (assuming decimal division), so 0.111328 becomes 1.11328 × 10^-1.

Now, 1.227224 goes into 1.11328 approximately 0.9 times (since 1.227224 * 0.9 = 1.1045016).

Subtracting that from 1.11328: 1.11328 - 1.1045016 = 0.0087784.

Now, bring down another zero, making it 0.087784.

1.227224 goes into 0.087784 approximately 0.07 times (since 1.227224 * 0.07 = 0.08590568).

Subtracting that from 0.087784: 0.087784 - 0.08590568 = 0.00187832.

Bring down another zero, making it 0.0187832.

1.227224 goes into that approximately 0.015 times (since 1.227224 * 0.015 = 0.01840836).

Subtracting that gives 0.0187832 - 0.01840836 = 0.00037484.

So so far, we have 3 + 0.9 + 0.07 + 0.015 = 3.985, and the remainder is small.

So the total value is approximately 3.985 × 10^-1 = 0.3985? Wait, no. Wait, the initial division was 3.793 / 1.227224 ≈ 3.09?

Wait, I think I messed up the steps here. Let me clarify.

Wait, the initial division was 3.793 divided by 1.227224. We found that 1.227224 * 3 = 3.681672, which is subtracted from 3.793 to get 0.111328. Then, we are looking for how many times 1.227224 fits into 0.111328. That would be 0.111328 / 1.227224 ≈ 0.0907. So total is 3 + 0.0907 = 3.0907. Then multiplying by 10^-1 gives 0.30907, which is the same as before.

Therefore, the correlation coefficient is approximately -0.3091.

Therefore, rounding to four decimal places, it would be -0.3091. But maybe the exact value is slightly different. Let me check with another approach.

Alternatively, perhaps I can use the exact calculation with more precise decimals.

Let me use the exact numbers:

ρ = -0.003793 / (0.0857 * 0.1432)

First, calculate the denominator:

0.0857 * 0.1432 = ?

As we did earlier, it's 0.01227224.

So ρ = -0.003793 / 0.01227224 ≈ ?

Let me use decimal approximation:

Let me write this as:

ρ ≈ -0.003793 / 0.01227224 ≈ -0.3091

Therefore, the correlation coefficient is approximately -0.3091.

But to ensure accuracy, let me check with a calculator (pretending I have one here). If I compute 0.0857 * 0.1432 = 0.01227224.

Then, 0.003793 divided by 0.01227224 equals approximately 0.30907. So, -0.30907.

Rounded to four decimal places, that's -0.3091. However, sometimes correlation coefficients are reported to three decimal places, so maybe -0.309. But the question doesn't specify, so I should check if there's a more precise calculation.

Alternatively, perhaps the exact value is -0.3091. Let me verify with another method.

Alternatively, let me use fractions.

But that might not be practical. Alternatively, perhaps I can use the exact decimal values.

Let me take the numerator: -0.003793

Denominator: 0.01227224

Let me write this as:

-0.003793 / 0.01227224 = - (0.003793 / 0.01227224)

Let me multiply numerator and denominator by 1,000,000 to eliminate decimals:

Numerator: -0.003793 * 1,000,000 = -3793

Denominator: 0.01227224 * 1,000,000 = 12272.24

So now, it's -3793 / 12272.24 ≈ ?

Let me compute this division:

Let me divide 3793 by 12272.24.

Let me note that 12272.24 × 0.3 = 3681.672

Subtract from 3793: 3793 - 3681.672 = 111.328

Now, 12272.24 × x = 111.328

x = 111.328 / 12272.24 ≈ 0.00907

So total is 0.3 + 0.00907 = 0.30907

So ρ ≈ -0.30907, which is approximately -0.3091 when rounded to four decimal places.

Therefore, the correlation coefficient is approximately -0.3091.

But let me check if the exact value is slightly different due to more precise decimal places. For example, perhaps the exact value is -0.30907, which is -0.3091 when rounded to four decimal places.

Therefore, the final answer should be -0.3091. However, maybe the exact calculation gives a slightly different value. Let me check using more precise decimal places.

Let me compute 0.003793 / 0.01227224 using more precise steps.

Let me use the approximation that 0.003793 / 0.01227224 ≈ 0.30907.

But let me use a calculator-like approach:

Let me take the denominator 0.01227224 and multiply by 0.309 to see what I get:

0.01227224 * 0.309 = ?

First, 0.01227224 * 0.3 = 0.003681672

Then, 0.01227224 * 0.009 = 0.00011045016

Adding them together: 0.003681672 + 0.00011045016 = 0.00379212216

Which is very close to the numerator 0.003793. The difference is 0.003793 - 0.00379212216 = 0.00000087784.

So, to get a more accurate value, we can add a small amount to 0.309.

Let me call the multiplier as 0.309 + x, where x is small.

So, 0.01227224 * (0.309 + x) = 0.003793

We know that 0.01227224 * 0.309 = 0.00379212216

So, 0.00379212216 + 0.01227224 * x = 0.003793

Thus, 0.01227224 * x = 0.003793 - 0.00379212216 = 0.00000087784

Therefore, x = 0.00000087784 / 0.01227224 ≈ 0.0000715

Therefore, total multiplier is 0.309 + 0.0000715 ≈ 0.3090715

So, the exact value is approximately 0.3090715, which is approximately 0.30907. Therefore, the correlation coefficient is approximately -0.30907.

If we round to four decimal places, it would be -0.3091. If rounded to three decimal places, it would be -0.309.

But the question doesn't specify the number of decimal places. However, typically, correlation coefficients are reported to three or four decimal places. Given that the covariance and standard deviations are given to six decimal places (covariance is -0.003793, which is six decimal places?), Wait, let me check:

Wait, the covariance is given as -0.003793. That's six decimal places? Let me count: -0.003793 is -0.003793, which is six decimal places: the digits after the decimal are 0, 0, 3, 7, 9, 3. Wait, no, it's -0.003793. Let me write it as -0.003793. So the decimal places are:

First decimal: 0

Second: 0

Third: 3

Fourth: 7

Fifth: 9

Sixth: 3

Yes, six decimal places. The standard deviations are given as percentages: 8.57% and 14.32%, which are two decimal places. But when converted to decimals, they are 0.0857 (four decimal places) and 0.1432 (four decimal places). So the covariance is given to six decimal places, while the standard deviations are given to four decimal places.

In such cases, the precision of the final answer should be based on the least precise input. But since the question doesn't specify, I think providing the answer to four decimal places is reasonable.

Therefore, the correlation coefficient is approximately -0.3091.

But to ensure correctness, let me check with the exact calculation using all decimal points.

Let me use the exact value of the denominator: 0.0857 * 0.1432 = 0.01227224.

Let me compute 0.003793 / 0.01227224.

Let me use the calculator-like approximation:

Let me write this as 0.003793 ÷ 0.01227224 ≈ ?

Let me note that 0.01227224 × 0.3 = 0.003681672

As before, the difference between this and 0.003793 is 0.000111328.

Let me now compute how many times 0.01227224 fits into 0.000111328.

That is 0.000111328 / 0.01227224 ≈ 0.00907.

So adding that to 0.3 gives 0.30907.

Thus, the exact value is approximately -0.30907.

Rounded to four decimal places, it's -0.3091. Rounded to three decimal places, it's -0.309.

But since the question doesn't specify, I think providing it to four decimal places is acceptable.

Therefore, the correlation coefficient between A and B is approximately -0.3091.

Final Answer: -0.3091

---FINAL---


To calculate the correlation coefficient between two assets, we use the formula:

$$
\rho_{AB} = \frac{\text{Cov}(A, B)}{\sigma_A \cdot \sigma_B}
$$

Where:
- $\text{Cov}(A, B)$ is the covariance between the two assets,
- $\sigma_A$ is the standard deviation of asset A,
- $\sigma_B$ is the standard deviation of asset B.

---

### Step 1: Convert Standard Deviations to Decimal Form

The given standard deviations are in percentages, so we convert them to decimals:

$$
\sigma_A = 8.57\% = 0.0857 \\
\sigma_B = 14.32\% = 0.1432
$$

---

### Step 2: Compute the Denominator

$$
\sigma_A \cdot \sigma_B = 0.0857 \times 0.1432 = 0.01227224
$$

---

### Step 3: Plug into the Correlation Formula

$$
\rho_{AB} = \frac{-0.003793}{0.01227224} \approx -0.30907
$$

---

### Step 4: Final Answer

Rounding to four decimal places:

$$
\text{Final Answer: } -0.3091
$$"
Q4_K_M,multi_step_sharpe_004,mehrstufig,multi_step_sharpe,F_adaptive,,0,819817219,False,1.59,1.5823780743321973,True,"Final Answer: 18.90

The annual return is calculated as (167.38 - 140.88) / 140.88 = 0.1890 (or 18.90%). The Sharpe Ratio is then (Annual Return - Risk-Free Rate) / Standard Deviation = (0.1890 - 0.0142) / 0.1099 ≈ 1.59. 

Final Answer: 1.59",512,627,11.50969289999739,1,"Okay, let's tackle this problem step by step. So, the question is about calculating the annual return of a stock and then the Sharpe Ratio. Let me recall what I know about these concepts.

First, the annual return. Since the stock price started at $140.88 and ended at $167.38, there are no dividends, so the return should be based purely on the price change. The formula for the annual return is (Ending Price - Beginning Price) / Beginning Price. Let me write that down:

Annual Return = (Ending Price - Beginning Price) / Beginning Price

Plugging in the numbers: (167.38 - 140.88) / 140.88. Let me calculate that. The numerator is 167.38 minus 140.88. Let me subtract those: 167.38 minus 140.88. Let me do that subtraction. 167.38 - 140.88 equals... 26.5? Wait, 140.88 + 26.5 is 167.38? Let me check again. 140.88 + 26 = 166.88, then plus 0.5 is 167.38. Yes, so the difference is 26.5. So then, 26.5 divided by 140.88. Let me compute that. 26.5 / 140.88. Let me approximate that. Let me divide 26.5 by 140.88. Let me use a calculator here. 26.5 divided by 140.88. Let me see, 140.88 times 0.188 is roughly 26.5? Wait, maybe better to do exact division. Let me compute 26.5 / 140.88. Let me convert that to decimal. Let me divide both numerator and denominator by something? Alternatively, approximate. Let me note that 140.88 is approximately 140. So 26.5 / 140 is approximately 0.189, which is 18.9%. But since the denominator is",limit,eos,server,False,wait,,"Okay, let's tackle this problem step by step. So, the question is about calculating the annual return of a stock and then the Sharpe Ratio. Let me recall what I know about these concepts.

First, the annual return. Since the stock price started at $140.88 and ended at $167.38, there are no dividends, so the return should be based purely on the price change. The formula for the annual return is (Ending Price - Beginning Price) / Beginning Price. Let me write that down:

Annual Return = (Ending Price - Beginning Price) / Beginning Price

Plugging in the numbers: (167.38 - 140.88) / 140.88. Let me calculate that. The numerator is 167.38 minus 140.88. Let me subtract those: 167.38 minus 140.88. Let me do that subtraction. 167.38 - 140.88 equals... 26.5? Wait, 140.88 + 26.5 is 167.38? Let me check again. 140.88 + 26 = 166.88, then plus 0.5 is 167.38. Yes, so the difference is 26.5. So then, 26.5 divided by 140.88. Let me compute that. 26.5 / 140.88. Let me approximate that. Let me divide 26.5 by 140.88. Let me use a calculator here. 26.5 divided by 140.88. Let me see, 140.88 times 0.188 is roughly 26.5? Wait, maybe better to do exact division. Let me compute 26.5 / 140.88. Let me convert that to decimal. Let me divide both numerator and denominator by something? Alternatively, approximate. Let me note that 140.88 is approximately 140. So 26.5 / 140 is approximately 0.189, which is 18.9%. But since the denominator is
---FINAL---
Final Answer: 18.90

The annual return is calculated as (167.38 - 140.88) / 140.88 = 0.1890 (or 18.90%). The Sharpe Ratio is then (Annual Return - Risk-Free Rate) / Standard Deviation = (0.1890 - 0.0142) / 0.1099 ≈ 1.59. 

Final Answer: 1.59"
Q4_K_M,portfolio_return_002,einfach,portfolio_return,E_financial_budget1024,1024,0,361705497,False,0.0523,0.053,False,Final Answer: 0.0523,1024,1032,18.94211759999962,0,"Okay, let's see. The investor has a portfolio with two assets, A and B. They allocated 73% to Asset A and 27% to Asset B. The expected returns for A and B are 5.38% and 5.07% respectively. I need to calculate the expected portfolio return as a decimal.

First, I remember that the expected return of a portfolio is the weighted average of the returns of the individual assets. The weights are the proportions of each asset in the portfolio. So, the formula should be: Expected Return = (Weight of A * Return of A) + (Weight of B * Return of B).

Let me convert the percentages to decimals first. The weights are 73% and 27%, so that's 0.73 and 0.27. The returns are 5.38% and 5.07%, which as decimals are 0.0538 and 0.0507.

Now plug those numbers into the formula. So, 0.73 multiplied by 0.0538 plus 0.27 multiplied by 0.0507. Let me calculate each part separately.

First part: 0.73 * 0.0538. Let me do that multiplication. Hmm, 0.73 times 0.05 is 0.0365, and 0.73 times 0.0038 is... Let me think. Alternatively, maybe I should just multiply them directly. 0.73 * 0.0538. Let me use a calculator approach here. 0.73 * 0.0538. Well, 0.7 * 0.0538 is 0.03766, and 0.03 * 0.0538 is 0.001614. Adding them together gives 0.03766 + 0.001614 = 0.039274. Wait, but that's if I split 0.73 into 0.7 and 0.03. Alternatively, maybe I should just do 0.73 * 5.38% but converted to decimal. Wait, maybe I should just do 0.73 * 0.0538. Let me compute that:

Multiply 0.73 by 0.0538:

First, 0.73 * 0.05 = 0.0365

Then 0.73 * 0.0038 = ?

Well, 0.73 * 0.003 = 0.00219

And 0.73 * 0.0008 = 0.000584

Adding those two gives 0.00219 + 0.000584 = 0.002774

So total for the first part is 0.0365 + 0.002774 = 0.039274

Okay, so that's approximately 0.039274.

Now the second part: 0.27 * 0.0507

Let me calculate that. 0.27 * 0.05 = 0.0135, and 0.27 * 0.0007 = 0.000189. Adding those gives 0.0135 + 0.000189 = 0.013689. Wait, but actually 0.0507 is 0.05 + 0.0007? Wait no, 0.0507 is 0.05 + 0.0007? Wait, 0.0507 is 0.05 + 0.0007? No, that's not right. Wait, 0.05 is 0.05, and 0.0007 is 0.0007. So 0.05 + 0.0007 = 0.0507. So yes, splitting into 0.05 and 0.0007. So 0.27 * 0.05 = 0.0135, and 0.27 * 0.0007 = 0.000189. Adding them gives 0.0135 + 0.",limit,eos,server,False,,unklar_manuell_pruefen,"Okay, let's see. The investor has a portfolio with two assets, A and B. They allocated 73% to Asset A and 27% to Asset B. The expected returns for A and B are 5.38% and 5.07% respectively. I need to calculate the expected portfolio return as a decimal.

First, I remember that the expected return of a portfolio is the weighted average of the returns of the individual assets. The weights are the proportions of each asset in the portfolio. So, the formula should be: Expected Return = (Weight of A * Return of A) + (Weight of B * Return of B).

Let me convert the percentages to decimals first. The weights are 73% and 27%, so that's 0.73 and 0.27. The returns are 5.38% and 5.07%, which as decimals are 0.0538 and 0.0507.

Now plug those numbers into the formula. So, 0.73 multiplied by 0.0538 plus 0.27 multiplied by 0.0507. Let me calculate each part separately.

First part: 0.73 * 0.0538. Let me do that multiplication. Hmm, 0.73 times 0.05 is 0.0365, and 0.73 times 0.0038 is... Let me think. Alternatively, maybe I should just multiply them directly. 0.73 * 0.0538. Let me use a calculator approach here. 0.73 * 0.0538. Well, 0.7 * 0.0538 is 0.03766, and 0.03 * 0.0538 is 0.001614. Adding them together gives 0.03766 + 0.001614 = 0.039274. Wait, but that's if I split 0.73 into 0.7 and 0.03. Alternatively, maybe I should just do 0.73 * 5.38% but converted to decimal. Wait, maybe I should just do 0.73 * 0.0538. Let me compute that:

Multiply 0.73 by 0.0538:

First, 0.73 * 0.05 = 0.0365

Then 0.73 * 0.0038 = ?

Well, 0.73 * 0.003 = 0.00219

And 0.73 * 0.0008 = 0.000584

Adding those two gives 0.00219 + 0.000584 = 0.002774

So total for the first part is 0.0365 + 0.002774 = 0.039274

Okay, so that's approximately 0.039274.

Now the second part: 0.27 * 0.0507

Let me calculate that. 0.27 * 0.05 = 0.0135, and 0.27 * 0.0007 = 0.000189. Adding those gives 0.0135 + 0.000189 = 0.013689. Wait, but actually 0.0507 is 0.05 + 0.0007? Wait no, 0.0507 is 0.05 + 0.0007? Wait, 0.0507 is 0.05 + 0.0007? No, that's not right. Wait, 0.05 is 0.05, and 0.0007 is 0.0007. So 0.05 + 0.0007 = 0.0507. So yes, splitting into 0.05 and 0.0007. So 0.27 * 0.05 = 0.0135, and 0.27 * 0.0007 = 0.000189. Adding them gives 0.0135 + 0.
---FINAL---
Final Answer: 0.0523"
Q4_K_M,correlation_003,mittel,correlation,F_adaptive,,0,1343670896,False,-0.3,-0.30907153054373127,False,Final Answer: -0.3000,512,520,9.532965100001093,1,"Okay, let's see. I need to calculate the correlation coefficient between Asset A and Asset B. Hmm, I remember that the correlation coefficient is related to covariance and the standard deviations of the two assets. Let me recall the formula.

I think the formula for the correlation coefficient (ρ) is the covariance of A and B divided by the product of their standard deviations. So, ρ = Cov(A,B) / (σ_A * σ_B). Right? Let me make sure. Yes, that sounds correct. The correlation coefficient is a measure of how the two assets move together relative to their individual volatilities.

Alright, so the covariance given is -0.003793. The standard deviation of Asset A is 8.57%, and Asset B is 14.32%. Wait, but percentages... do I need to convert them to decimals? Let me check. The covariance is usually in decimal terms, so if the standard deviations are given as percentages, I should convert them to decimal form by dividing by 100. But wait, maybe the covariance is already in decimal terms. Let me think.

If the standard deviations are 8.57% and 14.32%, that would be 0.0857 and 0.1432 in decimal. But the covariance is given as -0.003793. Let me check the units. The covariance is calculated as the product of the standard deviations and the correlation coefficient. So if the standard deviations are in decimals, then the covariance would be in decimal terms. Therefore, I can use the given numbers directly.

So, let me write down the values:

Cov(A,B) = -0.003793

σ_A = 8.57% = 0.0857

σ_B = 14.32% = 0.1432

Therefore, the correlation coefficient ρ = Cov(A,B) / (σ_A * σ_B)

Let me compute the denominator first: 0.0857 * 0.1432. Let me calculate that.

First, multiply 0.0857 by 0.1432. Let me do this step by step.

0.0857 * 0.1432. Let me approximate this.

Alternatively, I can use calculator steps:

0.0857 * ",limit,eos,server,False,hmm | wait,unklar_manuell_pruefen,"Okay, let's see. I need to calculate the correlation coefficient between Asset A and Asset B. Hmm, I remember that the correlation coefficient is related to covariance and the standard deviations of the two assets. Let me recall the formula.

I think the formula for the correlation coefficient (ρ) is the covariance of A and B divided by the product of their standard deviations. So, ρ = Cov(A,B) / (σ_A * σ_B). Right? Let me make sure. Yes, that sounds correct. The correlation coefficient is a measure of how the two assets move together relative to their individual volatilities.

Alright, so the covariance given is -0.003793. The standard deviation of Asset A is 8.57%, and Asset B is 14.32%. Wait, but percentages... do I need to convert them to decimals? Let me check. The covariance is usually in decimal terms, so if the standard deviations are given as percentages, I should convert them to decimal form by dividing by 100. But wait, maybe the covariance is already in decimal terms. Let me think.

If the standard deviations are 8.57% and 14.32%, that would be 0.0857 and 0.1432 in decimal. But the covariance is given as -0.003793. Let me check the units. The covariance is calculated as the product of the standard deviations and the correlation coefficient. So if the standard deviations are in decimals, then the covariance would be in decimal terms. Therefore, I can use the given numbers directly.

So, let me write down the values:

Cov(A,B) = -0.003793

σ_A = 8.57% = 0.0857

σ_B = 14.32% = 0.1432

Therefore, the correlation coefficient ρ = Cov(A,B) / (σ_A * σ_B)

Let me compute the denominator first: 0.0857 * 0.1432. Let me calculate that.

First, multiply 0.0857 by 0.1432. Let me do this step by step.

0.0857 * 0.1432. Let me approximate this.

Alternatively, I can use calculator steps:

0.0857 * 
---FINAL---
Final Answer: -0.3000"
Q4_K_M,portfolio_return_002,einfach,portfolio_return,B_free,,0,2002669934,False,0.053,0.053,True,"

To calculate the **expected portfolio return**, we use the weighted average of the returns of the individual assets based on their respective weights in the portfolio.

---

### **Step 1: Convert percentages to decimals**

- **Asset A return**: 5.38% → 0.0538
- **Asset B return**: 5.07% → 0.0507
- **Weight of Asset A**: 73% → 0.73
- **Weight of Asset B**: 27% → 0.27

---

### **Step 2: Apply the weighted average formula**

$$
\text{Expected Portfolio Return} = (0.73 \times 0.0538) + (0.27 \times 0.0507)
$$

---

### **Step 3: Perform the calculations**

- $0.73 \times 0.0538 = 0.039274$
- $0.27 \times 0.0507 = 0.013689$

$$
\text{Expected Portfolio Return} = 0.039274 + 0.013689 = 0.052963
$$

---

### **Step 4: Round the result**

Since the input values are given to **two decimal places as percentages**, we should round the final result to **four decimal places** to maintain precision.

$$
0.052963 \approx 0.0530
$$

---

### **Final Answer:**
$$
\boxed{0.0530}
$$",7179,7545,150.69481610000003,0,"Okay, let's see. The investor has a portfolio split between two assets, A and B. They allocated 73% to Asset A and 27% to Asset B. The expected returns for A and B are 5.38% and 5.07% respectively. I need to calculate the expected portfolio return as a decimal.

First, I remember that the expected return of a portfolio is the weighted average of the returns of the individual assets. The weights are the proportions of each asset in the portfolio. So, the formula should be something like: Expected Return = (Weight of A * Return of A) + (Weight of B * Return of B).

Wait, let me make sure. Yes, that's right. Each asset's contribution to the portfolio return is its weight multiplied by its expected return. Then you add them up. So, converting percentages to decimals first might be necessary here.

The weights are 73% and 27%. So converting those to decimals, that would be 0.73 and 0.27. The returns are 5.38% and 5.07%, which as decimals are 0.0538 and 0.0507. 

So plugging into the formula: (0.73 * 0.0538) + (0.27 * 0.0507). Let me calculate each part step by step.

First, 0.73 times 0.0538. Let me do that multiplication. Let me think, 0.73 * 0.05 is 0.0365, and 0.73 * 0.0038 is... Hmm, maybe it's easier to just multiply them directly. Alternatively, I can use a calculator approach here. Let me approximate:

0.73 * 0.0538. Let me compute 0.73 * 0.05 = 0.0365, 0.73 * 0.0038 = ?

Well 0.73 * 0.0038. Let's compute 0.73 * 0.003 = 0.00219, and 0.73 * 0.0008 = 0.000584. Adding those gives 0.00219 + 0.000584 = 0.002774. So total for 0.73 * 0.0538 is 0.0365 + 0.002774 = 0.039274.

Then the second part: 0.27 * 0.0507. Let me compute that. 0.27 * 0.05 = 0.0135, and 0.27 * 0.0007 = 0.000189. Adding those gives 0.0135 + 0.000189 = 0.013689.

Now adding the two parts together: 0.039274 + 0.013689 = 0.052963. So approximately 0.052963. Rounding to a reasonable decimal place, maybe four decimal places? The question says to present as a decimal, like 0.05 for 5%. So maybe they want it to four decimal places or maybe two? Let me check the original numbers.

The expected returns are given to two decimal places as percentages, so 5.38% and 5.07%. When converted to decimals, those are 0.0538 and 0.0507. So the calculation would be precise up to four decimal places. But perhaps we need to carry out the exact calculation without rounding intermediate steps.

Wait, maybe I should do the exact calculation. Let me recalculate the first part:

0.73 * 0.0538. Let's compute 73 * 538 first, then adjust for decimals. Wait, 73 * 538. Hmm, that might be tedious. Alternatively, maybe use decimal multiplication.

Alternatively, use calculator steps:

0.73 * 0.0538:

Multiply 0.73 by 0.0538:

First, 0.73 * 0.05 = 0.0365

Then 0.73 * 0.0038 = ?

Well, 0.73 * 0.003 = 0.00219

0.73 * 0.0008 = 0.000584

Adding those gives 0.00219 + 0.000584 = 0.002774

Total is 0.0365 + 0.002774 = 0.039274

Then 0.27 * 0.0507:

0.27 * 0.05 = 0.0135

0.27 * 0.0007 = 0.000189

Total is 0.0135 + 0.000189 = 0.013689

Adding both parts: 0.039274 + 0.013689 = 0.052963

So the expected portfolio return is 0.052963. If we convert that to a percentage, it's approximately 5.2963%, which would be 0.052963 as a decimal.

But the question says to present it as a decimal, like 0.05 for 5%. So perhaps we need to round to four decimal places? Let me check if the problem specifies. The original problem says ""as a decimal (e.g. 0.05 for 5%)"". So the example is 0.05 for 5%, which is two decimal places. However, the given returns are 5.38% and 5.07%, which are two decimal places in percentage terms, so three decimal places in decimal form (since 5.38% is 0.0538). Therefore, the answer should probably be given to four decimal places. However, maybe the answer expects rounding to two decimal places? Let me think.

Alternatively, perhaps the exact value is needed. Let me check if there's a simpler way. Let me compute the exact value.

Alternatively, maybe I can use fractions. But that might complicate. Let me check with exact decimal multiplication.

Alternatively, perhaps I should use more precise calculation steps.

Alternatively, maybe I can use the formula:

Expected Return = (0.73 * 5.38%) + (0.27 * 5.07%)

But converting percentages to decimals:

5.38% = 0.0538, 5.07% = 0.0507.

So 0.73 * 0.0538 = ?

Let me compute 0.0538 * 0.73:

Let me write 0.0538 * 0.73:

Multiply 538 * 73 first, then adjust decimal places.

538 * 70 = 37,660

538 * 3 = 1,614

Total is 37,660 + 1,614 = 39,274

Now, since 0.0538 has four decimal places and 0.73 has two decimal places, total decimal places is 4 + 2 = 6. So 39,274 divided by 10^6 is 0.039274.

Similarly, 0.0507 * 0.27:

0.0507 * 0.27 = ?

507 * 27 = ?

500*27=13,500; 7*27=189 → total 13,500 + 189 = 13,689

Decimal places: 0.0507 has four decimal places, 0.27 has two decimal places, total six decimal places. So 13,689 / 1,000,000 = 0.013689.

Adding 0.039274 + 0.013689 = 0.052963.

So the exact value is 0.052963. Now, the question says to present as a decimal. Since the example is 0.05 for 5%, which is two decimal places, but the given returns are in two decimal places as percentages (5.38% and 5.07%), which would translate to four decimal places in decimal form (0.0538 and 0.0507). Therefore, the answer should probably be given to four decimal places. However, maybe the answer is expected to be rounded to two or three decimal places. Let me check if the problem has any specific instructions. The problem says ""as a decimal (e.g. 0.05 for 5%)"". The example is two decimal places, but the given data has more precision. In finance, usually, returns are often presented to two decimal places, but since the inputs are given to two decimal places in percentage terms (like 5.38%, which is two decimal places), converting to decimal would be four decimal places. However, the problem might expect rounding to two decimal places. But since the question doesn't specify, perhaps we need to present the exact value. However, given that the answer should be in a box and likely expects a specific number, maybe we need to check if there's a calculation mistake.

Alternatively, maybe I can compute it using another method. Let me try:

Portfolio return = (Weight A * Return A) + (Weight B * Return B)

So 73% of 5.38% plus 27% of 5.07%. Let me compute each term.

First term: 73% * 5.38% = ?

Convert percentages to decimals: 0.73 * 0.0538 = ?

As before, that's 0.039274.

Second term: 0.27 * 0.0507 = 0.013689.

Total is 0.039274 + 0.013689 = 0.052963.

So the exact value is 0.052963. Now, if we convert this to a percentage, it's 5.2963%. If the question wants the answer as a decimal, then 0.052963. But maybe it's rounded to four decimal places, which would be 0.0530? Or to three decimal places as 0.053? Let me check the exact value.

Wait, 0.052963 is approximately 0.0530 when rounded to four decimal places. Wait, 0.052963 is 0.052963. The fourth decimal place is 9, and the next digit is 6, so rounding up the fourth decimal place would be 0.0530. But if we are to present it as a decimal, maybe the answer expects more precise decimal places. However, since the problem gives the expected returns as two decimal places in percentage terms, perhaps the answer should be presented with four decimal places. But the example given is 0.05 for 5%, which is two decimal places. Maybe the answer should be rounded to two decimal places. Let me compute 0.052963 as a decimal. That's approximately 0.0530, which is 5.30% as a percentage. If rounded to two decimal places, it would be 0.05 (5.00%)? No, wait, 0.052963 is approximately 0.0530, which is 5.30%, so as a decimal, that would be 0.0530. But maybe the problem expects more precise answer. 

Alternatively, perhaps the answer is 0.0530. But I need to check if the calculation is correct. Let me verify once again:

0.73 * 0.0538 = ?

Let me compute 0.73 * 0.0538:

First, 0.7 * 0.0538 = 0.03766

Then 0.03 * 0.0538 = 0.001614

Adding them together: 0.03766 + 0.001614 = 0.039274. Correct.

Then 0.27 * 0.0507:

0.2 * 0.0507 = 0.01014

0.07 * 0.0507 = 0.003549

Adding them: 0.01014 + 0.003549 = 0.013689. Correct.

Total: 0.039274 + 0.013689 = 0.052963. Correct.

So the exact value is 0.052963. If the question expects the answer to four decimal places, it would be 0.0530. However, if they want more precision, it's 0.052963. But given that the original data is in two decimal places as percentages, which is four decimal places in decimal form, perhaps the answer should be 0.0530. Alternatively, maybe the answer is to be given to four decimal places. Let me check the problem statement again. The problem says ""Calculate the expected portfolio return as a decimal (e.g. 0.05 for 5%)."" So the example is 0.05 for 5%, which is two decimal places. However, the given returns are 5.38% and 5.07%, which are two decimal places in percentage terms, so four decimal places in decimal. So the answer should be 0.052963, but perhaps the answer is expected to be rounded to four decimal places. Let me check with the exact calculation. 

If we take 0.052963 and round to four decimal places, the fourth decimal is 9, and the next digit is 6, which is more than 5, so we round up the fourth decimal. But 0.052963 is 0.0529 (fourth decimal is 9) and then 6. Wait, the number is 0.052963. Let me write it out:

0.052963 = 0.0529 (first four decimals) with the fifth decimal being 6. So rounding to four decimals would be 0.0530. Because the fourth decimal is 9, and adding 0.0001 would make it 0.0530. But actually, the number is 0.052963. Breaking it down:

- 0.0529 is up to four decimals, but the fifth is 6. So when rounding to four decimal places, you look at the fifth decimal. So 0.052963 rounded to four decimals is 0.0530. Because the fourth decimal is 9, and adding 0.00006 would make it 0.052963 → 0.0530 when rounded to four decimal places. Wait, no. Let me think:

The number is 0.052963. Let's count the decimals:

- 0.052963

Position 1: 0

Position 2: 5

Position 3: 2

Position 4: 9

Position 5: 6

Position 6: 3

So when rounding to four decimal places, we look at the fifth decimal, which is 6. Since 6 is greater than 5, we round up the fourth decimal. The fourth decimal is 9, so rounding up 9 by 1 would make it 10, which would carry over. So 0.0529 becomes 0.0530 when rounded to four decimal places. Therefore, the answer is 0.0530.

But if the problem expects more precise answer, maybe they want the exact value. However, since the example given is 0.05 for 5%, which is two decimal places, but the answer is likely expected to be more precise. In finance, usually, returns are often presented to two decimal places, but given that the inputs are more precise, perhaps the answer should be given to four decimal places. However, without specific instructions, it's ambiguous. 

Alternatively, maybe the answer is simply 0.0530. Let me check with another approach. Let me compute the exact value using fractions.

Alternatively, perhaps I can use decimal multiplication with more precision. Let me try:

0.73 * 0.0538 = ?

Let me compute 0.73 * 0.0538:

First, 0.73 * 0.05 = 0.0365

0.73 * 0.0038 = ?

Let me compute 0.73 * 0.0038:

0.73 * 0.003 = 0.00219

0.73 * 0.0008 = 0.000584

Adding those gives 0.00219 + 0.000584 = 0.002774

So total for 0.73 * 0.0538 is 0.0365 + 0.002774 = 0.039274

Then 0.27 * 0.0507 = ?

0.27 * 0.05 = 0.0135

0.27 * 0.0007 = 0.000189

Total: 0.0135 + 0.000189 = 0.013689

Adding the two parts: 0.039274 + 0.013689 = 0.052963. So the exact value is 0.052963. 

Since the question says to provide the answer as a decimal, and the example is 0.05 for 5%, which is two decimal places, but the calculation gives 0.052963, which is approximately 0.0530 when rounded to four decimal places. However, if the answer is to be given with more precision, it's 0.052963. But since the problem doesn't specify the number of decimal places, I think the safest is to present the exact value, which is 0.052963. However, in many cases, financial calculations are rounded to four decimal places. But I need to check if there's a standard practice here. 

Alternatively, perhaps the answer is expected to be in four decimal places, so 0.0530. But maybe the problem expects more precise answer. Let me think again. The original returns are given as 5.38% and 5.07%, which are two decimal places in percentage terms, so four decimal places in decimal form. Therefore, the answer should be given to four decimal places. Hence, 0.052963 rounds to 0.0530. However, if the question wants the exact value without rounding, it's 0.052963. 

But the problem says ""as a decimal (e.g. 0.05 for 5%)"". The example is two decimal places, but the calculation requires more precision. Maybe the answer is simply to compute it as 0.052963 and present it with four decimal places. However, since the user might expect the answer to be in a specific format, and given that the inputs are precise, I think it's better to present the exact value. But the problem might have a specific expected answer. Let me check if there's a calculation mistake. 

Wait, let me do the calculation again using another method. Let me convert the percentages to decimals first:

Asset A: 5.38% = 0.0538

Asset B: 5.07% = 0.0507

Weights: 73% = 0.73, 27% = 0.27

Portfolio return = (0.73 * 0.0538) + (0.27 * 0.0507) = ?

Let me compute each term:

First term: 0.73 * 0.0538

Let me compute 0.73 * 0.0538:

Multiply 73 * 538 = 39,274 (as before), then divide by 10^6 (since 0.73 is 73/100 and 0.0538 is 538/10000, so total denominator is 100*10000 = 1,000,000). So 39,274 / 1,000,000 = 0.039274

Second term: 0.27 * 0.0507 = 27 * 507 / 1,000,000 = 13,689 / 1,000,000 = 0.013689

Adding them gives 0.039274 + 0.013689 = 0.052963

So the exact value is 0.052963. Therefore, if the question allows four decimal places, the answer is 0.0530. But if they want more precision, it's 0.052963. However, since the example is 0.05 (which is two decimal places), but the problem might expect more precise answer. 

Alternatively, maybe the answer is supposed to be 0.0530. Let me check with the exact calculation. 

If I use a calculator to compute 0.73 * 0.0538 + 0.27 * 0.0507:

First, 0.73 * 0.0538 = 0.73 * 0.0538. Let me use a calculator step:

0.73 * 0.0538 = 0.039274

0.27 * 0.0507 = 0.013689

Adding them: 0.039274 + 0.013689 = 0.052963. 

Yes, so the exact value is 0.052963. Now, if the answer is to be presented as a decimal, like the example, maybe they expect rounding to two decimal places, which would be 0.05. But that seems too rough. Alternatively, the answer could be 0.0530. 

However, given that the problem provides returns with two decimal places as percentages, and the weights are given as percentages (73% and 27%), it's likely that the answer should be computed precisely and presented with four decimal places. Therefore, 0.052963 is the exact value. But since the user might expect rounding, and in many cases, financial returns are presented to two or four decimal places, but without specific instructions, I think it's safer to present the exact value. However, since the example shows 0.05 for 5%, which is two decimal places, but the calculation requires more precision, perhaps the answer should be given to four decimal places. 

But the problem says ""as a decimal (e.g. 0.05 for 5%)"". The example is two decimal places, but the calculation here requires more. Maybe the answer is expected to be in four decimal places. Let me check with the exact value 0.052963. If I round this to four decimal places, it's 0.0530. If I round to three decimal places, it's 0.053. If I round to two decimal places, it's 0.05. 

But given that the inputs are precise to two decimal places in percentage terms, it's better to provide the answer to four decimal places. Therefore, the answer is 0.0530. However, I should check if the exact value is required. 

Alternatively, maybe the answer is simply 0.0530. But I need to make sure. 

Alternatively, perhaps the answer is expected to be in two decimal places. If I round 0.052963 to two decimal places, it would be 0.05 (since the third decimal is 2, which is less than 5). Wait, no. Wait, 0.052963 is 0.05 (two decimal places) when rounded to two decimal places? No, wait, 0.052963 is approximately 0.0530 when rounded to three decimal places. To two decimal places, it's 0.05 because the third decimal is 2 (0.052...), which is less than 5. Wait, no. Let me clarify:

The value is 0.052963.

To round to two decimal places, look at the third decimal place. The third decimal is 2 (0.052...). Since 2 is less than 5, we round down, so it becomes 0.05. But this seems incorrect because 0.052963 is closer to 0.05 than to 0.06? No, 0.052963 is closer to 0.05 than to 0.06? Wait, no. Wait, 0.052963 is 5.2963%, which is between 5.2% and 5.3%. When rounding to two decimal places, it would be 0.05 (5.00%)? No, that doesn't make sense. Wait, no, 0.052963 is 0.05 when rounded to two decimal places? No, wait, the first decimal place is 0, the second is 5, the third is 2. So, when rounding to two decimal places, we look at the third decimal place, which is 2. Since it's less than 5, we keep the second decimal as is. So 0.052963 rounded to two decimal places is 0.05. But that would mean 5.00%, which is not accurate. But that seems incorrect. Wait, no, because 0.05 is 5.00%, but 0.052963 is 5.2963%, which is 5.30% when rounded to one decimal place. Wait, perhaps there's confusion here. 

Let me clarify: 

- The number is 0.052963.

- If we want to round to two decimal places, it's 0.05 (because the third decimal is 2, so we keep the second decimal as 5).

But that would be 0.05, which is 5.00%, but the actual value is 5.2963%. This seems like a problem. Wait, no. Wait, the number is 0.052963. Let me express it in percentage terms: 5.2963%. To round to two decimal places as a percentage, it would be 5.30%. As a decimal, that would be 0.0530. 

Ah, I see. The confusion arises because the example is given as 0.05 for 5%, which is two decimal places in decimal form. But when you have 5.2963%, converting to decimal is 0.052963. If we want to present it as a decimal with two decimal places, it would be 0.05. But that's not accurate. However, if we present it with four decimal places, it's 0.0530. 

But the problem says ""as a decimal (e.g. 0.05 for 5%)"". The example is 0.05 for 5%, which is two decimal places. But the actual calculation here is 0.052963, which is approximately 0.0530. So if the question expects two decimal places, it would be 0.05, but that's not correct. However, the example might be illustrative, not necessarily indicating the required precision. 

In finance, it's common to present returns to two decimal places in percentage terms. So 5.30% would be 0.0530 as a decimal. But since the original returns are given to two decimal places in percentage terms, the expected portfolio return should also be to two decimal places. Let me recalculate by rounding each step. 

Wait, perhaps the answer should be computed with the given precision. Let me do that:

Asset A return: 5.38% (two decimal places)

Asset B return: 5.07% (two decimal places)

Weights: 73% and 27% (exact percentages, but converted to decimals as 0.73 and 0.27, which are exact).

Portfolio return = (0.73 * 5.38%) + (0.27 * 5.07%) 

Let me calculate each term with two decimal places precision:

First, 0.73 * 5.38% = 0.73 * 5.38 = 3.9274% 

Wait, but that's in percentage terms. Wait, no. Let me clarify. 

If I calculate 0.73 * 5.38% = 0.73 * 5.38 = 3.9274% 

Similarly, 0.27 * 5.07% = 1.3689% 

Adding them: 3.9274% + 1.3689% = 5.2963% 

So the portfolio return is 5.2963%, which as a decimal is 0.052963. 

Now, if we round this to two decimal places as a percentage, it would be 5.30%, which is 0.0530 as a decimal. 

Therefore, the answer should be 0.0530. 

Thus, the expected portfolio return is 0.0530 when rounded to four decimal places, which corresponds to 5.30% as a percentage. 

Given that, I think the answer is 0.0530. 

But to confirm, let me check with the exact calculation. If the question allows four decimal places, then 0.052963 is approximately 0.0530. 

Therefore, the final answer is 0.0530. 

But to ensure, let me check if any calculation mistake occurred. 

Yes, all steps seem correct. So the answer is 0.0530. 

Final Answer: 0.0530
",word,eos,retokenized,False,,,"Okay, let's see. The investor has a portfolio split between two assets, A and B. They allocated 73% to Asset A and 27% to Asset B. The expected returns for A and B are 5.38% and 5.07% respectively. I need to calculate the expected portfolio return as a decimal.

First, I remember that the expected return of a portfolio is the weighted average of the returns of the individual assets. The weights are the proportions of each asset in the portfolio. So, the formula should be something like: Expected Return = (Weight of A * Return of A) + (Weight of B * Return of B).

Wait, let me make sure. Yes, that's right. Each asset's contribution to the portfolio return is its weight multiplied by its expected return. Then you add them up. So, converting percentages to decimals first might be necessary here.

The weights are 73% and 27%. So converting those to decimals, that would be 0.73 and 0.27. The returns are 5.38% and 5.07%, which as decimals are 0.0538 and 0.0507. 

So plugging into the formula: (0.73 * 0.0538) + (0.27 * 0.0507). Let me calculate each part step by step.

First, 0.73 times 0.0538. Let me do that multiplication. Let me think, 0.73 * 0.05 is 0.0365, and 0.73 * 0.0038 is... Hmm, maybe it's easier to just multiply them directly. Alternatively, I can use a calculator approach here. Let me approximate:

0.73 * 0.0538. Let me compute 0.73 * 0.05 = 0.0365, 0.73 * 0.0038 = ?

Well 0.73 * 0.0038. Let's compute 0.73 * 0.003 = 0.00219, and 0.73 * 0.0008 = 0.000584. Adding those gives 0.00219 + 0.000584 = 0.002774. So total for 0.73 * 0.0538 is 0.0365 + 0.002774 = 0.039274.

Then the second part: 0.27 * 0.0507. Let me compute that. 0.27 * 0.05 = 0.0135, and 0.27 * 0.0007 = 0.000189. Adding those gives 0.0135 + 0.000189 = 0.013689.

Now adding the two parts together: 0.039274 + 0.013689 = 0.052963. So approximately 0.052963. Rounding to a reasonable decimal place, maybe four decimal places? The question says to present as a decimal, like 0.05 for 5%. So maybe they want it to four decimal places or maybe two? Let me check the original numbers.

The expected returns are given to two decimal places as percentages, so 5.38% and 5.07%. When converted to decimals, those are 0.0538 and 0.0507. So the calculation would be precise up to four decimal places. But perhaps we need to carry out the exact calculation without rounding intermediate steps.

Wait, maybe I should do the exact calculation. Let me recalculate the first part:

0.73 * 0.0538. Let's compute 73 * 538 first, then adjust for decimals. Wait, 73 * 538. Hmm, that might be tedious. Alternatively, maybe use decimal multiplication.

Alternatively, use calculator steps:

0.73 * 0.0538:

Multiply 0.73 by 0.0538:

First, 0.73 * 0.05 = 0.0365

Then 0.73 * 0.0038 = ?

Well, 0.73 * 0.003 = 0.00219

0.73 * 0.0008 = 0.000584

Adding those gives 0.00219 + 0.000584 = 0.002774

Total is 0.0365 + 0.002774 = 0.039274

Then 0.27 * 0.0507:

0.27 * 0.05 = 0.0135

0.27 * 0.0007 = 0.000189

Total is 0.0135 + 0.000189 = 0.013689

Adding both parts: 0.039274 + 0.013689 = 0.052963

So the expected portfolio return is 0.052963. If we convert that to a percentage, it's approximately 5.2963%, which would be 0.052963 as a decimal.

But the question says to present it as a decimal, like 0.05 for 5%. So perhaps we need to round to four decimal places? Let me check if the problem specifies. The original problem says ""as a decimal (e.g. 0.05 for 5%)"". So the example is 0.05 for 5%, which is two decimal places. However, the given returns are 5.38% and 5.07%, which are two decimal places in percentage terms, so three decimal places in decimal form (since 5.38% is 0.0538). Therefore, the answer should probably be given to four decimal places. However, maybe the answer expects rounding to two decimal places? Let me think.

Alternatively, perhaps the exact value is needed. Let me check if there's a simpler way. Let me compute the exact value.

Alternatively, maybe I can use fractions. But that might complicate. Let me check with exact decimal multiplication.

Alternatively, perhaps I should use more precise calculation steps.

Alternatively, maybe I can use the formula:

Expected Return = (0.73 * 5.38%) + (0.27 * 5.07%)

But converting percentages to decimals:

5.38% = 0.0538, 5.07% = 0.0507.

So 0.73 * 0.0538 = ?

Let me compute 0.0538 * 0.73:

Let me write 0.0538 * 0.73:

Multiply 538 * 73 first, then adjust decimal places.

538 * 70 = 37,660

538 * 3 = 1,614

Total is 37,660 + 1,614 = 39,274

Now, since 0.0538 has four decimal places and 0.73 has two decimal places, total decimal places is 4 + 2 = 6. So 39,274 divided by 10^6 is 0.039274.

Similarly, 0.0507 * 0.27:

0.0507 * 0.27 = ?

507 * 27 = ?

500*27=13,500; 7*27=189 → total 13,500 + 189 = 13,689

Decimal places: 0.0507 has four decimal places, 0.27 has two decimal places, total six decimal places. So 13,689 / 1,000,000 = 0.013689.

Adding 0.039274 + 0.013689 = 0.052963.

So the exact value is 0.052963. Now, the question says to present as a decimal. Since the example is 0.05 for 5%, which is two decimal places, but the given returns are in two decimal places as percentages (5.38% and 5.07%), which would translate to four decimal places in decimal form (0.0538 and 0.0507). Therefore, the answer should probably be given to four decimal places. However, maybe the answer is expected to be rounded to two or three decimal places. Let me check if the problem has any specific instructions. The problem says ""as a decimal (e.g. 0.05 for 5%)"". The example is two decimal places, but the given data has more precision. In finance, usually, returns are often presented to two decimal places, but since the inputs are given to two decimal places in percentage terms (like 5.38%, which is two decimal places), converting to decimal would be four decimal places. However, the problem might expect rounding to two decimal places. But since the question doesn't specify, perhaps we need to present the exact value. However, given that the answer should be in a box and likely expects a specific number, maybe we need to check if there's a calculation mistake.

Alternatively, maybe I can compute it using another method. Let me try:

Portfolio return = (Weight A * Return A) + (Weight B * Return B)

So 73% of 5.38% plus 27% of 5.07%. Let me compute each term.

First term: 73% * 5.38% = ?

Convert percentages to decimals: 0.73 * 0.0538 = ?

As before, that's 0.039274.

Second term: 0.27 * 0.0507 = 0.013689.

Total is 0.039274 + 0.013689 = 0.052963.

So the exact value is 0.052963. Now, if we convert this to a percentage, it's 5.2963%. If the question wants the answer as a decimal, then 0.052963. But maybe it's rounded to four decimal places, which would be 0.0530? Or to three decimal places as 0.053? Let me check the exact value.

Wait, 0.052963 is approximately 0.0530 when rounded to four decimal places. Wait, 0.052963 is 0.052963. The fourth decimal place is 9, and the next digit is 6, so rounding up the fourth decimal place would be 0.0530. But if we are to present it as a decimal, maybe the answer expects more precise decimal places. However, since the problem gives the expected returns as two decimal places in percentage terms, perhaps the answer should be presented with four decimal places. But the example given is 0.05 for 5%, which is two decimal places. Maybe the answer should be rounded to two decimal places. Let me compute 0.052963 as a decimal. That's approximately 0.0530, which is 5.30% as a percentage. If rounded to two decimal places, it would be 0.05 (5.00%)? No, wait, 0.052963 is approximately 0.0530, which is 5.30%, so as a decimal, that would be 0.0530. But maybe the problem expects more precise answer. 

Alternatively, perhaps the answer is 0.0530. But I need to check if the calculation is correct. Let me verify once again:

0.73 * 0.0538 = ?

Let me compute 0.73 * 0.0538:

First, 0.7 * 0.0538 = 0.03766

Then 0.03 * 0.0538 = 0.001614

Adding them together: 0.03766 + 0.001614 = 0.039274. Correct.

Then 0.27 * 0.0507:

0.2 * 0.0507 = 0.01014

0.07 * 0.0507 = 0.003549

Adding them: 0.01014 + 0.003549 = 0.013689. Correct.

Total: 0.039274 + 0.013689 = 0.052963. Correct.

So the exact value is 0.052963. If the question expects the answer to four decimal places, it would be 0.0530. However, if they want more precision, it's 0.052963. But given that the original data is in two decimal places as percentages, which is four decimal places in decimal form, perhaps the answer should be 0.0530. Alternatively, maybe the answer is to be given to four decimal places. Let me check the problem statement again. The problem says ""Calculate the expected portfolio return as a decimal (e.g. 0.05 for 5%)."" So the example is 0.05 for 5%, which is two decimal places. However, the given returns are 5.38% and 5.07%, which are two decimal places in percentage terms, so four decimal places in decimal. So the answer should be 0.052963, but perhaps the answer is expected to be rounded to four decimal places. Let me check with the exact calculation. 

If we take 0.052963 and round to four decimal places, the fourth decimal is 9, and the next digit is 6, which is more than 5, so we round up the fourth decimal. But 0.052963 is 0.0529 (fourth decimal is 9) and then 6. Wait, the number is 0.052963. Let me write it out:

0.052963 = 0.0529 (first four decimals) with the fifth decimal being 6. So rounding to four decimals would be 0.0530. Because the fourth decimal is 9, and adding 0.0001 would make it 0.0530. But actually, the number is 0.052963. Breaking it down:

- 0.0529 is up to four decimals, but the fifth is 6. So when rounding to four decimal places, you look at the fifth decimal. So 0.052963 rounded to four decimals is 0.0530. Because the fourth decimal is 9, and adding 0.00006 would make it 0.052963 → 0.0530 when rounded to four decimal places. Wait, no. Let me think:

The number is 0.052963. Let's count the decimals:

- 0.052963

Position 1: 0

Position 2: 5

Position 3: 2

Position 4: 9

Position 5: 6

Position 6: 3

So when rounding to four decimal places, we look at the fifth decimal, which is 6. Since 6 is greater than 5, we round up the fourth decimal. The fourth decimal is 9, so rounding up 9 by 1 would make it 10, which would carry over. So 0.0529 becomes 0.0530 when rounded to four decimal places. Therefore, the answer is 0.0530.

But if the problem expects more precise answer, maybe they want the exact value. However, since the example given is 0.05 for 5%, which is two decimal places, but the answer is likely expected to be more precise. In finance, usually, returns are often presented to two decimal places, but given that the inputs are more precise, perhaps the answer should be given to four decimal places. However, without specific instructions, it's ambiguous. 

Alternatively, maybe the answer is simply 0.0530. Let me check with another approach. Let me compute the exact value using fractions.

Alternatively, perhaps I can use decimal multiplication with more precision. Let me try:

0.73 * 0.0538 = ?

Let me compute 0.73 * 0.0538:

First, 0.73 * 0.05 = 0.0365

0.73 * 0.0038 = ?

Let me compute 0.73 * 0.0038:

0.73 * 0.003 = 0.00219

0.73 * 0.0008 = 0.000584

Adding those gives 0.00219 + 0.000584 = 0.002774

So total for 0.73 * 0.0538 is 0.0365 + 0.002774 = 0.039274

Then 0.27 * 0.0507 = ?

0.27 * 0.05 = 0.0135

0.27 * 0.0007 = 0.000189

Total: 0.0135 + 0.000189 = 0.013689

Adding the two parts: 0.039274 + 0.013689 = 0.052963. So the exact value is 0.052963. 

Since the question says to provide the answer as a decimal, and the example is 0.05 for 5%, which is two decimal places, but the calculation gives 0.052963, which is approximately 0.0530 when rounded to four decimal places. However, if the answer is to be given with more precision, it's 0.052963. But since the problem doesn't specify the number of decimal places, I think the safest is to present the exact value, which is 0.052963. However, in many cases, financial calculations are rounded to four decimal places. But I need to check if there's a standard practice here. 

Alternatively, perhaps the answer is expected to be in four decimal places, so 0.0530. But maybe the problem expects more precise answer. Let me think again. The original returns are given as 5.38% and 5.07%, which are two decimal places in percentage terms, so four decimal places in decimal form. Therefore, the answer should be given to four decimal places. Hence, 0.052963 rounds to 0.0530. However, if the question wants the exact value without rounding, it's 0.052963. 

But the problem says ""as a decimal (e.g. 0.05 for 5%)"". The example is two decimal places, but the calculation requires more precision. Maybe the answer is simply to compute it as 0.052963 and present it with four decimal places. However, since the user might expect the answer to be in a specific format, and given that the inputs are precise, I think it's better to present the exact value. But the problem might have a specific expected answer. Let me check if there's a calculation mistake. 

Wait, let me do the calculation again using another method. Let me convert the percentages to decimals first:

Asset A: 5.38% = 0.0538

Asset B: 5.07% = 0.0507

Weights: 73% = 0.73, 27% = 0.27

Portfolio return = (0.73 * 0.0538) + (0.27 * 0.0507) = ?

Let me compute each term:

First term: 0.73 * 0.0538

Let me compute 0.73 * 0.0538:

Multiply 73 * 538 = 39,274 (as before), then divide by 10^6 (since 0.73 is 73/100 and 0.0538 is 538/10000, so total denominator is 100*10000 = 1,000,000). So 39,274 / 1,000,000 = 0.039274

Second term: 0.27 * 0.0507 = 27 * 507 / 1,000,000 = 13,689 / 1,000,000 = 0.013689

Adding them gives 0.039274 + 0.013689 = 0.052963

So the exact value is 0.052963. Therefore, if the question allows four decimal places, the answer is 0.0530. But if they want more precision, it's 0.052963. However, since the example is 0.05 (which is two decimal places), but the problem might expect more precise answer. 

Alternatively, maybe the answer is supposed to be 0.0530. Let me check with the exact calculation. 

If I use a calculator to compute 0.73 * 0.0538 + 0.27 * 0.0507:

First, 0.73 * 0.0538 = 0.73 * 0.0538. Let me use a calculator step:

0.73 * 0.0538 = 0.039274

0.27 * 0.0507 = 0.013689

Adding them: 0.039274 + 0.013689 = 0.052963. 

Yes, so the exact value is 0.052963. Now, if the answer is to be presented as a decimal, like the example, maybe they expect rounding to two decimal places, which would be 0.05. But that seems too rough. Alternatively, the answer could be 0.0530. 

However, given that the problem provides returns with two decimal places as percentages, and the weights are given as percentages (73% and 27%), it's likely that the answer should be computed precisely and presented with four decimal places. Therefore, 0.052963 is the exact value. But since the user might expect rounding, and in many cases, financial returns are presented to two or four decimal places, but without specific instructions, I think it's safer to present the exact value. However, since the example shows 0.05 for 5%, which is two decimal places, but the calculation requires more precision, perhaps the answer should be given to four decimal places. 

But the problem says ""as a decimal (e.g. 0.05 for 5%)"". The example is two decimal places, but the calculation here requires more. Maybe the answer is expected to be in four decimal places. Let me check with the exact value 0.052963. If I round this to four decimal places, it's 0.0530. If I round to three decimal places, it's 0.053. If I round to two decimal places, it's 0.05. 

But given that the inputs are precise to two decimal places in percentage terms, it's better to provide the answer to four decimal places. Therefore, the answer is 0.0530. However, I should check if the exact value is required. 

Alternatively, maybe the answer is simply 0.0530. But I need to make sure. 

Alternatively, perhaps the answer is expected to be in two decimal places. If I round 0.052963 to two decimal places, it would be 0.05 (since the third decimal is 2, which is less than 5). Wait, no. Wait, 0.052963 is 0.05 (two decimal places) when rounded to two decimal places? No, wait, 0.052963 is approximately 0.0530 when rounded to three decimal places. To two decimal places, it's 0.05 because the third decimal is 2 (0.052...), which is less than 5. Wait, no. Let me clarify:

The value is 0.052963.

To round to two decimal places, look at the third decimal place. The third decimal is 2 (0.052...). Since 2 is less than 5, we round down, so it becomes 0.05. But this seems incorrect because 0.052963 is closer to 0.05 than to 0.06? No, 0.052963 is closer to 0.05 than to 0.06? Wait, no. Wait, 0.052963 is 5.2963%, which is between 5.2% and 5.3%. When rounding to two decimal places, it would be 0.05 (5.00%)? No, that doesn't make sense. Wait, no, 0.052963 is 0.05 when rounded to two decimal places? No, wait, the first decimal place is 0, the second is 5, the third is 2. So, when rounding to two decimal places, we look at the third decimal place, which is 2. Since it's less than 5, we keep the second decimal as is. So 0.052963 rounded to two decimal places is 0.05. But that would mean 5.00%, which is not accurate. But that seems incorrect. Wait, no, because 0.05 is 5.00%, but 0.052963 is 5.2963%, which is 5.30% when rounded to one decimal place. Wait, perhaps there's confusion here. 

Let me clarify: 

- The number is 0.052963.

- If we want to round to two decimal places, it's 0.05 (because the third decimal is 2, so we keep the second decimal as 5).

But that would be 0.05, which is 5.00%, but the actual value is 5.2963%. This seems like a problem. Wait, no. Wait, the number is 0.052963. Let me express it in percentage terms: 5.2963%. To round to two decimal places as a percentage, it would be 5.30%. As a decimal, that would be 0.0530. 

Ah, I see. The confusion arises because the example is given as 0.05 for 5%, which is two decimal places in decimal form. But when you have 5.2963%, converting to decimal is 0.052963. If we want to present it as a decimal with two decimal places, it would be 0.05. But that's not accurate. However, if we present it with four decimal places, it's 0.0530. 

But the problem says ""as a decimal (e.g. 0.05 for 5%)"". The example is 0.05 for 5%, which is two decimal places. But the actual calculation here is 0.052963, which is approximately 0.0530. So if the question expects two decimal places, it would be 0.05, but that's not correct. However, the example might be illustrative, not necessarily indicating the required precision. 

In finance, it's common to present returns to two decimal places in percentage terms. So 5.30% would be 0.0530 as a decimal. But since the original returns are given to two decimal places in percentage terms, the expected portfolio return should also be to two decimal places. Let me recalculate by rounding each step. 

Wait, perhaps the answer should be computed with the given precision. Let me do that:

Asset A return: 5.38% (two decimal places)

Asset B return: 5.07% (two decimal places)

Weights: 73% and 27% (exact percentages, but converted to decimals as 0.73 and 0.27, which are exact).

Portfolio return = (0.73 * 5.38%) + (0.27 * 5.07%) 

Let me calculate each term with two decimal places precision:

First, 0.73 * 5.38% = 0.73 * 5.38 = 3.9274% 

Wait, but that's in percentage terms. Wait, no. Let me clarify. 

If I calculate 0.73 * 5.38% = 0.73 * 5.38 = 3.9274% 

Similarly, 0.27 * 5.07% = 1.3689% 

Adding them: 3.9274% + 1.3689% = 5.2963% 

So the portfolio return is 5.2963%, which as a decimal is 0.052963. 

Now, if we round this to two decimal places as a percentage, it would be 5.30%, which is 0.0530 as a decimal. 

Therefore, the answer should be 0.0530. 

Thus, the expected portfolio return is 0.0530 when rounded to four decimal places, which corresponds to 5.30% as a percentage. 

Given that, I think the answer is 0.0530. 

But to confirm, let me check with the exact calculation. If the question allows four decimal places, then 0.052963 is approximately 0.0530. 

Therefore, the final answer is 0.0530. 

But to ensure, let me check if any calculation mistake occurred. 

Yes, all steps seem correct. So the answer is 0.0530. 

Final Answer: 0.0530

---FINAL---


To calculate the **expected portfolio return**, we use the weighted average of the returns of the individual assets based on their respective weights in the portfolio.

---

### **Step 1: Convert percentages to decimals**

- **Asset A return**: 5.38% → 0.0538
- **Asset B return**: 5.07% → 0.0507
- **Weight of Asset A**: 73% → 0.73
- **Weight of Asset B**: 27% → 0.27

---

### **Step 2: Apply the weighted average formula**

$$
\text{Expected Portfolio Return} = (0.73 \times 0.0538) + (0.27 \times 0.0507)
$$

---

### **Step 3: Perform the calculations**

- $0.73 \times 0.0538 = 0.039274$
- $0.27 \times 0.0507 = 0.013689$

$$
\text{Expected Portfolio Return} = 0.039274 + 0.013689 = 0.052963
$$

---

### **Step 4: Round the result**

Since the input values are given to **two decimal places as percentages**, we should round the final result to **four decimal places** to maintain precision.

$$
0.052963 \approx 0.0530
$$

---

### **Final Answer:**
$$
\boxed{0.0530}
$$"
Q4_K_M,multi_step_sharpe_004,mehrstufig,multi_step_sharpe,A_direct,,0,18540326,False,19.53,1.5823780743321973,False,Final Answer: 19.53,0,10,0.24752919999991718,0,,,eos,server,False,,unklar_manuell_pruefen,"
---FINAL---
Final Answer: 19.53"
Q4_K_M,portfolio_return_002,einfach,portfolio_return,A_direct,,0,2090077880,False,0.052266,0.053,False,Final Answer: 0.052266,0,13,0.28472469999996974,0,,,eos,server,False,,unklar_manuell_pruefen,"
---FINAL---
Final Answer: 0.052266"
Q4_K_M,correlation_003,mittel,correlation,E_financial_budget256,256,0,689133170,False,-0.2999999999999999,-0.30907153054373127,False,Final Answer: -0.2999999999999999$,256,277,5.0692233000008855,0,"Okay, let's see. I need to calculate the correlation coefficient between Asset A and Asset B. Hmm, I remember that the correlation coefficient is related to covariance and the standard deviations of the two assets. Let me recall the formula.

I think the formula for the correlation coefficient (ρ) is covariance divided by the product of the standard deviations of the two assets. So, ρ = Cov(A,B) / (σ_A * σ_B). Let me check if that's right. Yes, covariance measures how the two assets move together, but it's in units that depend on the assets' variances. To make it a dimensionless number between -1 and 1, we divide by the product of their standard deviations.

Alright, so the covariance given is -0.003793. The standard deviation of Asset A is 8.57%, which I should convert to decimal form. Wait, percentages can be tricky. Let me make sure. If the standard deviation is 8.57%, that's 0.0857 in decimal. Similarly, Asset B's standard deviation is 14.32%, so that's 0.1432. 

Wait, but the covariance is given as -",limit,eos,server,False,,unklar_manuell_pruefen,"Okay, let's see. I need to calculate the correlation coefficient between Asset A and Asset B. Hmm, I remember that the correlation coefficient is related to covariance and the standard deviations of the two assets. Let me recall the formula.

I think the formula for the correlation coefficient (ρ) is covariance divided by the product of the standard deviations of the two assets. So, ρ = Cov(A,B) / (σ_A * σ_B). Let me check if that's right. Yes, covariance measures how the two assets move together, but it's in units that depend on the assets' variances. To make it a dimensionless number between -1 and 1, we divide by the product of their standard deviations.

Alright, so the covariance given is -0.003793. The standard deviation of Asset A is 8.57%, which I should convert to decimal form. Wait, percentages can be tricky. Let me make sure. If the standard deviation is 8.57%, that's 0.0857 in decimal. Similarly, Asset B's standard deviation is 14.32%, so that's 0.1432. 

Wait, but the covariance is given as -
---FINAL---
Final Answer: -0.2999999999999999$"
Q4_K_M,sharpe_ratio_001,einfach,sharpe_ratio,A_direct,,0,973423119,False,0.3,0.3031,False,Final Answer: 0.30,0,9,0.21086410000043543,0,,,eos,server,False,,unklar_manuell_pruefen,"
---FINAL---
Final Answer: 0.30"
